Incident ID,Incident Name,Date,Organization,Attack Vector,Vulnerability Exploited,Threat Actor,Asset Affected,Data Compromised ,Detection Method,Response Time,Mitigation Measures,Damage / Loss ($),Recovery Cost,Downtime Duration,Reputation Impact,Regulatory Implications,Validating source,Incident Closure Date,Lessons Learned / Impact
F-0001,Love Bug (ILOVEYOU) Virus,"Monday, 1 May 2000","Affected numerous organizations worldwide, including government bodies and private companies.",Phishing email with a malicious VBScript attachment masquerading as a love letter.,"Human error (phishing susceptibility), weak email security protocols.","Suspected to be Onel de Guzman, a student from the Philippines.","Email systems (Microsoft Outlook), data files on Windows systems.","The virus overwrote files, affected email contacts, and spread further via email address books.","Initial manual detection through user reports, followed by antivirus updates.",Hours,"Antivirus updates, disabling email servers, and educating users to avoid opening attachments.","8,700,000,000",High,Many systems were affected for several days as email services were suspended to stop the spread.,"Affected organizations faced reputation damage, especially those with weak defenses.","Prompted calls for stronger cybercrime laws in affected countries, including the Philippines.","Well-documented by sources such as Norton, BBC News, Symantec.","Initial closure by mid-May 2000, but full recovery took longer.","Emphasized the importance of phishing awareness, email security, and antivirus systems."
F-0002,Mafiaboy DDoS Attacks,"Tuesday, 1 February 2000","Major websites, including Yahoo, CNN, eBay, and others.",DDoS (Distributed Denial of Service) using botnets to overwhelm target websites.,Weak DDoS defenses and lack of traffic filtering on major websites.,"Michael Calce (known as ""Mafiaboy""), a teenage hacker from Canada.","Web traffic infrastructure, causing disruptions to websites' accessibility.","No data was stolen, but websites were rendered inaccessible to users.",Detected through traffic spikes and network monitoring systems.,Hours,"Implementation of better DDoS defenses, traffic filtering, and increased network capacity.","1,200,000,000.00",High,Websites were down for several hours to days depending on the target.,Major websites like Yahoo faced reputational damage due to unpreparedness for DDoS attacks.,Led to a focus on cybersecurity practices for major online services.,"Reported by sources such as ZDNet, CNN, and Wired.","Tuesday, 1 February 2000",Highlighted the need for better DDoS protection and network traffic monitoring.
F-0003,The Melissa Virus,"Monday, 1 March 1999","Numerous organizations, including Microsoft, Intel, and government agencies.",Phishing email with a malicious Word document attachment.,"User gullibility (opening malicious attachments), weak email security.","David L. Smith, an individual from New Jersey, USA.","Email systems, Microsoft Outlook, and personal documents.",Email contact lists and some file overwrites.,Detected through massive email traffic spikes and reports from users.,Hours,"Antivirus updates, email server shutdowns, and educating users.","80,000,000.00",High,"Downtime varied, with email systems offline for days in some organizations.","Affected companies faced reputational damage, especially those lacking strong email security.","Led to cybercrime prosecutions, with David L. Smith sentenced to 20 months in prison.","Sources include Norton, BBC News, and Symantec.","Monday, 1 March 1999",Highlighted the importance of email security and phishing awareness.
F-0004,Yahoo DRDoS Attack,"Tuesday, 1 February 2000",Yahoo,DDoS (Distributed Reflective Denial of Service) using traffic amplification.,Weak server defenses against traffic amplification.,"Unknown, possibly related to the Mafiaboy DDoS attacks.","Web traffic systems, rendering Yahoo’s website inaccessible.","No data compromised, but the website was unavailable for hours.",Detected through server monitoring and traffic analysis.,Hours,"Improved DDoS protection, traffic filtering, and load balancing.","500,000,000.00",Moderate .,Yahoo was down for several hours on the day of the attack.,"Yahoo faced reputational damage as one of the largest websites, seen as vulnerable.",Raised awareness for DDoS protections in tech companies.,"Reported by CNN, ZDNet, Wired and others.","Tuesday, 1 February 2000",Focused on DDoS prevention and website traffic handling.
F-0005,Russian Cyber Gang Bank Heist,"Monday, 1 May 2000",Multiple international banks and financial institutions.,"Targeted hacking, using malware to infiltrate banking systems.",Banking software vulnerabilities and weak authentication protocols.,A Russian-based cybercrime group.,Financial systems and bank accounts.,"Financial data and transactions were tampered with, resulting in unauthorized transfers.",Detected through unusual transaction patterns and security audits.,Weeks,Strengthened banking cybersecurity measures and implemented multifactor authentication.,"10,000,000.00",High,"No significant downtime, but security systems were upgraded, which slowed transactions.","Affected banks faced reputational harm, particularly in terms of customer trust.",Led to tighter financial regulations and cybersecurity audits for banks.,"Reported by BBC News, Financial Times, and cybersecurity blogs.","Tuesday, 1 August 2000",Emphasized the need for robust banking security and continuous transaction monitoring.
F-0006,The LoveLetter Worm,"Monday, 1 May 2000","Affected global organizations, including governments, banks, and corporations.",Phishing email with a VBScript attachment disguised as a love letter.,"Human susceptibility to phishing emails, weak email security protocols.",Alleged to be Onel de Guzman from the Philippines.,"Email systems, files, and contact lists.",The worm overwrote and spread through email contacts.,Detected via user reports and spikes in email traffic.,Hours,"Antivirus patches, email server shutdowns, user education.","8,700,000,000",High,Several days of downtime in affected organizations.,Severe reputation loss for those unprepared for phishing attacks.,Prompted calls for stronger cybercrime laws globally.,"Confirmed by multiple cybersecurity firms like Symantec, BBC, and Norton.","Monday, 1 May 2000",Reinforced the importance of phishing awareness and email security.
F-0007,Stacheldraht DDoS Toolkit,"Saturday, 1 January 2000",Targeted various online service providers and websites.,DDoS Toolkit (Distributed Denial of Service) used to overwhelm networks with traffic.,Weak DDoS defenses in early internet infrastructure.,"Unknown, likely cybercriminal groups.","Network bandwidth, rendering websites and services inaccessible.","No data theft, but service disruptions occurred.",Detected through network monitoring and traffic analysis.,Days,DDoS filtering and improving network capacity to handle the load.,"10,000,000.00",High,Downtime lasted several hours to days depending on the target.,Websites and service providers faced reputational damage due to unavailability.,"No immediate regulatory changes, but raised awareness of DDoS threats.",Documented by cybersecurity researchers and SANS Institute.,"Saturday, 1 January 2000",Raised the importance of DDoS protection and monitoring on the web.
F-0008,The QAZ Worm,"Tuesday, 1 August 2000",Microsoft and multiple organizations around the world.,Network worm spread through open file shares.,Exploited weak network file sharing protocols.,Chinese hacker group,Corporate networks and shared files on Windows systems.,The worm allowed remote access to infected machines.,Detected via network monitoring and user reports of slow systems.,Weeks,"Antivirus updates, network isolation, and patching vulnerable systems.",500000,High,Some systems were offline for days.,"Minimal, though affected companies like Microsoft faced criticism.",No immediate regulations but encouraged better network security practices.,"Confirmed by ZDNet, Symantec, and others.","Tuesday, 1 August 2000",Highlighted the importance of network security and shared file access management.
F-0009,Anna Kournikova Virus,"Tuesday, 1 February 2000","Affected numerous organizations globally, including government agencies and companies.",Phishing email with a malicious attachment disguised as a picture of tennis star Anna Kournikova.,Exploited email systems and human curiosity.,Created by a Dutch hacker named Jan de Wit.,Email systems and files on infected computers.,"No data was stolen, but email contact lists were affected.",Detected through spikes in email traffic and antivirus scans.,Days,"Antivirus updates, email server shutdowns, and user education.",166000,High,Systems were down for several days in some organizations.,"Minor, but demonstrated the ongoing threat of email-based phishing.",Highlighted the need for better email security practices.,"Confirmed by Symantec, Norton, and multiple cybersecurity blogs.","Tuesday, 1 February 2000",Emphasized the importance of phishing awareness and strong email security.
F-0010,Microsoft IIS Vulnerability Exploits,"Thursday, 1 June 2000",Organizations using Microsoft Internet Information Services (IIS).,Exploit of vulnerabilities in the IIS server software.,Multiple vulnerabilities in IIS related to buffer overflows.,Likely cybercriminals or hackers looking to compromise web servers.,Web servers hosting sensitive data.,Sensitive web content and administrative access to web servers.,Detected through security audits and server logs.,Weeks,"Security patches from Microsoft, disabling vulnerable features.",5000000,High,Servers were offline for several hours to days.,Affected organizations faced reputation loss due to compromised web services.,No immediate changes but increased scrutiny on web server security.,"Confirmed by Microsoft, ZDNet, and other security firms.","Thursday, 1 June 2000",Highlighted the need for timely software patching and secure server configurations.
F-0011,Pretty Park Worm,"Monday, 1 May 2000"," Various, globally affected systems","Email-based worm with an executable file named ""Pretty Park.exe""","Weak email attachment filters, user susceptibility to running unknown files",Unknown,"Personal computers, data theft (passwords, system details)"," Passwords, system settings, potentially sensitive data sent to IRC servers",Anomalies in email and network traffic,Days,"Removal of malicious files, restoring registry settings",5000000,High, Hours to days,Public concerns over password theft and system integrity, Increased focus on email security and filtering, Cybersecurity reports and vendor analyses, Mid-2000, Importance of not running unknown executables and updating antivirus
F-0012,Pirus DDoS Attack,"Wednesday, 1 November 2000","High-profile websites, including banks and retailers", Distributed Denial-of-Service (DDoS),Insufficient capacity to handle massive traffic influx,A hacker group targeting high-traffic websites,Web servers and networks, None (service disruption only), Network traffic monitoring,Hours," Web servers were shut down, traffic rerouted",10000000,High, Hours to a day, Websites faced negative publicity due to the attack,Pushed for improved network defense mechanisms, Reports from cybersecurity companies, November 2000, Necessity of robust DDoS defense systems​ (SoftwareLab)
F-0013,VBS/Kakworm,"Saturday, 1 January 2000",Individual systems globally, Visual Basic Script (VBS) delivered via email,Microsoft Outlook’s weak scripting protections,Unknown,"Email systems, networks","System configuration, email addresses",Malicious script detection in emails,Days,Email filtering and patching Microsoft vulnerabilities,5000000,High,Hours to days,Raised concerns over email safety,Increased focus on email security,Reports from security firms,2000-02-01,Need for stricter email filtering​
F-0014,Mypics Worm,"Wednesday, 1 March 2000",Multiple,Email attachment labeled “mypics.exe”,User error (clicking unknown attachments),Unknown,"Email systems, personal computers",Email addresses and contacts,Email filtering systems,Days,Virus removal tools and email system patching,4000000,High,Hours,Concerns over attachment safety,Increased focus on educating users about email security,Cybersecurity reports,Mid-2000,Emphasized user awareness of phishing emails
F-0015,The Pikachu Virus,"Thursday, 1 June 2000","Various individual users, particularly children",Email attachment using Microsoft Outlook,"User error—clicking on an enticing email attachment labeled ""PikachuPokemon.exe""",Unknown,Personal computers running Windows,Risk of deletion of Windows and System folders upon restart,Virus warning systems triggered after the attachment was opened,Hours,Antivirus software updates and manual removal of the malicious file,5000000,Moderate .,Hours for users who had to clean up their systems,Moderate—highlighted risks to children and the need for vigilance in opening attachments,Increased emphasis on protecting children from cyber threats,"F-Secure, Kaspersky",2000-08-01,Importance of educating children about cyber safety and email threats​
F-0016,MTX Virus,"Saturday, 1 July 2000",Various companies and individual users globally,Email attachments containing a malicious EXE file,Email systems with weak filtering and user error (opening attachments),Unknown,Windows-based systems,"Files were encrypted, and system performance was disrupted",Detected via antivirus scans and system behavior anomalies,Days,"Antivirus updates, system patching, and file restoration tools",1200000000,High,Varies between hours and days depending on the response,"Moderate for individuals, but businesses had to handle reputational losses","None significant, but it reinforced the need for stricter email policies",Various cybersecurity reports,2000-08-01,Necessity of regular system updates and email filtering for protection against similar threats​
F-0017,The Kak Worm,"Tuesday, 1 February 2000","Global impact, especially on home users and small businesses",Email-based worm exploiting Microsoft Outlook's vulnerabilities,Lack of security features in Outlook's email preview,Unknown,Windows systems running Microsoft Outlook,"None specifically, but it led to system slowdowns and frequent crashes",Antivirus scans and observation of system anomalies,Hours,"Antivirus patches, disabling email previews, and upgrading Outlook",200000000,High,Hours to days,"Moderate for Microsoft, as this highlighted security weaknesses in Outlook",Increased pressure on email security and antivirus solutions,Multiple cybersecurity firms and reports,2000-03-01,Highlighted the need for improved email security practices and the dangers of opening email attachments from unknown sources​
F-0018,Navidad Virus,"Friday, 1 December 2000","Multiple, including financial firms", ,Email systems,Unknown,"Email systems, networks", , ,Hours,"Antivirus patches, disabling email previews, and upgrading Outlook",5000000,High, , , , , , 
F-0019,Stuxnet Prototype,"Tuesday, 1 August 2000",Primarily targeted Iranian nuclear facilities,"USB drives, zero-day exploits, and infected networked systems",SCADA systems,"Likely nation-states (U.S. and Israel, through Operation Olympic Games)","Industrial control systems, specifically centrifuges used for uranium enrichment",Industrial process data was altered to mislead operators,"Discovered by antivirus firms (VirusBlokAda, Symantec)",Months,"Patching of Windows systems, removal of the infected USB drives",10000000,High,"Months, especially in Iran’s uranium enrichment program","Massive, as it revealed the capability of cyberweapons in global conflicts",Led to discussions on cyberwarfare and the development of international norms,"Symantec, Kaspersky, various government sources",2010 (public discovery),The importance of securing industrial control systems and the potential geopolitical impact of cyberattacks​
F-0020,DoS Attack on eBay,"Thursday, 1 June 2000",eBay,Distributed Denial-of-Service (DDoS),"Web servers overwhelmed by botnet traffic, insufficient capacity for handling such massive loads","Michael Calce (alias Mafiaboy), a 15-year-old Canadian hacker","eBay’s web infrastructure, temporarily taking it offline",None; the attack only aimed to disrupt services,Network monitoring tools detected unusual traffic surges,Hours,"Traffic filtering and rerouting, and adding additional network security defenses",1700000000,High,"A few hours for eBay, but impacts lasted up to a day","Significant, as this raised global concerns about the security of major websites",Accelerated focus on cybersecurity regulations and improved defenses against DDoS attacks,"FBI, multiple cybersecurity reports",July 2000 (legal proceedings followed later),The importance of robust DDoS protections and the growing need for cybersecurity investment​
F-0021,EternalBlue Prototype Exploit,"Friday, 1 September 2000","Prototype exploit, but later targeted organizations worldwide (e.g., WannaCry, NotPetya in 2017)",Exploit (SMB vulnerability in Windows),Microsoft Server Message Block (SMB) protocol vulnerability (CVE-2000-1207),"Unknown at the time, but later attributed to nation-state actors","Windows systems, file shares, and network services","Potential access to sensitive data, but no known widespread compromise in the prototype phase",Discovered by security researchers during the prototype phase,Days,"Microsoft patches (later issued as MS17-010), disabling SMBv1",5000000,High,N/A for prototype,"Significant after real-world exploitation, raising concerns over Windows vulnerabilities","No immediate implications; later, WannaCry attacks led to stronger patch management protocols",Cybersecurity research reports (years later connected to NSA leaks),Prototype not exploited at the time; closure dated years later during major incidents,Importance of patching and vulnerability management
F-0022,Qaz Trojan,"Sunday, 1 October 2000","Multiple organizations worldwide, including individuals and businesses",Trojan (spread via shared network drives and email),"Weak security on shared network drives, user behavior (opening malicious files)",Likely cybercriminal group,"Personal computers, corporate networks",Remote access enabled attackers to steal sensitive information and keystrokes,Antivirus software and network traffic analysis,Days,"Antivirus updates, disabling shared drives, network traffic monitoring",7000000,High,"Short-lived disruptions, ranging from hours to days","Minor, but highlighted the need for stronger network security practices","None directly, but highlighted the risks of Trojans and remote access tools","Antivirus vendor reports, media coverage",Late October 2000,"Importance of securing shared network drives, user education, and strong antivirus measures"
F-0023,Magistr Virus,"Wednesday, 1 March 2000",Multiple,"Email (infected attachments), executable files",User error (opening email attachments),Unknown,"Email systems, files on affected computers","Personal files deleted, email contact lists exploited to spread further",Detected by antivirus software and user reports of file corruption,Days,"Antivirus software updates, warnings to avoid opening suspicious emails",8000000,High,Several hours to days for affected systems,"Minimal, primarily affecting individuals and small businesses",None significant,"Antivirus reports, media outlets",End of March 2000,"Importance of user education on email safety, regular antivirus updates, and backups"
F-0024,MTX Trojan,"Sunday, 1 October 2000",Multiple,Email attachment and infected files spread through network,"User behavior (downloading and running malicious files), email security flaws",Cybercriminal group,"Systems running Windows, email clients","System files affected, remote control enabled for attackers","Antivirus detection, system slowdowns",Days,"Antivirus updates, network monitoring, removal of infected files",5000000,High,"Hours to days, depending on the extent of the infection","Minor, though it emphasized the importance of email security",None directly,"Antivirus companies, media reports",Mid-October 2000,"Email security, careful handling of attachments, and frequent antivirus updates"
F-0025,FunLove Virus,"Wednesday, 1 November 2000",Multiple,File infection (spreading through shared network drives),Inadequate file access controls and weak network security,Unknown individual or group,"Windows systems, shared drives, and files","System files, causing computers to malfunction","Antivirus software, user reports of system crashes and malfunctions",weeks,"Antivirus updates, disabling network file sharing, isolating infected systems",1000000,High,"Several days to weeks, depending on the organization’s response","Moderate impact, raising concerns about network security","None significant, but raised awareness of the risks of shared networks","CERT, antivirus reports, media outlets",Late November 2000,"Importance of securing network shares, restricting file access, and regular updates"
F-0026,Stages Virus,"Thursday, 1 June 2000",Affected individual users and companies,Email attachment (infected file disguised as a joke email),Email systems,Unknown,"Individual systems, email clients, and shared files","No significant data compromised, but email systems were flooded with infected messages",Detected by antivirus software,days,"Antivirus updates, user warnings not to open suspicious emails",5000000,High,"Minimal, a few hours for most users",Minimal; raised awareness about the risks of email attachments,None significant,"Antivirus vendor reports, media outlets",Mid-June 2000,Importance of user education on not opening suspicious emails and keeping antivirus software updated
F-0027,Happy99 Worm,"Tuesday, 1 February 2000","Affected individual users worldwide, particularly email users","Email attachment (infected file ""Happy99.exe"")",User behavior (opening an email attachment),Unknown,"Email systems, networks",No sensitive data compromised; the worm replicated itself and flooded systems,Detected by antivirus software after mass infections,days,Antivirus updates and instructions to avoid opening the attachment,2000000,Low,Minimal; only affected systems that opened the file,"Minimal, but highlighted the need for email security",None directly,"Antivirus reports, media outlets",Late February 2000,Reinforced the importance of user caution when opening email attachments
F-0028,BubbleBoy Virus,"Tuesday, 1 February 2000",Multiple,Email (automatically executed upon viewing in certain email clients like Outlook),Email systems,Unknown,"Email systems, networks",No specific data breaches; system resources used to spread the virus,Antivirus software and user reports of unusual behavior,days,"Microsoft patches, antivirus updates, and user education on disabling ActiveX controls",10000000,Low,"Minimal, a few hours for affected users",Raised awareness about vulnerabilities in email clients,"None directly, but it led to more scrutiny of email client security","Microsoft, antivirus reports",Mid-February 2000,Importance of securing email clients and disabling automatic execution of scripts
F-0029,Irok Virus,"Monday, 1 May 2000",Multiple,Email attachment (infected files),Email systems,Unknown,"Email systems, networks","No sensitive data was compromised, but files were corrupted",Detected by antivirus software after infection spread,days,"Antivirus updates, user education to avoid opening attachments",200000,Low,A few days for affected systems,Minimal but raised awareness of email-based threats,None significant,"Antivirus reports, media outlets",Mid-May 2000,Importance of regular backups and cautious handling of email attachments
F-0030,Kak Worm,"Saturday, 1 January 2000","Multiple, including financial firms",Email (spread via Microsoft Outlook Express),Microsoft Outlook Express' handling of HTML emails,Unknown,"Email clients (Outlook Express), personal systems","No direct data loss, but system performance was degraded",Detected by antivirus software after reports of unusual behavior,days,"Microsoft patches, antivirus updates, disabling HTML emails",1000000,Low,"Minimal, a few hours for most users",Raised awareness about the risks of HTML-based email vulnerabilities,None significant,"Microsoft, antivirus reports, media outlets",Mid-January 2000,Highlighted the importance of securing email clients and disabling HTML features
F-0031,ExploreZip Worm,"Thursday, 1 June 2000","Multiple, including financial firms",Email attachment disguised as a zipped file (.zip) or network share infection.,Weak email attachment filtering and unsecured network shares.,Unknown,"Email systems, networks","Files were overwritten or deleted, resulting in data loss, but no direct data theft.",Detected by antivirus software and through user reports of data loss.,days,"Antivirus patches, shutting down email servers, and educating users not to open suspicious attachments.",1000000,High,"Hours to days, depending on the size of the organization and the extent of infection.","Significant, particularly for companies that experienced prolonged downtime or data loss.",No direct regulatory impact but raised awareness of email and network security.,Documented by antivirus firms such as Symantec and cybersecurity organizations.,Contained within weeks as antivirus patches were widely applied and recovery efforts completed.,"Emphasized the importance of securing email systems, network shares, and regularly updating antivirus software."
F-0032,VBS.LoveLetter.BG,"Monday, 1 May 2000",Multiple,Email attachment disguised as a love letter script (similar to the original ILOVEYOU virus).,Email systems,Unknown,"Email systems, networks",Files were overwritten and deleted; no direct data theft occurred.,Detected by antivirus software and through abnormal email behavior.,days,"Antivirus patches, shutting down email servers temporarily, and warning users about suspicious attachments.",1000000,Moderate,"Hours to a day, depending on the organization’s preparedness.","Minimal, as this was a known variant.",Continued emphasis on email security and filtering attachments.,Documented by antivirus companies such as McAfee and Symantec.,Contained within days as antivirus updates were widely deployed.,Highlighted the need for rapid response to malware variants and continued user education on email security.
F-0033,W95.Hybris.Gen,"Wednesday, 1 November 2000",Multiple,"Internet worm, spread through email and internet downloads.",Email systems,Unknown,"Email systems, networks","System files were infected, causing issues with system performance and stability.",Detected by cybersecurity firms after a surge in infection reports.,days,Antivirus software updates and manual removal tools were developed.,10000000,High,"Hours to days, depending on the severity of infection.","Low impact on large organizations, but individuals and small businesses were heavily affected.","No significant regulatory changes, but raised awareness for keeping systems updated.","Documented by Symantec, McAfee, and other antivirus firms.",Contained within weeks as antivirus solutions were distributed.,Highlighted the need for regular system updates and antivirus protection for individual users.
F-0034,W97M.Melissa.B,"Wednesday, 1 March 2000",Multiple,Email attachment containing a Word macro virus.,Email systems,Unknown,"Email systems, networks",Overloaded email systems and corrupted Word files.,Detected quickly due to its similarity to the original Melissa virus.,days,"Email servers were shut down, antivirus patches were applied, and users were warned not to open unknown attachments.",1000000,Moderate,"Minimal downtime, mostly hours.","Low, as this was a variant of a known virus.",Further raised awareness of the need for stronger email and macro security.,Documented by various cybersecurity firms.,Resolved within a few days.,mportance of keeping antivirus software updated and maintaining macro security.
F-0035,W32.HLLW.Qaz.A,"Tuesday, 1 August 2000",Multiple,Network-aware worm spread via file-sharing on local networks.,Network shares,Unknown,Networked computers,"System configuration files were altered, and backdoors were created, allowing remote access.",Discovered through unusual network traffic and suspicious file changes.,days,Antivirus updates and network security policies were implemented to prevent further spread.,1000000,Low,Hours for most affected networks.,Minimal impact due to the limited scale of infection.,"None, but highlighted the importance of network security and file-sharing controls.",Reports from antivirus firms such as Symantec and McAfee.,Contained within a few days.,Reinforced the need for network security policies and antivirus solutions for smaller organizations.
F-0036,W32.Kriz,"Friday, 1 December 2000",Multiple,File infection; spreads through infected files and network shares.,Email systems,Unknown,"Email systems, networks","The worm deletes data and, in some cases, overwrites the system BIOS, rendering machines unbootable.",Detected by antivirus software after system crashes and file corruption.,days,"Antivirus updates, system recovery, and in severe cases, BIOS re-flashing.",2000000,High,Ranged from a few hours to days for users who experienced BIOS corruption.,"Moderate, with a focus on the importance of updated antivirus protection.",Raised awareness about the need for stronger individual user protections.,Documented by cybersecurity firms like Symantec and news outlets.,"Contained within weeks, though some users faced long-term recovery due to hardware damage.",Importance of keeping antivirus software updated and the risks of BIOS-targeting malware.
F-0037,W32.Navidad,"Sunday, 1 October 2000",Multiple,Email worm spread via executable attachment (.exe).,Email systems,Unknown,"Email systems, networks",Corrupted system files and applications; no direct theft of data.,Detected by users noticing unusual behavior after running the executable file.,days,"Antivirus patches, email server shutdowns, and manual removal.",7000000,Moderate,"Hours to days, depending on the extent of infection.","Hours to days, depending on the extent of infection.",Increased focus on email security protocols.,Documented by major antivirus firms and cybersecurity reports.,Resolved within days as antivirus solutions were deployed.,Highlighted the need for caution when opening executable attachments and the importance of robust email security.
F-0038,W32.Sircam.Worm@mm,"Saturday, 1 July 2000",Multiple,Email worm; spreads via infected attachments and network shares.,Email systems,Unknown,"Email systems, networks","Documents and personal files could be stolen and sent to other users, leading to privacy issues.",Detected by unusual email activity and antivirus alerts.,days,"Antivirus updates, network isolation, and user awareness campaign",1000000,High,"Hours to days, depending on infection severity.",Significant for individuals whose private documents were exposed.,Raised concerns about personal data security and the spread of worms via email.,Documented by cybersecurity firms and news outlets.,"Resolved within weeks, with long-term awareness campaigns.",Reinforced the importance of email security and user caution when handling attachments.
F-0039,W97M.Marker,"Saturday, 1 April 2000",Multiple,Macro virus embedded in Microsoft Word documents.,Email systems,Unknown,"Email systems, networks","Corrupted Word documents, but no direct data theft",Detected by antivirus software and through unusual document behavior.,days,Antivirus software updates and disabling macros in Word.,3000000,Moderate,"Hours to days, depending on how many documents were affected.","Minimal, as this was a common type of attack.","No major changes, but reinforced the need for disabling macros.",Documented by cybersecurity firms and antivirus vendors.,Resolved within days as antivirus updates were deployed.,Importance of disabling macros and maintaining updated antivirus software.
F-0040,W97M.Pri.A,"Tuesday, 1 August 2000",Multiple,Macro virus spread through Word documents.,Email systems,Unknown,"Email systems, networks",Corrupted Word files; no direct data theft.,Detected through unusual document behavior and antivirus alerts.,days,Antivirus software updates and disabling macros in Word.,7000000,Moderate,"Minimal, primarily affecting productivity for a few hours.","Low, as it was a common type of attack.",No major regulatory impact.,Documented by antivirus vendors and cybersecurity firms.,"Contained within days, though some users required longer recovery",Continued emphasis on macro security in Word and the importance of antivirus protection.
F-0041,W32.Nimda.A@mm,"Friday, 1 September 2000",Multiple,"Email attachment, exploiting web server vulnerabilities and network shares.",Email systems,Unknown,"Email systems, networks","Files were modified and deleted, websites were defaced, and network performance was heavily degraded.","Detected through abnormal network activity, infected email attachments, and web server behavior",days,"Patching servers, updating antivirus, and isolating infected networks.",8000000,High,"Several hours to days, depending on the extent of infection.","Significant for affected organizations, particularly web hosting providers and ISPs.",Led to stricter web server security practices and awareness of vulnerabilities.,"Documented by Symantec, McAfee, and news outlets.",Resolved within weeks as patches were distributed and infections contained.,Importance of patching web servers and securing email systems against multifaceted attacks.
F-0042,W32.Badtrans.B@mm,"Wednesday, 1 November 2000",Multiple,Email worm spread through infected attachments.,Email systems,Unknown,"Email systems, networks","Stolen passwords and keystrokes, leading to potential theft of sensitive data.",Detected through unusual email behavior and antivirus alerts.,days,"Updating antivirus software, shutting down infected email servers, and warning users.",3000000,Moderate,"Hours to days, depending on the severity of the infection.",Limited to individual users and small organizations.,Raised awareness for securing email systems but no major regulatory changes.,Documented by Symantec and other antivirus firms.,Contained within days as antivirus updates were deployed.,mportance of securing email attachments and protecting user credentials.
F-0043,Sasser Worm,"Wednesday, 1 November 2000","Multiple, including financial firms",Exploited a vulnerability in Microsoft Windows (LSASS).,Windows vulnerabilities,Sven Jaschan,Networked computers,"No direct data theft, but major disruption due to system crashes.",Detected through system instability and network monitoring tools.,days,Patching the vulnerability and isolating infected systems.,1000000,High,"Hours to days, depending on the organization’s size and the extent of infection.","Significant for affected sectors such as airlines, which experienced flight delays.",Increased focus on patch management and securing systems against worms.,Documented by antivirus firms and news outlets.,Resolved within weeks as patches were fully applied.,Highlighted the importance of timely patching and system monitoring.
F-0044,Nimda Worm,"Friday, 1 September 2000",Multiple,"Multivector attack—spread through email, web servers, and network shares.",Multiple attack vectors,Unknown,Networks,"Corrupted files, defaced websites, and network degradation.",Detected through abnormal network traffic and widespread web server issues.,days,"Patching web servers, isolating infected machines, and deploying antivirus updates.",10000000,High ,"Several days for organizations with large, unpatched networks.",Severe for affected ISPs and web service providers.,Led to stricter web server security practices and monitoring.,Documented by major cybersecurity firms and government agencies.,Resolved within weeks as patches were deployed.,Reinforced the need for patching web servers and securing email systems.
F-0045,FunLove Virus,"Monday, 1 May 2000",Multiple,File infection; spread through infected network shares.,Windows NT vulnerabilities,Unknown,Networked computers,"Corrupted executable files and system files, leading to system crashes and instability.",Detected by antivirus software and through unusual file behavior.,days,Antivirus updates and cleaning infected files.,1000000,Moderate.,"Hours to days, depending on the severity of infection.","Minimal for large organizations, but significant for smaller businesses","No major regulatory impact, but highlighted the need for securing network shares.",Documented by antivirus vendors and cybersecurity firms.,Contained within a few days as antivirus solutions were deployed.,Reinforced the importance of securing network shares and regular antivirus updates.
F-0046,Klez Virus,"Sunday, 1 October 2000",Multiple,Email attachment; exploited flaws in Microsoft Outlook and Outlook Express,Email systems,Unknown,"Email systems, networks","Spread by harvesting and sending email addresses to new victims, but no direct data theft occurred.",Detected by unusual email activity and antivirus software scanning for Klez signatures.,days,"Antivirus software updates, blocking of infected email attachments, and user education on handling suspicious emails.",5000000,High ,"Hours to days, depending on the extent of infection.","Significant impact, particularly in corporate settings where email communication was disrupted.",Increased awareness and push for stricter email security practices.,"Documented by Symantec, McAfee, and numerous other cybersecurity organizations.","Contained within weeks, but it reappeared in multiple variants over the course of several months.","Importance of keeping email software patched, user awareness, and continuously updated antivirus software."
F-0047,VBS.Stages.A,"Tuesday, 1 August 2000",Multiple,"Email attachment (with a Visual Basic Script, .vbs extension).",Email systems,Unknown,"Email systems, networks",Corrupted files and sent itself to the user’s contact list.,Detected through abnormal email activity and antivirus scans for VBS scripts.,days,"Antivirus updates, blocking email attachments with the .vbs extension, and user education.",1000000,Moderate,"A few hours to a day, depending on the organization's readiness.","Low, but reinforced the need for stronger attachment filtering.",No significant regulatory changes but raised awareness for email security.,Documented by major antivirus firms and cybersecurity news outlets.,Resolved within days with antivirus updates.,Emphasized the need for caution when opening email attachments and the importance of email security.
F-0048,Hybris Virus,"Wednesday, 1 November 2000",Multiple,Email-based worm that appended itself to legitimate messages.,Email systems,Unknown,"Email systems, networks","No direct theft, but infected systems were used to send malicious emails to contacts.",Detected by unusual network traffic and antivirus software scans.,days,"Antivirus software updates, blocking suspicious emails, and cleaning infected systems.",10000000,High ,Hours to days depending on infection severity.,"Moderate, particularly for companies dependent on email communication.",Highlighted the need for improved email security and awareness of email-borne threats.,"Documented by McAfee, Symantec, and other cybersecurity firms.",Contained within weeks as antivirus solutions were distributed.,Reinforced the need for keeping antivirus software up to date and securing email systems.
F-0049,Lirva Virus,"Friday, 1 December 2000",Multiple,Email attachments and peer-to-peer file sharing.,Email systems,Unknown,"Email systems, networks","No data theft, but files and system performance were affected due to excessive resource usage",Detected by antivirus software and through unusual system performance degradation.,days,"Antivirus software updates, user education, and network isolation for affected systems.",5000000,Moderate,"Hours to a day, depending on how quickly the virus was detected.",Low; mainly impacted home users and small businesses.,"No major impact, but raised awareness of email and file-sharing risks.",Documented by antivirus companies and cybersecurity reports.,Resolved within days with antivirus updates,Highlighted the risks of peer-to-peer file sharing and the importance of up-to-date antivirus software.
F-0050,Magistr Worm,"Wednesday, 1 March 2000",Multiple,Email attachment and network shares.,Email systems,Unknown,"Email systems, networks",Poor email attachment screening and weak network security,Unknown; believed to be a small group or individual cybercriminal.,days,Corrupted files and emails; no direct data theft.,1000000,Low,"Slow initially due to the worm’s complexity, but eventually mitigated by antivirus solutions.",Significant for businesses that experienced prolonged email outages.,No major regulatory changes but raised awareness for securing email systems.,"Documented by Symantec, McAfee, and other antivirus firms",Contained within weeks as antivirus solutions became widespread.,Highlighted the importance of securing network shares and email systems from malware.
F-0051,MyLife Virus,"Saturday, 1 April 2000",Multiple,"Email attachment (with the subject ""My Life"" and an attached .exe file).",Email systems,Unknown,"Email systems, networks","No direct data theft, but files on infected computers were deleted.",Detected by antivirus programs after the virus was triggered by executing the attachment.,days,"Antivirus software updates, user warnings about opening executable files.",5000000,Moderate,"Hours to a day, depending on the severity of infection",Minimal; mainly affected individual users.,No major regulatory impact but raised awareness of executable attachment risks.,Documented by antivirus companies such as McAfee and Symantec.,Contained within days after antivirus patches were released.,Reinforced the importance of not opening executable files from unknown sources.
F-0052,Netsky Worm,"Tuesday, 1 February 2000",Multiple,"Email worm with an attachment, spread via email and peer-to-peer networks",Email systems,Unknown,"Email systems, networks","No direct data theft, but systems were heavily impacted, causing network slowdowns and spammed inboxes.",Detected through abnormal email behavior and antivirus scanning.,days,"Antivirus updates, network isolation, and disabling of infected email servers.",5000000,High,"Hours to days, depending on infection extent.","Moderate for affected businesses, especially those reliant on email communication.",Raised awareness for the need for stricter email security and spam filters.,"Documented by Symantec, McAfee, and other cybersecurity firms.","Contained within weeks, though several variants of Netsky emerged later.",Emphasized the importance of securing email systems and filtering attachments.
F-0053,ExploreZip Worm,"Thursday, 1 June 2000","Multiple, including financial firms",Email attachment disguised as a zipped file (phishing).,Email systems,Unknown,"Email systems, networks","Files were overwritten or deleted, causing significant data loss.",Detected by antivirus programs and user reports of missing or corrupted files.,days,"Disabling email servers, applying antivirus patches, and user warnings about suspicious attachments.",1000000,High ,"Hours to days, depending on the severity of infection.","Significant, especially for businesses that experienced data loss and email system crashes.",No major regulatory impact but increased corporate focus on email security.,"Documented by Symantec, McAfee, and cybersecurity reports.","Contained within weeks, though recovery efforts for affected data took longer.",Highlighted the need for stronger email attachment screening and user training on phishing risks
F-0054,Happy99 Virus,"Tuesday, 1 February 2000",Multiple,Email attachment (the virus appeared as a fireworks display when executed).,Email systems,Unknown,"Email systems, networks","No data theft; the virus was purely a nuisance, spamming other users via email.",Detected by antivirus software after the virus began sending itself to other users.,days,"Antivirus software updates, user warnings about opening unknown email attachments.",1000000,Low,"Minimal, with most users able to resolve the issue within hours.",Low; mainly affected individual users.,No major regulatory impact.,"Documented by McAfee, Symantec, and antivirus firms.",Contained within days as antivirus solutions were quickly deployed.,Reinforced the need for users to be cautious about opening unknown email attachments.
F-0055,BubbleBoy Virus,"Wednesday, 1 November 2000",Multiple,"Email (the virus was automatically executed when the email was previewed, without needing to open the attachment).",Email systems,Unknown,"Email systems, networks","No direct data theft, but the virus spread itself rapidly via email.",Detected through abnormal email activity and antivirus software.,days,"Antivirus patches, user warnings, and Microsoft patches to address the vulnerability.",10000000,Moderate,"Minimal, with most users able to resolve the issue within a few hours.",Low; mainly affected individual users.,Highlighted the need for software vendors to patch vulnerabilities more quickly.,"Documented by Symantec, McAfee, and cybersecurity news outlets.",Contained within days after antivirus patches were released.,Emphasized the need for patching software vulnerabilities and securing email systems against such automatic execution threats.
F-0056,LoveLetter.BG,"Monday, 1 May 2000",Multiple,Email attachment disguised as a love letter.,Email systems,Unknown,"Email systems, networks","Weak attachment screening, lack of antivirus updates","Unknown, likely the work of a copycat or modification of the original ILOVEYOU virus.",days,"Files were overwritten or deleted, especially multimedia files (e.g., images, music files).",3000000,Low,Relatively quick since organizations had already been alerted to the original virus.,"Antivirus patches, email servers were shut down to contain the spread, and user awareness campaigns were launched.","Moderate, largely due to data recovery efforts and antivirus updates.",Reinforced the need for stronger email security and attachment scanning policies.,Contained within days as antivirus patches were deployed quickly.,"Reinforced the need for constant vigilance against email-borne threats, especially for variants of known malware."
F-0057,PrettyPark Virus,"Monday, 1 May 2000",Multiple,"Email attachment in the form of a .EXE file, disguised as a screensaver or game (often named PrettyPark.exe).",Email systems,Unknown,"Email systems, networks","Stole personal data, including email addresses and contact lists, and sent them to remote servers.",Detected by antivirus companies after abnormal network activity and user reports.,days,"Antivirus patches, user education campaigns on not running unknown .EXE files.",1000000,Moderate,"Minimal, with most users resolving the issue within hours","Low, as it primarily impacted individual users.",Highlighted the need for user education on file safety.,"Documented by antivirus firms like Symantec, McAfee, and cybersecurity news outlets.",Contained within days as antivirus patches were released.,Stressed the importance of not running unknown .EXE files and ensuring antivirus software is up to date.
F-0058,Qakbot Trojan,"Friday, 1 December 2000","Multiple, including financial firms",Trojan horse malware spread through email phishing campaigns and infected websites.,Network vulnerabilities,Unknown,Networked computers,"Stolen banking credentials, personal information, and login credentials.",Detected through unusual bank transactions and network traffic monitoring.,days,"Antivirus updates, stricter network monitoring, patching of infected systems, and user awareness campaigns.",4000000,High.,"Minimal for most organizations, but the impact on personal users’ finances was significant.",Severe for financial institutions affected by the stolen funds.,Led to stricter cybersecurity regulations for financial institutions and banks.,"Documented by financial institutions, antivirus companies, and cybersecurity agencies.",Contained over several months as the trojan remained hidden on many systems.,"Reinforced the need for stronger phishing prevention, network security, and real-time fraud detection in financial institutions."
F-0059,BlueSmurf DDoS Attack,"Sunday, 1 October 2000",Multiple,Distributed Denial of Service (DDoS) attack using spoofed ICMP echo requests (smurf attack variant).,Insufficient DDoS protection,Unknown,Networks,"No direct data theft, but significant service disruption occurred.","Detected through abnormal network traffic, specifically an excessive number of ICMP echo requests.",days,"Network filtering, disabling or limiting ICMP traffic, and rerouting traffic.",1000000,Moderate,"Hours to a day, depending on the size and readiness of the network.",Significant for ISPs and businesses relying on constant internet access.,Highlighted the need for better DDoS defenses at an ISP level.,Documented by network security organizations and ISPs.,"Resolved within hours for most networks, though long-term mitigation efforts continued.",Emphasized the importance of network traffic filtering and preemptive DDoS defenses.
F-0060,Napster DDoS Attack,"Saturday, 1 July 2000",Napster,Distributed Denial of Service (DDoS) attack.,Insufficient DDoS protection,Unknown,Online services,"No data was stolen, but service disruption impacted millions of users.",Detected through network traffic monitoring showing a flood of requests to Napster’s servers.,days,"Traffic rerouting, limiting incoming requests, and upgrading DDoS defenses.",6000000,Moderate,"Hours to a day, with some users experiencing limited access for several days.","Significant for Napster, already under public and legal scrutiny.","None directly related to the attack, though it added to the growing legal pressure on Napster.",Documented by news outlets covering Napster’s rise and fall and cybersecurity firms.,"Resolved within hours, though Napster continued to face operational challenges.","Highlighted the importance of DDoS protection, particularly for high-profile platforms under public scrutiny."
F-0061,Ramen Worm,"Saturday, 1 January 2000",Multiple,"Exploited vulnerabilities in Red Hat Linux 6.2 and 7.0, spreading through insecure services (such as rpc.statd, wu-ftpd, and LPRng).",Linux vulnerabilities,Unknown,Networked computers,"Defaced websites and systems, but no direct data theft; focus was on system compromise.","Detected when web servers were defaced, showing ""Ramen Crew"" messages.",days,"Patch management for affected services, network segmentation, and securing vulnerable systems",1000000,Moderate,"Hours to a day, depending on how quickly patches were applied.","Moderate for affected organizations, especially academic institutions that suffered defacement.",No direct regulatory implications but highlighted the need for better patch management on Linux systems.,"Documented by Red Hat, Linux security forums, and cybersecurity news outlets.",Contained within days after patches were applied.,Highlighted the importance of patching Linux systems and securing open services.
F-0062,Win32.HLLW.Bymer,"Friday, 1 December 2000",Multiple,"Spread through shared folders on Windows systems, exploiting open network shares.",Windows vulnerabilities,Unknown,Networked computers,"Files were not directly stolen, but the worm consumed resources and created backdoors on infected systems.",Detected by antivirus software and through network performance degradation.,days,"Antivirus updates, securing shared folders, and disabling network access for infected machines.",10000000,Moderate,"Hours to a day, depending on the severity of infection.","Minimal, mainly affected home users and small businesses",No direct regulatory changes but raised awareness of the need to secure network shares.,"Documented by major antivirus firms like Symantec, McAfee, and cybersecurity reports.","Resolved within weeks, though the worm persisted on unprotected systems.",Reinforced the importance of securing network shares and the need for robust antivirus protection.
F-0063,Kakworm,"Saturday, 1 January 2000",Multiple,Spread through an email containing an HTML script that exploited a vulnerability in Internet Explorer (Outlook email preview pane).,Email systems,Unknown,"Email systems, networks","No direct data theft, but the worm forwarded itself to contacts and caused system instability.",Detected by antivirus programs and through abnormal email behavior.,days,"Antivirus software updates, disabling email preview panes, and patching Internet Explorer vulnerabilities",1000000,Moderate,"Hours to days, depending on the extent of infection.",Low; mainly affected individual users.,Led to increased emphasis on email security and patching known vulnerabilities in Microsoft software.,"Documented by antivirus companies, cybersecurity agencies, and Microsoft.",Contained within days after patches were applied.,Highlighted the importance of disabling automatic execution of scripts in email and regularly patching software.
F-0064,LoveLetter Virus,"Monday, 1 May 2000",Multiple,"Email attachment disguised as a love letter (""ILOVEYOU""), a social engineering attack.",Email systems,Onel de Guzman,"Email systems, networks","Files were overwritten, corrupted, and in some cases, deleted. No direct data theft occurred.","Detected by users opening infected attachments, followed by antivirus companies responding quickly.",days,"Shutting down email servers, deploying antivirus patches, and warning users about suspicious attachments.",5000000,High,"Hours to days, depending on the infection's extent and the organization's preparedness.","Severe for many large organizations and governments, as the virus disrupted operations worldwide","Led to an increased focus on email security and attachment screening, as well as cybercrime laws.","Documented extensively by news outlets, antivirus firms, and cybersecurity reports.","Contained within weeks, though variants continued to emerge for some time.",Highlighted the dangers of social engineering attacks and the need for user education on email security.
F-0065,Melissa.B Virus,"Wednesday, 1 March 2000",Multiple,Email attachment (Microsoft Word document) containing a macro virus.,Email systems,Unknown,"Email systems, networks","Overloaded email systems, caused data corruption in Word documents.",Detected by antivirus software and through abnormal email traffic behavior.,days,"Antivirus patches, disabling macros in Microsoft Office, and user awareness campaigns.",9000000,Moderate,"Hours to a day, depending on the organization's size and preparedness","Minimal, as this was a known variant and quickly contained.","Continued emphasis on email and macro security, with no significant regulatory changes.","Documented by cybersecurity firms, news outlets, and antivirus vendors.",Contained within days as antivirus solutions were deployed rapidly.,Reinforced the importance of keeping antivirus systems up to date and disabling unnecessary macro functionality.
F-0066,CodeRed Worm,"Saturday, 1 July 2000",Multiple,Exploited a buffer overflow vulnerability in the Microsoft IIS web server.,IIS vulnerabilities,Unknown,Web servers,"No direct data theft, but web pages were defaced and server resources were consumed.","Detected through abnormal traffic to IIS servers and defaced websites with the phrase ""Hacked by Chinese!"".",days,"Patching IIS servers, applying firewall rules, and isolating infected systems.",1000000,High,"Hours to days, depending on how quickly patches were applied.",Significant for companies that had their websites defaced or went offline due to the worm.,Led to increased emphasis on server security and timely patching of critical vulnerabilities.,"Documented by Microsoft, antivirus companies, and cybersecurity reports.","Contained within weeks, but some variants continued to surface.",Emphasized the importance of patch management and securing web servers against buffer overflow attacks.
F-0067,Qaz Trojan,"Tuesday, 1 August 2000",Multiple,"rojan horse, spread through infected executable files on shared network folders.",Network shares,Unknown,Networked computers,"Created a backdoor on infected machines, allowing remote control and access to data.",Detected through unusual network activity and antivirus scans.,days,"Antivirus updates, securing network shares, and isolating infected machines.",10000000,Moderate,"Hours to a day, depending on infection severity.","Low, as it mainly affected individual users and small businesses.",No major regulatory impact but highlighted the need for securing network shares.,Documented by antivirus companies such as McAfee and Symantec.,Contained within weeks as antivirus solutions became available.,Reinforced the importance of securing network shares and regularly updating antivirus software.
F-0068,W97M.Marker,"Saturday, 1 April 2000",Multiple,"Weak macro security in Microsoft Word, with macros being enabled by default.",Email systems,Unknown,"Email systems, networks","Corrupted or infected Word documents, but no direct data theft.",Detected by antivirus software and through abnormal behavior in Word documents.,days,"Disabling macros in Word, updating antivirus software, and educating users.",1000000,Moderate,"Minimal, with most systems restored within hours.","Low, as this was a common type of attack.","No major regulatory impact, but it reinforced the need for better macro security practices.",Documented by antivirus companies like Symantec and cybersecurity firms.,Contained within days as antivirus patches were deployed.,Reinforced the need for macro security and user awareness of malicious documents.
F-0069,PrettyPark Worm,"Monday, 1 May 2000",Multiple,"Email attachment, disguised as a screensaver (.EXE file).",Email systems,Unknown,"Email systems, networks",Stole email contacts and sent itself to other users; also sent system information to remote servers.,Detected by antivirus software and through abnormal email behavior.,days,"Antivirus updates, user education on not running unknown .EXE files.",4000000,Moderate,"Minimal, with most users resolving the issue within hours.","Low, as it primarily affected individual users.","No major regulatory impact, but highlighted the need for user education.",Documented by antivirus firms like McAfee and Symantec.,Contained within days after antivirus patches were released.,Reinforced the need for caution when handling unknown email attachments and executable files.
F-0070,Magistr.B Virus,"Friday, 1 September 2000",Multiple,"Email attachment, spread through infected executable files.",Email systems,Unknown,"Email systems, networks","Corrupted files, email system overloads, and spread to contacts.",Detected by antivirus software and through abnormal email traffic.,days,"Antivirus updates, blocking infected attachments, and educating users on email security.",4000000,High ,"Hours to days, depending on the extent of infection.","Moderate, particularly for businesses that experienced prolonged email system outages.","No major regulatory impact, but highlighted the need for email attachment filtering.",Documented by cybersecurity firms like Symantec and McAfee.,Contained within weeks as antivirus patches became widely available.,Emphasized the importance of securing email systems and regularly updating antivirus protection.
F-0071,FunLove.B Virus,"Wednesday, 1 November 2000",Multiple,Spread through infected executables and network shares.,Windows NT systems,Unknown,Networked computers,"Files were infected, executable files were altered, but no direct data theft occurred.",Detected by antivirus software and through abnormal behavior in file execution.,days,"Antivirus updates, securing network shares, and removing the virus from infected files.",7000000,Moderate,"Hours to a day, depending on the severity of infection","Minimal, as this was a variant of a known virus.","No major regulatory impact, but highlighted the need for securing network shares.",Documented by antivirus companies such as Symantec and McAfee.,Resolved within days as antivirus updates were applied.,Reinforced the importance of securing network shares and regularly updating antivirus software.
F-0072,VBS.LoveLetter.FW,"Monday, 1 May 2000",Multiple,"Email attachment disguised as a love letter, similar to the original ILOVEYOU virus.",Email systems,Unknown,"Email systems, networks","Files were overwritten or deleted, but no direct data theft occurred.",Detected by antivirus programs after widespread reports of suspicious emails.,days,"Antivirus patches, email server shutdowns, and warning users not to open suspicious attachments.",3000000,Moderate,"Hours to a day, depending on the infection extent and how quickly antivirus updates were applied.","Low, as this was a variant of the well-known ILOVEYOU virus.",Continued emphasis on email security and attachment screening.,Documented by antivirus companies such as McAfee and Symantec.,Contained within days as antivirus updates were widely distributed.,Highlighted the importance of rapid response to variants of known malware and user education about phishing.
F-0073,Lirva.B Virus,"Friday, 1 December 2000",Multiple,Email attachment with a malicious executable file.,Email systems,Unknown,"Email systems, networks","No direct data theft, but systems experienced performance degradation and email overload.",Detected by antivirus programs and through unusual email activity.,days,"Antivirus updates, user warnings about opening unknown email attachments.",4000000,Moderate,"Minimal, with most users resolving the issue within hours.","Low, as this was a common type of attack.",No major regulatory impact.,Documented by antivirus companies such as Symantec and McAfee.,Resolved within days as antivirus patches were released.,Emphasized the importance of user awareness when handling email attachments.
F-0074,Navidad.B Virus,"Sunday, 1 October 2000",Multiple,Email attachment in the form of a .exe file with a Christmas-themed icon.,Email systems,Unknown,"Email systems, networks","No direct data theft, but systems were corrupted, and email functionality was disrupted.",Detected by antivirus software and through unusual system behavior after running the executable.,days,"Antivirus updates, user education on avoiding unknown .exe files.",8000000,Moderate,"Minimal, with most users resolving the issue within a few hours.","Low, as this primarily affected individual users.",No major regulatory impact.,Documented by cybersecurity firms and antivirus vendors.,Contained within days after antivirus updates were widely applied.,Stressed the importance of user education regarding email attachments and executable files.
F-0075,ExploreZip.B Worm,"Thursday, 1 June 2000",Multiple,Email attachment disguised as a zip file and spread through network shares.,Email systems,Unknown,"Email systems, networks","Files were overwritten or deleted, causing data loss, but no direct data theft occurred.",Detected by antivirus software and through abnormal file behavior.,days,"Antivirus patches, shutting down email servers, and warning users not to open suspicious attachments.",1000000,High ,"Hours to days, depending on infection extent.",Significant for corporations that experienced data loss or prolonged downtime.,No direct regulatory impact but increased awareness for securing email and network shares.,Documented by antivirus firms like Symantec and cybersecurity organizations.,"Contained within weeks, though some organizations took longer to fully recover lost data.","Highlighted the importance of securing email systems, network shares, and regularly updating antivirus software."
F-0076,Hybris.B Virus,"Wednesday, 1 November 2000",Multiple,Email and Internet-based worm; appended itself to legitimate messages.,Email systems,Unknown,"Email systems, networks","No direct data theft, but it caused widespread network disruption, and users’ email accounts were used to spread the virus.","Detected by unusual email behavior, antivirus software, and network monitoring.",days,"Antivirus updates, network isolation, disabling email previews, and educating users on email security.",2000000,High ,"Hours to days, depending on the extent of infection and organization size.","Moderate, particularly for businesses that relied heavily on email communication.","No direct regulatory impact, but it highlighted the need for improved email security practices.",Documented by major antivirus firms such as Symantec and McAfee.,Resolved within weeks as antivirus updates became widely available.,Reinforced the importance of email security and regularly updating antivirus systems to protect against evolving threats.
F-0077,VBS.Stages.B,"Tuesday, 1 August 2000",Multiple,"Email attachment (Visual Basic Script, .vbs extension).",Email systems,Unknown,"Email systems, networks","Corrupted files and system slowdowns, but no direct data theft occurred.",Detected by antivirus programs and through abnormal email activity.,days,"Antivirus updates, user education on not opening unknown email attachments, and blocking .vbs attachments.",4000000,High ,"Moderate, involving the removal of the virus and restoring affected systems.","Minimal, with most users resolving the issue within a day.","Low, as this was a variant of a known attack.",No direct regulatory impact but highlighted the need for stronger attachment filtering.,Documented by major antivirus firms and cybersecurity news outlets.,Contained within days as antivirus updates were widely distributed.
F-0078,Kak.A Virus,"Saturday, 1 January 2000",Multiple,"Email attachment that automatically executed when viewed in the Outlook preview pane, exploiting a vulnerability in Internet Explorer.",Email systems,Unknown,"Email systems, networks","No direct data theft, but systems were destabilized, and the worm spread through the victim’s email contacts.",Detected by antivirus software and through abnormal email behavior.,days,"Antivirus updates, disabling the email preview pane, and patching Internet Explorer.",4000000,Moderate,"Minimal, with most users resolving the issue within hours.","Low, as this mainly affected individual users and smaller businesses.",Led to increased emphasis on securing email systems and patching known vulnerabilities.,"Documented by Microsoft, antivirus companies, and cybersecurity firms.",Contained within days after antivirus patches were applied.,Reinforced the importance of disabling automatic execution of scripts in email clients and regularly updating software.
F-0079,Sircam Worm,"Saturday, 1 July 2000",Multiple,"Email attachment containing a copy of the worm, spread via email and shared network drives.",Email systems,Unknown,"Email systems, networks","Personal documents could be sent to others without the user’s consent, leading to privacy breaches.","Detected by unusual email activity, antivirus software, and user reports.",days,"Antivirus updates, blocking infected attachments, and securing network shares.",9000000,High,"Hours to days, depending on the extent of infection.","Significant, especially for businesses that had sensitive documents leaked.",Raised awareness about securing email systems and protecting user privacy.,"Documented by major antivirus companies, news outlets, and cybersecurity organizations.",Contained within weeks as antivirus solutions were distributed.,"Highlighted the importance of securing email systems, protecting network shares, and educating users about suspicious attachments."
F-0080,Nimda.B Worm,"Friday, 1 September 2000",Multiple,"Spread through email, web servers, and network shares using multiple vectors.",Multiple attack vectors,Unknown,Networks,"Corrupted files, defaced websites, and spread via network shares and email.","Detected by abnormal network traffic, antivirus software, and web server monitoring.",days,"Patching vulnerable systems, antivirus updates, and isolating infected machines.",2000000,High,"Hours to days, depending on how quickly organizations could respond.",Severe for businesses that suffered prolonged downtime or website defacement.,"Highlighted the need for better web server security, patch management, and email security.","Documented by major cybersecurity firms, news outlets, and government agencies.","Contained within weeks, though long-term cleanup continued for some organizations.","Emphasized the need for securing multiple attack vectors (email, web servers, and network shares) and the importance of timely patching."
F-0081,W32.HLLW.Qaz.B,"Tuesday, 1 August 2000",Multiple,Network-aware worm spread through shared folders and network drives.,Network shares,Unknown,Networked computers,"Created a backdoor on infected machines, allowing remote access; no direct data theft was reported.",Detected by antivirus software and through unusual network traffic.,days,"Antivirus updates, securing network shares, and isolating infected systems.",1000000,Moderate,"Hours to days, depending on the infection's extent and network size.","Low, primarily affected smaller organizations and individual users.",No direct regulatory impact but highlighted the need for securing network shares.,Documented by antivirus companies such as Symantec and McAfee.,Contained within weeks as antivirus solutions were distributed.,Reinforced the need to secure network shares and regularly update antivirus software.
F-0082,PrettyPark.C Worm,"Monday, 1 May 2000",Multiple,Email worm that spread through executable attachments disguised as screensavers.,Email systems,Unknown,"Email systems, networks",The worm sent system and network information to remote servers and spread to the user’s email contacts.,Detected by antivirus software and through unusual system behavior after executing the attachment.,days,"Antivirus updates, user education on avoiding unknown executable files.",6000000,Moderate,"Minimal, with most users able to resolve the issue within a few hours","Low, as this primarily affected individual users.","No direct regulatory impact, but it raised awareness of email security risks.",Documented by antivirus firms like McAfee and Symantec.,Contained within days after antivirus patches were widely distributed.,Reinforced the importance of user education about not opening unknown email attachments.
F-0083,ILOVEYOU.BG Virus,"Monday, 1 May 2000",Multiple,"Email attachment disguised as a love letter, similar to the original ILOVEYOU virus.",Email systems,Unknown,"Email systems, networks",Files were overwritten or corrupted; no direct data theft occurred.,Detected by antivirus programs and through user reports of suspicious emails.,days,"Antivirus patches, email server shutdowns, and warnings to users not to open suspicious attachments.",4000000,Moderate,"Hours to a day, depending on how quickly antivirus updates were applied.","Minimal, as this was a variant of a known virus.",Continued emphasis on email security and attachment screening.,Documented by antivirus companies like Symantec and McAfee.,Contained within days as antivirus updates were widely deployed.,Highlighted the need for rapid response to variants of known malware and user awareness of email threats.
F-0084,Kakworm.B Virus,"Saturday, 1 January 2000",Multiple,"Email worm that exploited a vulnerability in Microsoft Outlook’s preview pane, automatically executing malicious code without user interaction.",Email systems,Unknown,"Email systems, networks","No direct data theft occurred, but the worm spread itself via email and caused system slowdowns.",Detected by antivirus software and through abnormal email activity.,days,"Antivirus updates, disabling the preview pane, and applying patches for the Microsoft vulnerability.",9000000,Moderate,"Minimal, with most users able to resolve the issue within hours.","Low, as this mainly affected individual users and small businesses.",Increased emphasis on securing email systems and patching known vulnerabilities in Outlook.,"Documented by Microsoft, antivirus companies, and cybersecurity firms.",Contained within days after antivirus updates were widely applied.,Highlighted the need for disabling automatic execution of scripts in email clients and regularly patching software vulnerabilities.
F-0085,FunLove.C Virus,"Wednesday, 1 November 2000",Multiple,Spread through infected executable files and shared network folders.,Windows NT systems,Unknown,Networked computers,"Executable files were infected and system resources were consumed, but no direct data theft occurred.",Detected by antivirus software and through abnormal behavior of infected executables.,days,"Antivirus updates, securing network shares, and isolating infected machines.",4000000,Moderate,"Hours to a day, depending on the size of the network and severity of infection.","Minimal, as this was a variant of a known virus and primarily impacted individual users.","No direct regulatory impact, but raised awareness of the need for securing network shares.",Documented by antivirus companies such as Symantec and McAfee.,Resolved within days as antivirus updates were applied.,"Highlighted the importance of securing network shares, keeping antivirus software updated, and preventing the spread of known malware variants."
F-0086,W32.Kriz.B Virus,"Friday, 1 December 2000",Multiple,File-infector virus spread through executable files and shared network folders.,Email systems,Unknown,"Email systems, networks","Corrupted system files, with some cases leading to BIOS corruption, rendering machines unbootable.",Detected by antivirus software and through system crashes and file corruption.,days,"Antivirus updates, cleaning infected systems, and sometimes replacing hardware in the case of BIOS damage.",6000000,High,"Hours to days, depending on the extent of infection and hardware damage.","Moderate, particularly for corporate environments with large-scale infections.","No direct regulatory changes, but increased awareness about the risks of file-infecting viruses.","Documented by major antivirus companies such as Symantec, McAfee, and Kaspersky.",Contained within weeks as antivirus patches were deployed and recovery processes were completed.,"Reinforced the importance of file security, antivirus updates, and protecting BIOS firmware from malicious attacks."
F-0087,BubbleBoy.B Virus,"Tuesday, 1 February 2000",Multiple,"Email worm that activated by simply previewing the email in Microsoft Outlook, without requiring the user to open an attachment.",Email systems,Unknown,"Email systems, networks","No direct data theft, but the worm spread rapidly via email and impacted system performance.",Detected by antivirus programs after abnormal email behavior was noticed.,days,"Antivirus software updates, disabling automatic execution of scripts in email clients, and patching Outlook and Internet Explorer.",3000000,Moderate,"Minimal, with most users able to resolve the issue within hours.","Low, as this mainly affected individual users and small businesses.","No direct regulatory impact, but it emphasized the need for securing email clients and disabling automatic script execution.",Documented by major cybersecurity firms and antivirus vendors such as Symantec and McAfee.,"Resolved within days, with long-term awareness raised about securing email systems.",Highlighted the importance of securing email systems against automatic script execution and keeping antivirus software up to date.
F-0088,Happy99.B Worm,"Tuesday, 1 February 2000",Multiple,"Email attachment that appeared as a harmless fireworks display when executed, but installed the worm in the background.",Email systems,Unknown,"Email systems, networks","No direct data theft, but the worm spread by sending itself to email contacts and caused system slowdowns.",Detected by antivirus software after users experienced performance issues and reported the worm.,days,"Antivirus software updates, user warnings about opening unknown attachments, and disabling automatic attachment execution.",9000000,Low,"Minimal, with most users resolving the issue within a few hours.","Low, as this mainly affected individual users.","No direct regulatory impact, but it raised awareness of the risks of opening executable attachments.","Documented by antivirus firms such as Symantec, McAfee, and others.","Contained within days, with most antivirus vendors providing removal tools quickly.",Emphasized the importance of user education on email attachments and caution when executing unknown files
F-0089,Irok.B Virus,"Monday, 1 May 2000",Multiple,Email attachment containing a Visual Basic Script (.vbs) file.,Email systems,Unknown,"Email systems, networks","No direct data theft, but infected systems experienced file corruption and performance issues.",Detected by antivirus programs and through abnormal system behavior after running the script.,days,"Antivirus updates, user education on not running unknown scripts, and blocking .vbs attachments.",2000000,Moderate,"Minimal, with most users resolving the issue within a few hours.","Low, as it primarily affected individual users and small businesses.",No direct regulatory impact but raised awareness of the risks associated with Visual Basic scripts.,"Documented by antivirus companies like McAfee, Symantec, and cybersecurity organizations.",Resolved within days as antivirus updates were widely deployed.,Emphasized the importance of user caution when handling email attachments and disabling script execution in emails.
F-0090,Kak.C Worm,"Saturday, 1 January 2000",Multiple,"Email worm exploiting a vulnerability in Microsoft Outlook’s email preview pane, automatically executing the worm without user interaction.",Email systems,Unknown,"Email systems, networks","No direct data theft, but the worm spread itself via email and caused system instability.",Detected by antivirus software and through abnormal email activity.,days,"Antivirus updates, disabling automatic execution of scripts in email clients, and patching vulnerabilities in Internet Explorer and Outlook.",3000000,Moderate,"Minimal, with most users resolving the issue within hours.","Low, as this mainly affected individual users and small businesses.","No direct regulatory impact, but it highlighted the need for securing email systems against script-based attacks.","Documented by Microsoft, antivirus companies, and cybersecurity organizations.",Resolved within days as antivirus patches were widely applied.,Reinforced the importance of disabling automatic script execution in email clients and regularly patching known vulnerabilities.
F-0091,ExploreZip.C Worm,"Thursday, 1 June 2000",Multiple,Email attachment disguised as a zipped file (.zip) or network share infection.,Email systems,Unknown,"Email systems, networks","Files were overwritten or deleted, resulting in data loss, but no direct data theft.",Detected by antivirus software and through user reports of data loss.,days,"Antivirus patches, shutting down email servers, and educating users not to open suspicious attachments.",8000000,High,"Hours to days, depending on the size of the organization and the extent of infection.","Significant, particularly for companies that experienced prolonged downtime or data loss.",No direct regulatory impact but raised awareness of email and network security.,Documented by antivirus firms such as Symantec and cybersecurity organizations.,Contained within weeks as antivirus patches were widely applied and recovery efforts completed.,"Emphasized the importance of securing email systems, network shares, and regularly updating antivirus software."
F-0092,VBS.LoveLetter.BH,"Monday, 1 May 2000",Multiple,Email attachment disguised as a love letter script (similar to the original ILOVEYOU virus),Email systems,Unknown,"Email systems, networks",Files were overwritten and deleted; no direct data theft occurred,Detected by antivirus software and through abnormal email behavior.,days,"Antivirus patches, shutting down email servers temporarily, and warning users about suspicious attachments.",2000000,Moderate,"Hours to a day, depending on the organization’s preparedness.","Minimal, as this was a known variant.",Continued emphasis on email security and filtering attachments.,Documented by antivirus companies such as McAfee and Symantec.,Contained within days as antivirus updates were widely deployed.,Highlighted the need for rapid response to malware variants and continued user education on email security.
F-0093,ExploreZip.C Worm,"Thursday, 1 June 2000",Multiple,Email attachment disguised as a zipped file (.zip) or network share infection,Email systems,Unknown,"Email systems, networks","Files were overwritten or deleted, resulting in data loss, but no direct data theft.",Detected by antivirus software and through user reports of data loss.,days,"Antivirus patches, shutting down email servers, and educating users not to open suspicious attachments.",3000000,High,"Hours to days, depending on the size of the organization and the extent of infection.","Significant, particularly for companies that experienced prolonged downtime or data loss",No direct regulatory impact but raised awareness of email and network security.,Documented by antivirus firms such as Symantec and cybersecurity organizations.,Contained within weeks as antivirus patches were widely applied and recovery efforts completed,"Emphasized the importance of securing email systems, network shares, and regularly updating antivirus software."
F-0094,VBS.LoveLetter.BH,"Monday, 1 May 2000",Multiple,Email attachment disguised as a love letter script (similar to the original ILOVEYOU virus),Email systems,Unknown,"Email systems, networks",Files were overwritten and deleted; no direct data theft occurred.,Detected by antivirus software and through abnormal email behavior.,days,"Antivirus patches, shutting down email servers temporarily, and warning users about suspicious attachments",9000000,Moderate,"Hours to a day, depending on the organization’s preparedness.","Minimal, as this was a known variant.",Continued emphasis on email security and filtering attachments,Documented by antivirus companies such as McAfee and Symantec,Contained within days as antivirus updates were widely deployed,Highlighted the need for rapid response to malware variants and continued user education on email security
F-0095,Code Red Worm,"Sunday, 1 July 2001",Multiple,Exploited a buffer overflow vulnerability in the Microsoft IIS web server.,IIS vulnerabilities,Unknown,Web servers,"Unpatched IIS servers, specifically a vulnerability in the indexing service of IIS","Unknown, likely a group of cybercriminals or a sophisticated individual.",days,"No direct data theft, but websites were defaced with the message ""Hacked by Chinese"" and system resources were consumed, leading to denial-of-service (DoS) conditions.",1000000,High,"Hours to days, depending on how quickly patches were applied.",Significant for organizations that experienced website defacement or downtime.,Increased focus on securing web servers and patching vulnerabilities.,"Documented by Microsoft, major antivirus companies, and cybersecurity organizations.",Contained within weeks as patches were applied and systems were secured.,Emphasized the importance of patching vulnerabilities quickly and securing web servers against buffer overflow attacks.
F-0096,Sircam Worm,"Sunday, 1 July 2001",Multiple,Spread via email attachments and network shares.,Email systems,Unknown,"Email systems, networks","Personal documents were sent out via email without user consent, causing privacy breaches",Detected by unusual email behavior and antivirus software scans.,days,"Antivirus updates, securing network shares, and educating users about suspicious attachments",6000000,High,"Hours to days, depending on the severity of infection","Significant, especially for companies or government agencies affected by document leaks.",Highlighted the need for stronger data privacy regulations and email security,Documented by major cybersecurity firms and antivirus vendors like Symantec and McAfee,Resolved within weeks as antivirus updates were applied and network security was improved.,"Emphasized the importance of email security, user education on attachments, and network protection"
F-0097,Nimda Worm,"Saturday, 1 September 2001",Multiple,"Multifaceted attack vector—spread through email, infected web servers, network shares, and existing vulnerabilities",Multiple attack vectors,Unknown,Networks,"Corrupted or deleted files, defaced websites, and compromised network shares.","Detected by antivirus software, abnormal network traffic, and user reports of system slowdowns",days,"Patching vulnerable systems, antivirus updates, isolating infected networks, and securing web servers.",9000000,High,"Hours to days, depending on the extent of infection",Severe for businesses and government agencies that suffered prolonged downtime and website defacements,"Reinforced the need for securing web servers, patch management, and network monitoring.",Documented by major cybersecurity organizations and antivirus firms like Symantec and McAfee,"Resolved within weeks, but long-term cleanup continued for some organizations.","Highlighted the importance of securing multiple attack vectors (email, web servers, networks) and timely patching"
F-0098,Goner Virus,"Saturday, 1 December 2001",Multiple,Email worm with an attachment disguised as a screensaver (scr),Email systems,Unknown,"Email systems, networks","Files were deleted or corrupted, with some reports of personal information loss due to infected systems",Detected by antivirus software and through unusual email behavior,days,"Antivirus updates, blocking infected attachments, and educating users about avoiding suspicious email attachments",10000000,Moderate,"Minimal, with most users resolving the issue within hours","Low, as this mainly affected individual users and small businesses","No major regulatory impact, but it highlighted the need for user education on email attachments","Documented by antivirus firms such as Symantec, McAfee, and cybersecurity reports",Resolved within days as antivirus updates were deployed and user education improved,Emphasized the importance of email attachment filtering and user caution when handling executable files
F-0099,Anna Kournikova Virus,"Thursday, 1 February 2001",Multiple,Email worm disguised as an image of tennis star Anna Kournikova,Email systems,Jan de Wit,"Email systems, networks","No direct data theft, but the worm spread by sending itself to the user’s email contacts.",Detected by abnormal email behavior and antivirus software,days,"Antivirus updates, user warnings about suspicious attachments, and blocking email attachments",8000000,Moderate,"Minimal, with most users resolving the issue within a few hours","Low, as this was considered more of a nuisance than a significant threat","No major regulatory impact, though it raised awareness of the risks of opening unknown email attachments",Documented by antivirus firms and cybersecurity news outlets,Resolved within days as antivirus updates were applied,"Emphasized the need for user education on not opening unknown email attachments, even if they appear enticing"
F-0100,Magistr Virus,"Thursday, 1 March 2001",Multiple,"Email attachment that contained malicious code, spread through email and network shares.",Email systems,Unknown,"Email systems, networks","Files were deleted or corrupted; in some cases, system information was sent to random email contacts",Detected by antivirus software and through abnormal email activity,days,"Antivirus updates, network isolation, and securing email systems",2000000,High,"Hours to days, depending on the extent of infection",Significant for organizations that suffered prolonged downtime or lost sensitive data.,Highlighted the need for stronger email security and attachment screening in businesses.,Documented by major antivirus firms like Symantec and McAfee,"Contained within weeks, though variants of the virus persisted.","Reinforced the importance of email security, network protection, and educating users about the dangers of opening unknown attachments."
F-0101,Hybris Virus,"Thursday, 1 November 2001",Multiple,Email with malicious attachment,Lack of email attachment filtering and user awareness,Cybercriminal group (29A),"Email systems, networks","Overwritten files including images, audio, and documents",User reports and rapid spread observed by IT departments,days,"Disconnecting email servers, deploying antivirus updates, user education",10000000,High,"Ranged from several hours to a few days, depending on the organization",Notable for affected organizations due to operational disruptions,Led to increased focus on email security protocols,Hybris (computer worm) - Wikipedia,Varies; most organizations resolved the incident within a week,"Importance of email security, user training, and prompt patch management"
F-0102,Vote Virus,"Monday, 1 October 2001",Multiple,Email with malicious attachment,Lack of email attachment filtering and user awareness,Cybercriminals,"Email systems, user files, and network resources","Overwritten files including images, audio, and documents",User reports and rapid spread observed by IT departments,days,"Disconnecting email servers, deploying antivirus updates, user education",10000000,High,"Ranged from several hours to a few days, depending on the organization",Notable for affected organizations due to operational disruptions,Led to increased focus on email security protocols,Vote Virus - Snopes,Varies; most organizations resolved the incident within a week,"Importance of email security, user training, and prompt patch management"
F-0103,Badtrans.B Worm,"Thursday, 1 November 2001",Multiple,Email with malicious attachment,Email systems,Cybercriminals,"Email systems, networks","Overwritten files including images, audio, and documents",User reports and rapid spread observed by IT departments,days,"Disconnecting email servers, deploying antivirus updates, user education",5000000,High,"Ranged from several hours to a few days, depending on the organization", , , , , 
F-0104,Homepage Virus,"Tuesday, 1 May 2001",Multiple,Email-based phishing (malicious script within an HTML link),"Weakness in email clients allowing execution of malicious scripts (e.g., Microsoft Outlook, Outlook Express)",Cybercriminal(s) using social engineering techniques,"Individual PCs, corporate email servers, and local file systems","No data breach reported, but the virus replaced system files and spread via email.",Antivirus alerts and user reports of unusual system behavior.,Hours,"Disconnecting infected systems, updating antivirus software, and restoring system files from backups.",2000000,High,Few hours to several days for heavily affected systems.,Moderate; organizations seen as unprepared faced public criticism.,"None directly, but the incident reinforced the importance of stronger email and script security.","Reports from major cybersecurity firms (e.g., Symantec, Trend Micro) and media coverage in May 2001.",Mid-May 2001 (virus activity significantly reduced as antivirus updates were deployed globally).,"Improved email filtering, user awareness training to avoid clicking malicious links, and the importance of updated antivirus solutions."
F-0105,LoveLetter.C Virus,"Thursday, 1 February 2001",Multiple,Email-based phishing with malicious script attachment,Weak email client security and user awareness,Cybercriminals modifying the original ILOVEYOU virus,"Email systems, networks","No data breach reported, but system files were overwritten and emails were spammed to contacts.",Antivirus tools and user reports.,Hours ,"Virus definition updates, email filtering, and disconnecting affected systems.",1000000,Moderate,"A few days for some systems, depending on the extent of infection.","Moderate for affected organizations, as this was a variant of a previously known virus.","None directly, but highlighted the need for improved email security globally.",Reports from antivirus firms like Symantec and Kaspersky.,"February 2001, as infection rates declined after antivirus updates were distributed.",Importance of patching systems and educating users on email threats.
F-0106,LoveLetter.D Virus,"Thursday, 1 February 2001",Multiple,Email phishing with a script-based payload,Poor email client security; exploit of user trust in attachments,Cybercriminals replicating LoveLetter virus code,"Email systems, networks",No data stolen; files corrupted or replaced by the virus.,Antivirus alerts and user reports of unusual file behavior.,Hours ,"Updating antivirus definitions, isolating infected systems, and restoring backups.",3000000,Moderate,Few hours to a few days for some organizations.,Moderate; users became increasingly wary of email attachments.,"None directly, though it encouraged companies to improve their cybersecurity measures.","Symantec, Trend Micro, and independent cybersecurity researchers.",February 2001.,Increased focus on user education and email security policies.
F-0107,PrettyPark.B Worm,"Tuesday, 1 May 2001",Multiple,Email attachment with worm payload,Exploited trust in email attachments and unpatched systems.,Cybercriminals aiming to steal information and disrupt systems.,"Email systems, networks",Some user credentials and internet communication logs were stolen.,Antivirus alerts and abnormal traffic detection.,hours ,"Disconnecting affected systems, updating antivirus tools, and patching vulnerabilities.",3000000,High ,A few days for most affected systems.,"High, as organizations were criticized for weak email security.",Encouraged stricter data protection policies.,Antivirus companies and cybersecurity researchers.,Late May 2001.,"Importance of patch management, email filtering, and monitoring for unusual activity."
F-0108,Klez.E Virus,"Monday, 1 October 2001",Multiple,Email worm with executable attachment,Exploited unpatched email systems and Windows vulnerabilities.,Unknown,"Email systems, networks","Files corrupted, emails sent to contacts.",Antivirus alerts and abnormal email behavior.,Hours,"Antivirus updates, email filtering, and isolating infected systems",8000000,High ,Several days for highly infected systems.,"Moderate, as the attack targeted many unprepared organizations.","None directly, but prompted updates to email security standards.",Reports from antivirus firms and security organizations.,October 2001.,Emphasis on patch management and user education for email safety.
F-0109,Hybris.B Virus,"Thursday, 1 November 2001",Multiple,Worm spreading through email attachments and network shares.,Weak email security and file-sharing protocols.,Unknown,"Email systems, networks",No direct data theft; files were corrupted and systems disrupted.,Antivirus alerts and network traffic monitoring.,Hours,"Updating antivirus software, blocking infected email attachments, and isolating affected systems.",3000000,Moderate,A few days for heavily infected systems.,"Low to moderate, as the attack targeted a broad range of users.","None directly, but highlighted weaknesses in cybersecurity frameworks.",Security firm reports and cybersecurity news outlets.,November 2001.,Strengthened monitoring of email systems and network traffic.
F-0110,Navidad.B Virus,"Monday, 1 October 2001",Multiple,Email-based malware attachment,Email systems,Unknown,PCs and email servers,No data theft reported; system files were rendered unusable.,Antivirus software and reports of unusual system behavior.,days,"Updating antivirus software, isolating affected systems, and restoring files from backups.",6000000,Low ,Hours to a few days depending on infection severity.,"Low, as the virus targeted individual systems rather than high-profile organizations.","None directly, though it reinforced the need for email security measures.",Reports from antivirus firms like Symantec and McAfee.,2001-10-01,Need for user awareness training to avoid opening suspicious attachments.
F-0111,FunLove.B Virus,"Tuesday, 1 May 2001",Multiple,File-based infection spreading through shared folders and networks,Windows NT vulnerabilities,Unknown,"Networked systems, shared folders, and local files",Files were modified or rendered unusable.,Antivirus alerts and unusual network activity.,days,"Antivirus software updates, disabling affected systems, and cleaning shared folders.",1000000,Moderate,Several days for large infected networks.,"Moderate, as the virus exposed weaknesses in network security.","None directly, though it encouraged better network security practices.",Reports from cybersecurity news outlets and antivirus firms.,2001-05-01,Strengthened network security and file access controls.
F-0112,VBS.Stages.B,"Wednesday, 1 August 2001",Multiple,Email phishing with a malicious script attachment,Email systems,Unknown,"Email systems, networks",Files overwritten; no sensitive data theft reported.,Antivirus alerts and abnormal file behavior.,Hours ,"Antivirus updates, file cleanup, and email filtering enhancements.",10000000,Moderate,A few days for most infected systems.,"Low to moderate, as the virus targeted general users rather than high-profile organizations.","None directly, though it highlighted weaknesses in email security practices.",Antivirus firms and cybersecurity reports.,2001-08-01,Strengthened email filtering and awareness campaigns.
F-0113,Kak.B Virus,"Monday, 1 January 2001",Multiple,Email-based malware exploiting Microsoft Outlook vulnerabilities,Email systems,Unknown,"Email systems, networks",No data theft reported; email disruptions were the primary impact.,Antivirus software alerts and user reports.,Hours ,"Patching systems, updating antivirus software, and isolating infected systems.",9000000,Minimal,A few hours to a day for most cases.,"Low, as the virus primarily targeted individual users.","None directly, though it emphasized the need for patch management.",Cybersecurity firms and antivirus reports.,2001-01-01,Importance of keeping systems updated and educating users about email threats.
F-0114,Sircam.A Worm,"Sunday, 1 July 2001",Multiple,Email worm with attachment,Weak email client security and untrained users,Unknown cybercriminals,"PCs, email servers, and shared files",Some sensitive documents sent out without authorization.,Antivirus software and abnormal email behavior.,Hours ,"Updating antivirus definitions, removing the worm, and improving email security protocols.",1000000000,High,Several days for infected organizations.,High for organizations affected by leaked data.,Highlighted the importance of email security in protecting sensitive data.,Reports from antivirus firms like McAfee and Symantec.,2001-07-01,Need for stronger email security and user training.
F-0115,Badtrans.A Worm,"Thursday, 1 November 2001",Global impact on businesses and individuals,Email-based phishing with an attachment,Email systems,Unknown,"Email systems, networks",Email credentials and sensitive information stolen.,Antivirus software and reports of credential theft.,days,"Improved email filtering, patching vulnerabilities, and alerting users.",9000000,High.,A few days for most organizations.,High for businesses impacted by stolen credentials.,Reinforced the need for email security to protect sensitive information.,Reports from antivirus firms and cybersecurity experts.,2001-11-01,Strengthened email and credential protection measures.
F-0116,Magistr.B Virus,"Thursday, 1 March 2001",Individuals and businesses globally,Email-based malware spreading through attachments and network shares,Unpatched email clients and lack of user awareness,Unknown,"PCs, email systems, and shared network folders",No significant data theft; files and emails disrupted,Antivirus software and abnormal system behavior,weeks,"Antivirus updates, isolating affected systems, and patching email clients",6000000,Medium ,Days to weeks in some cases,"Moderate, as it exposed weak security practices","None directly, but it emphasized better email security",Antivirus firms and cybersecurity news,2001-03-01,Importance of keeping email systems updated and educating users
F-0117,Homepage.B Virus,"Tuesday, 1 May 2001",Multiple,Email-based malware attachment,Email systems,Unknown,"Email systems, networks",Files overwritten and systems disrupted,Antivirus software alerts and unusual file behavior,Days,"Antivirus updates, file cleanup, and improving email filters",5000000,Moderate,Hours to a few days,Low; the virus targeted individual systems,None directly,Reports from Symantec and other cybersecurity firms,2001-05-01,Need for user awareness and stronger email security measures
F-0118,FunLove.C Virus,"Thursday, 1 November 2001",Multiple,File-based infection spreading through shared folders and networks,Windows NT vulnerabilities,Unknown,Networked computers,No data theft; files corrupted or rendered inaccessible,Antivirus detection and network monitoring,Days,"Antivirus updates, file cleanup, and network isolation",10000000,High ,Several days,"Moderate, as it exposed vulnerabilities in network security",None directly,Cybersecurity reports and antivirus firms,2001-11-01,Strengthened network monitoring and access controls
F-0119,Goner.B Virus,"Saturday, 1 December 2001",Multiple,Email-based malware spread via attachments,Email systems,Unknown,"Email systems, networks",No theft reported; system disruptions were the primary effect,Antivirus alerts and unusual system behavior,Days,"Antivirus software updates, cleaning infected systems, and email filtering",80000000,Minimal ,Hours to a day,Low,None directly,Reports from security firms,2001-12-01,Need for improved email filtering and user awareness training
F-0120,Klez.G Virus,"Monday, 1 October 2001",Multiple,Email worm with malicious attachments,Email systems,Unknown,"Email systems, networks","Minimal, primarily operational disruptions",Antivirus and monitoring systems,Hours,Antivirus updates and system cleanup,"10,000,000", Moderate,Days for larger organizations,"Moderate, especially in business contexts",Reinforced best practices for email filtering,Antivirus firms,2001-10-01,Improved email system hygiene
F-0121,Klez.H Virus,"Monday, 1 October 2001",Multiple,Email worm spreading through malicious attachments,Email systems,Unknown,"Email systems, networks",Minimal; primarily caused operational disruptions,Antivirus detection and abnormal email traffic,Days,"Antivirus updates, email filtering, and user training","8,000,000",Medium,Several days for some organizations,Moderate for businesses that experienced significant disruptions,Reinforced best practices for email security,Antivirus firms and cybersecurity reports,2001-10-01,Highlighted the importance of robust email security and regular employee awareness training
F-0122,LoveLetter.E Virus,"Thursday, 1 February 2001",Multiple,Email-based malware disguised as a love letter,Email systems,Unknown,"Email systems, networks",Minimal; focused on file overwriting and spreading itself,Antivirus alerts and reports of unusual email traffic,Days,"Isolated infected systems, updated antivirus definitions, and educated users","9,000,000",Low ,Hours to a day for most organizations,Minimal,None directly,Security firm reports,2001-02-01,Reinforced the need for user training on email-based threats
F-0123,LoveLetter.F Virus,"Thursday, 1 February 2001",Multiple,Email-based malware with deceptive subject lines,Email systems,Unknown,"Email systems, networks",Minimal; targeted file destruction and self-replication,Antivirus alerts and reports of unusual file behavior,Hours,"Updated antivirus software, isolated infected systems, and educated users","2,000,000",Low ,Hours to a day,Minimal,None directly,Reports from cybersecurity firms,2001-02-01,Importance of educating users about email-based attacks
F-0124,PrettyPark.C Worm,"Tuesday, 1 May 2001",Multiple,Email-based worm disguised as a legitimate file,Email systems,Unknown,"Email systems, networks",Email addresses and credentials stolen,Antivirus alerts and network monitoring,Days,Antivirus software updates and network traffic analysis,"3,000,000",Low ,Hours to a day,Minimal,None,Reports from antivirus companies,2001-05-01,Highlighted the need for improved email security
F-0125,Hybris.C Virus,"Thursday, 1 November 2001",Global impact on individuals and small businesses,Weak email security and poor user awareness,Weak email security and poor user awarenes,Unknown,"Email systems, networks",Minimal; operational disruptions were the primary effect,Antivirus detection and email filtering,Days,"Antivirus updates, isolating infected systems, and improving email security","8,000,000",Moderate,Days,Low,Reinforced best practices for email hygiene,Cybersecurity reports and antivirus firms,2001-11-01,Need for continuous updates to antivirus software and better user training
F-0126,Navidad.C Virus,"Monday, 1 October 2001",Multiple,Email-based worm disguised as a legitimate executable,Weak email attachment filtering and user trust,Unknown,"Email systems, networks",Minimal; mainly operational disruptions,Antivirus software and unusual email activity,Days,"Antivirus updates, isolating infected systems, and improving email security practices","10,000,000",Moderate,Hours to a day,Minimal,None directly,Security firm reports,2001-10-01,Need for regular user training and robust email security measures
F-0127,Magistr.C Virus,"Thursday, 1 March 2001",Multiple,Email-based worm that spread through attachments,Email systems,Unknown,"Email systems, networks",Limited; some credentials and sensitive files compromised,Antivirus detection and network monitoring,Hours,"Antivirus updates, quarantining infected systems, and applying email security protocols","10,000,000",Moderate,Moderate,Minimal,None,Reports from antivirus firms,2001-03-01,Highlighted importance of endpoint protection and user education
F-0128,Sircam.C Worm,"Sunday, 1 July 2001",Multiple,Worm spread through malicious email attachments,Email systems,Unknown,"Email systems, networks",User documents and potentially sensitive files,Antivirus software and unusual email activity,Days,"Antivirus updates, network monitoring, and isolating affected systems",10000000,Medium,Days,Minimal,Highlighted need for improved email hygiene,Security research and antivirus reports,2001-07-01,Reinforced the importance of email security awareness
F-0129,Badtrans.C Worm,"Thursday, 1 November 2001",Multiple,Worm spread through email with links to malicious websites,Email systems,Unknown,"Email systems, networks",Minimal; primarily operational disruptions,Antivirus alerts and increased network activity,Hours,"Antivirus updates, isolation of infected systems, and improved email filtering",8000000,Low,Hours,Minimal,None,Reports from cybersecurity firms,2001-05-01,Importance of combining email and web filtering
F-0130,Homepage.C Virus,"Tuesday, 1 May 2001",Multiple,File infection via shared networks,Email systems,Unknown,"Email systems, networks",Limited; focused on system disruption,Antivirus alerts and network monitoring,Hours,"Updated antivirus software, network isolation, and endpoint protection",9000000,Moderate,Hours to days,Minimal,Reinforced network security standards,Antivirus company reports,2001-11-01,Highlighted the need for robust network and endpoint defenses
F-0131,FunLove.D Virus,"Thursday, 1 November 2001",Multiple,Email worm with malicious attachments,Windows NT vulnerabilities,Unknown,Networked computers,Minimal; primarily disrupted operations,Antivirus detection and unusual network activity,Hours,"Antivirus updates, email filtering, and user education",2000000,Moderate,Days,Minimal,Highlighted importance of email security,Security research reports,2001-12-01,Reinforced best practices for email hygiene
F-0132,Goner.C Virus,"Saturday, 1 December 2001",Multiple,Email worm with malicious attachments,Email systems,Unknown,"Email systems, networks",Limited; operational disruptions,Antivirus alerts and unusual network activity,Hours,"Antivirus updates, isolating infected systems, and user education",3000000,Moderate,Hours to days,Minimal,None,Security reports from antivirus firms,2001-12-01,Emphasized the importance of user education and strong email hygiene practices
F-0133,Klez.I Virus,"Monday, 1 October 2001",Multiple,Email-based worm,Email systems,Unknown,"Email systems, networks",User documents and some sensitive data,Antivirus software and network anomalies,Hours,"Antivirus patches, isolating infected systems, and email filtering",8000000,Moderate,Hours to days,Minimal,None,Reports from cybersecurity organizations,2001-10-01,Highlighted need for advanced email filtering and endpoint protection
F-0134,Klez.J Virus,"Monday, 1 October 2001",Multiple,Email worm that propagated through spoofed addresses,Email systems,Unknown,"Email systems, networks",Minimal,Antivirus tools and analysis of spoofed email patterns,Hours,"Isolating systems, updating antivirus software, and network monitoring",10000000,Moderate,Hours,Minimal,None,Reports from antivirus companies,2001-10-01,Improved email authentication protocols were identified as critical
F-0135,LoveLetter.G Virus,"Thursday, 1 February 2001",Multiple,Email with malicious script attachment,Email systems,Unknown,"Email systems, networks",Minimal; mainly file destruction,Antivirus alerts and suspicious email activity,Hours,"Antivirus updates, improved user awareness, and email filtering",1000000000,Low ,Hours,Minimal,None,Security firm publications,2001-02-01,Importance of restricting executable email attachments
F-0136,PrettyPark.D Worm,"Tuesday, 1 May 2001",Multiple,Spread via email with malicious file attachment,Email systems,Unknown,"Email systems, networks",Minimal,Antivirus detection and analysis of unusual email activity,Hours,"Isolating infected systems, updating antivirus definitions, and user awareness campaigns",9000000,Moderate,Hours,Minimal,None,Security analysis and incident reports,2001-05-01,Reinforced importance of user training and endpoint protection
F-0137,Hybris.D Virus,"Thursday, 1 November 2001",Multiple,Email worm that utilized encryption to evade detection,Email systems,Unknown,"Email systems, networks",Minimal; focused on disruption, Antivirus detection of worm variants,Hours,"Improved antivirus engines, network monitoring, and quarantining infected systems",5000000,Moderate,Hours to a day,Minimal,Reinforced antivirus update standards,Antivirus firm reports,2001-11-01,Emphasized need for heuristic-based antivirus solutions
F-0138,Navidad.D Virus,"Monday, 1 October 2001",Multiple,Email attachment disguised as a Christmas greeting.,Email systems,Unknown,"Email systems, networks",No direct data theft; disrupted execution of .exe files.,Presence of a blue eye icon in the system tray; error messages indicating missing files.,Days,Removal of the worm using antivirus tools; restoration of affected system files.,10000000,Low,"Typically a few hours to a day, depending on the user's technical proficiency.",Limited; affected users were primarily individuals and small businesses.,None reported.,Antivirus company reports and user testimonials.,2001-10-15 (approximate).,Importance of not opening unsolicited email attachments and maintaining updated antivirus software.
F-0139,Magistr.D Virus,"Thursday, 1 March 2001",Multiple,Email with infected attachments; network shares.,Unpatched systems; weak network security protocols.,Unknown,Windows-based systems; executable files.,Potential overwriting of files; possible BIOS corruption.,Unusual system behavior; antivirus alerts.,Days,System isolation; use of specialized removal tools; BIOS re-flashing in severe cases.,80000000,High,Ranged from hours to several days.,Moderate; affected organizations faced operational challenges.,None reported.,Reports from cybersecurity firms and affected organizations.,2001-03-15 (approximate).,"Necessity of regular system updates, robust network security, and comprehensive incident response plans."
F-0140,Sircam.D Worm,"Sunday, 1 July 2001",Multiple,Email with infected attachments; network shares.,User susceptibility to social engineering; inadequate email filtering.,Unknown,"Email systems, networks",Unauthorized disclosure of personal documents; potential data deletion.,Unsolicited emails from known contacts; antivirus alerts.,Days,Email filtering; system scans; user education.,20000000,High,Typically a few hours to a day.,Moderate; concerns over data privacy.,Potential legal implications due to data breaches.,Cybersecurity firm analyses and incident reports.,2001-07-15 (approximate).,"Importance of email security, user awareness, and data protection measures."
F-0141,Badtrans.D Worm,"Thursday, 1 November 2001",Multiple,Email-based worm exploiting a vulnerability in Microsoft Outlook and Outlook Express,Email systems,Unknown,"Windows-based systems, primarily affecting email clients and installing a keystroke logger.","Captured keystrokes, including sensitive information like passwords and credit card numbers",Unusual email activity; antivirus alerts; detection of unauthorized data transmissions.,Days,"Updating antivirus definitions, applying security patches, and educating users about email security.",5000000,High,"Ranged from several hours to days, depending on the organization's response.",Moderate; raised concerns about email security and data privacy.,None reported.,Reports from cybersecurity firms and affected organizations.,2001-11-15 (approximate).,"Importance of applying security patches promptly, maintaining updated antivirus software, and user education on email threats."
F-0142,Homepage.D Virus,"Tuesday, 1 May 2001",Multiple,"Email with subject line ""Homepage"" containing an infected attachment.",Email systems,Unknown,"Email systems, networks",No direct data theft; disrupted execution of .exe files.,Unusual system behavior; antivirus alerts.,Days,Removal of the worm using antivirus tools; restoration of affected system files.,2000000,Low,"Typically a few hours to a day, depending on the user's technical proficiency.",Limited; affected users were primarily individuals and small businesses.,None reported.,Antivirus company reports and user testimonials.,2001-05-15 (approximate).,Importance of not opening unsolicited email attachments and maintaining updated antivirus software.
F-0143,FunLove.E Virus,"Thursday, 1 November 2001",Multiple,File-infecting virus spreading via network shares and infected files.,Windows NT vulnerabilities,Unknown,Windows-based systems; executable files.,No direct data theft; infected files and potential system instability.,Antivirus alerts; detection of unusual file modifications.,Days,System scans with updated antivirus software; isolation of infected systems; restoration of affected files.,4000000,High,"Typically a few hours to a day, depending on the extent of infection.",Limited; primarily operational disruptions without significant public impact.,None reported.,Reports from cybersecurity firms and affected organizations.,2001-11-15 (approximate).,"Importance of network security, regular system scans, and user education on safe file handling."
F-0144,Goner.D Virus,"Saturday, 1 December 2001",Multiple,"Spread via email attachments with the subject ""Hi.""",Email systems,Four Israeli college students.,"Email systems, networks","None directly stolen, but significant data corruption occurred.",Antivirus software alerts and network traffic anomalies.,Days,Quarantining infected machines and restoring files from backups,80000000,Moderate,Varied from hours to days.,Minimal; organizations mostly avoided public backlash.,None reported,News reports and cybersecurity analyses.,2001-12-15,Importance of user education on email attachments and deploying stronger email security protocols.
F-0145,Klez.K Virus,"Monday, 1 October 2001",Multiple,Mass-mailed via Microsoft Outlook; infected systems automatically sent the virus to other contacts.,Email systems,Likely an independent hacker or group from Asia,"Email systems, networks",Random file deletions and corruption; no specific data theft.,Alerts from antivirus systems and user reports of missing files.,Days,"Updated antivirus software, restored files, and email client upgrades.",5000000,High.,1–3 days on average,"Moderate, particularly for educational institutions affected.",None reported,Reports from affected organizations and antivirus firms.,2001-10-15,Regular system patches and proactive malware detection are critical.
F-0146,Klez.L Virus,"Monday, 1 October 2001",Multiple,Similar to Klez.K but introduced an updated payload targeting file deletion.,Email systems,Unknown,"Email systems, networks",Significant file deletions and corruptions.,Same as Klez.K—antivirus alerts and unusual email activity.,Days,Same as Klez.K; additional emphasis on securing shared networks.,5000000,High,1–3 days on average.,Moderate; similar concerns as Klez.K.,None.,Antivirus reports and expert analyses.,20 October 2001.,The need for coordinated patching strategies and employee training on phishing.
F-0147,LoveLetter.H Virus,"Thursday, 1 February 2001","Targeted the Philippines' telecom networks, as well as European offices of Microsoft and various Asian companies.","Email with the subject ""ILOVEYOU"" and a malicious VBScript attachment.",Weak email systems with inadequate filters for malicious scripts.,"Onel de Guzman from the Philippines, who created the LoveLetter series of viruses.","Email servers, personal computers, and corporate networks.",Overwritten files; no direct theft of data but significant corruption.,Antivirus updates and manual detection after widespread reports., weeks ,"Email filtering, script blocking, and restoration of overwritten files from backups.",10000000,High,Hours to weeks depending on the organization,"Severe for affected companies, especially those slow to respond.",Highlighted the need for stronger international cyber laws.,Multiple cybersecurity reports and public disclosures.,2001-03-01,Proactive email filtering and user education on phishing
F-0148,PrettyPark.E Worm,"Tuesday, 1 May 2001",Multiple,Email worm spreading through address books in Outlook and ICQ.,Email systems,Unknown,"Email systems, networks",ICQ credentials and personal user data,Alerts from antivirus software and reports of compromised credentials.,Days,"Virus scanning, quarantining infected systems, and changing compromised passwords.",3000000,Moderate,Minimal; most systems restored within a day.,Limited; most users blamed outdated software rather than organizations.,Highlighted the need for better personal security awareness,Security firm reports and case studies.,May 2001.,Improved software updates and proactive detection methods
F-0149,Hybris.E Virus,"Thursday, 1 November 2001",Multiple,Email attachments and infected websites.,Email systems,Likely a hacker group from Eastern Europe.,"Email systems, networks",Passwords and other sensitive data collected through phishing.,Network monitoring tools and user reports., weeks ,"Antivirus updates, password resets, and system patches.",400000,High,1–2 days for most organizations.,"Moderate, particularly for ISPs affected.",Sparked conversations on ISP responsibilities for email security.,Reports from cybersecurity firms and affected organizations,December 2001.,  Importance of user awareness and network-level defenses.
F-0150,Navidad.E Virus,"Monday, 1 October 2001",Multiple,Email with malicious attachment,Email systems,Unspecified individual or group behind mass email propagation.,"Email systems, networks","None directly, but system operability was severely disrupted.","Security alerts from antivirus tools (e.g., McAfee).",Days,"System restoration, disabling executable email attachments, applying antivirus patches.",3000000,Medium,Varies; most organizations experienced delays in email services.,Minimal due to lower severity compared to other attacks of the time,None reported.,Multiple reports by McAfee and cybersecurity blogs.,Late October 2001.,Enhanced email filtering and attachment scanning protocols.
F-0151,Magistr.E Virus,"Thursday, 1 March 2001",Multiple,Infected email attachments and shared network folders.,Email systems,Unknown,"Email systems, networks",User documents (corrupted or deleted).,Antivirus detection logs., weeks ,"Manual removal scripts, antivirus updates.",10000000,High,Several days for affected institutions.,Moderate for organizations failing to protect data.,None specific.,Cybersecurity incident records.,March 2001.,Proactive email monitoring and regular data backups
F-0152,Sircam.E Worm,"Sunday, 1 July 2001",Multiple,Email with malicious attachment; unprotected network shares.,Email systems,Unknown,"Email systems, networks",Sensitive corporate and government documents leaked inadvertently via email.,"Network monitoring, antivirus logs.", weeks ,"System patches, email scanning.",1000000000,Medium,1–2 weeks for some organizations.,Significant for entities with exposed sensitive data.,Data privacy concerns in affected regions.,Incident reports from Bitdefender and antivirus firms.,August 2001.,Network segmentation and robust email screening measures.
F-0153,Badtrans.E Worm,"Thursday, 1 November 2001",Multiple,Phishing email with infected attachment targeting Microsoft Outlook vulnerabilities.,Email systems,Unknown,"Email systems, networks","Keystrokes, passwords, credit card details of affected users.",Antivirus alerts and network anomaly detection.,Hours,"Immediate email quarantine, patch updates, and user education.",3000000,High,Several hours to 2 days for email systems.,Moderate; concerns about email security raised.,None reported.,Industry reports and technical analyses from security firms.,2001-11-15 (approximate).,"Importance of email filtering, patching systems, and end-user education."
F-0154,Homepage.E Virus,"Tuesday, 1 May 2001",Multiple,"Malicious email attachment disguised as ""Homepage"" link.",Email systems,Likely opportunistic malware creators targeting disruption.,"Email systems, networks",None; primarily system disruptions.,User reports of performance issues and antivirus software alerts,Days,"Antivirus updates, file cleanup, and training campaigns.",3000000,Medium,Typically 6-12 hours for affected systems.,Minimal; localized operational concerns.,None reported.,Incident reports and security firm analyses.,2001-05-10 (approximate).,Importance of email security awareness and regular antivirus updates.
F-0155,FunLove.F Virus,"Thursday, 1 November 2001",Multiple,Network-based file-infecting virus spreading through shared folders.,Windows NT vulnerabilities,Unknown,Networked computers,No direct data theft; files corrupted and operational downtime experienced.,Antivirus scans and unusual file behavior,Hours,"Network isolation, antivirus deployment, and restoring backups.",3000000,High,Typically 1-2 days per organization.,Low; mostly internal disruptions.,None reported.,Reports from affected organizations and cybersecurity experts,2001-11-20 (approximate).,Strengthen network permissions and ensure robust antivirus deployment.
F-0156,Goner.E Virus,"Saturday, 1 December 2001",Multiple,"Email with executable attachment, often disguised as a screensaver.",Email systems,Believed to be an independent cybercriminal or small hacking group.,"Email servers, user systems, and network performance.",No direct theft; operational disruptions caused by the virus.,"Unusual email patterns, antivirus scans, and system logs.", hours ,"Email quarantine, antivirus updates, and user education.",80000000,High,Between 1–3 days for most organizations.,Moderate; highlighted email security vulnerabilities.,None reported.,Reports from affected organizations and cybersecurity firms.,2001-12-15 (approximate).,"The need for robust email filtering, user training, and timely patch updates."
F-0157,Klez.M Virus,"Monday, 1 October 2001",Multiple,Mass email worm exploiting unpatched vulnerabilities in Microsoft Outlook.,Lack of email attachment filtering and outdated antivirus software.,Unknown,"Email systems, networks",Included emails and personal files of infected users.,Antivirus detection and reports of unusual system behavior., hours ,"Network isolation, antivirus updates, and email quarantine.",500000000,High,Ranged from 2–5 days for major organizations.,High; exposed the importance of patch management and antivirus updates,None reported.,Reports from affected entities and cybersecurity analysis.,2001-10-15 (approximate).,Critical need for timely patch management and robust email filtering.
F-0158,Klez.N Virus,"Monday, 1 October 2001",Multiple,Email with malicious attachment exploiting vulnerabilities in Outlook.,Outdated email clients and poor user awareness.,Unknown,"Email systems, networks",User email communications and local file data.,Antivirus detection and user reports of anomalies., days ,"Antivirus updates, system scans, and user education.",750000000,High,3–7 days for some organizations.,High; increased focus on enterprise cybersecurity practices.,None reported,Cybersecurity reports and forensic investigations.,2001-10-20 (approximate).,Importance of proactive patching and stronger antivirus protocols.
F-0159,LoveLetter.I Virus,"Thursday, 1 February 2001",Multiple,"Email worm with a malicious attachment labeled ""ILOVEYOU.""",Email systems,Unknown,"Email systems, networks",Overwritten personal and business files.,User reports and antivirus warnings., hours ,"Email quarantine, antivirus updates, and file restoration.",3000000,High,3–5 days for major companies.,Severe; raised global awareness about email security.,Legal action in the Philippines against alleged perpetrators.,Global reports and cybersecurity firm data.,2001-02-28 (approximate).,"Need for email filtering, user training, and stronger cybersecurity laws."
F-0160,PrettyPark.F Worm,"Tuesday, 1 May 2001",Multiple,"Email attachment spreading the virus, with self-updating capability through plugins.",Email systems,Unknown,"Email systems, networks",User credentials and email data.,Antivirus scans and unusual network activity logs,Hours,"Antivirus updates, system scans, and network isolation.",100000000,Medium,1–2 days for affected systems.,Low to moderate.,None reported.,Reports from organizations and cybersecurity firms.,2001-05-15 (approximate).,Importance of user education and updated antivirus measures.
F-0161,Hybris.F Virus,"Thursday, 1 November 2001",Multiple,"Email attachment spreading the virus, with self-updating capability through plugins.",Email systems,Unknown,"Email systems, networks",No direct data compromise; focused on operational disruption.,Antivirus alerts and network activity anomalies.,Days,"Blocking infected emails, patching vulnerabilities, and antivirus updates.",10000000,Medium,1–3 days for affected systems.,Low to moderate.,None reported.,Reports from ISPs and cybersecurity firms.,2001-11-15 (approximate).,Highlighted the need for dynamic antivirus solutions to counter evolving threats.
F-0162,Navidad.F Virus,"Monday, 1 October 2001",Multiple,Malicious executable disguised as a festive greeting email attachment.,Email systems,Unknown,"Email systems, networks",No data theft reported; focused on operational disruption.,Antivirus alerts and network activity anomalies., hours ,Quarantining infected emails and deploying antivirus updates.,1000000,Low,1–2 days for affected systems.,Minimal; mostly seen as a minor nuisance.,None reported.,Incident analysis by cybersecurity firms and affected organizations.,2001-10-07 (approximate).,Reinforced the importance of email attachment filtering and user training
F-0163,Magistr.F Virus,"Thursday, 1 March 2001",Multiple,Email worm spreading through malicious attachments and exploiting contact lists.,Email systems,Believed to be an advanced cybercriminal group.,"Email systems, networks",Personal and sensitive files on infected systems.,Antivirus scans and incident reports from users.,Days,"Email filtering, antivirus updates, and file recovery efforts.",150000000,High,3–5 days for affected organizations.,High; highlighted systemic vulnerabilities.,None reported.,Cybersecurity incident reports and forensic analyses.,2001-03-15 (approximate).,Emphasized the need for regular backups and endpoint protection.
F-0164,Sircam.F Worm,"Sunday, 1 July 2001",Multiple,Email worm spreading via infected attachments and exposed sensitive files.,Email systems,Unknown,"Email systems, networks",Included personal and sensitive organizational files.,Antivirus alerts and file analysis, hours ,"Email quarantining, network isolation, and user education.",1000000000,High,2–4 days for many organizations,High; highlighted risks of sensitive data exposure.,None reported.,Cybersecurity reports and impacted organizations,2001-07-15 (approximate).,Reinforced the need for robust data protection and email security protocols.
F-0165,Badtrans.F Worm,"Thursday, 1 November 2001",Multiple,Email worm with malicious attachments exploiting Outlook vulnerabilities.,Email systems,Likely independent cybercriminals targeting financial information.,"Email systems, networks",User credentials and email communications.,Antivirus detection and user reports,Days,"Blocking infected emails, antivirus updates, and user education",5000000,Medium,2–3 days for affected systems.,Moderate; emphasized the need,None reported.,Reports from ISPs and cybersecurity firms.,2001-11-07 (approximate).,Highlighted the importance of secure email practices and updated systems.
F-0166,Homepage.F Virus,"Tuesday, 1 May 2001",Multiple,Malicious email attachments redirecting victims to a harmful webpage.,Email systems,Cybercriminal group seeking to distribute malicious payloads.,"Email systems, networks",No direct data theft reported; operational disruption and browser tampering.,Antivirus alerts and reports of unusual browser behavior,Days,"Blocking malicious emails, updating antivirus software, and patching browsers",5000000,Low,1–2 days for affected systems.,Minimal; seen as a manageable nuisance.,None reported.,Reports from cybersecurity firms and ISPs.,2001-05-10 (approximate).,Reinforced the need for robust email filters and browser patching.
F-0167,FunLove.G Virus,"Thursday, 1 November 2001",Multiple,Self-replicating virus spread via file-sharing networks and infected executables.,Windows NT vulnerabilities,Unknown,Networked computers,No direct compromise; corruption of critical system files.,Antivirus scans and system performance issues.,Hours,"Isolating infected devices, restoring corrupted files, and deploying antivirus updates.",7000000,Medium,2–4 days for affected systems.,Moderate; highlighted weaknesses in file-sharing protocols.,None reported.,Cybersecurity reports and forensic analyses.,2001-11-10 (approximate).,Stressed the importance of endpoint protection and secure file-sharing practices
F-0168,Goner.F Virus,"Saturday, 1 December 2001",Multiple,Email worm with an attachment claiming to be a screensaver.,Email systems,Unknown,"Email systems, networks",No data theft reported; operational disruptions and device downtime.,Antivirus alerts and user reports of unusual activity.,Hours,"Quarantining infected emails, updating antivirus definitions, and isolating affected devices.",80000000,High,1–3 days for affected systems.,High; emphasized the need for user awareness and better email defenses.,None reported.,Incident reports from cybersecurity firms and affected organizations,2001-12-10 (approximate).,Highlighted the need for stronger attachment scanning protocols and user education.
F-0169,Klez.O Virus,"Monday, 1 October 2001",Multiple,Email worm exploiting Microsoft Outlook vulnerabilities,Email systems,Unknown,"Email systems, networks",No direct compromise; operational disruptions.,Antivirus detection and network monitoring.,Days,"Email filtering, antivirus updates, and system reboots.",25000000,Medium,2–3 days for many organizations.,Moderate; exposed email security flaws.,None reported.,Cybersecurity reports and impacted organizations,2001-10-10 (approximate).,Emphasized the need for secure email practices and updated software
F-0170,Klez.P Virus,"Monday, 1 October 2001",Multiple,"Email worm with polymorphic capabilities, exploiting Outlook vulnerabilities.",Email systems,Unknown,"Email systems, networks",Limited data leakage; focused on disruption and resource exhaustion.,Antivirus alerts and email activity monitoring.,Days,"Quarantining infected emails, updating security policies, and isolating networks.",40000000,High,2–5 days for the worst-hit organizations.,Significant; raised awareness about email security vulnerabilities.,None reported.,Incident reports and antivirus company data.,2001-10-07 (approximate).,Stressed the need for regular email security training and software updates.
F-0171,LoveLetter.J Virus,"Thursday, 1 February 2001",Multiple,"Malicious email attachments titled ""I LOVE YOU"" targeting user curiosity.",Email systems,Independent cybercriminal spreading malware for disruption.,"Email systems, networks",No direct data theft; extensive corruption of local files.,Antivirus detection and unusual activity monitoring., hours,"Isolating email systems, restoring infected devices, and deploying antivirus updates.",8700000,Medium,2–3 days for affected organizations.,Moderate; highlighted weaknesses in email security.,None reported.,Reports from antivirus companies and affected organizations.,2001-02-10 (approximate).,Emphasized the need for robust email filtering and employee training.
F-0172,PrettyPark.G Worm,"Tuesday, 1 May 2001",Multiple,Worm distributed via email attachments and IRC channels.,Email systems,Script kiddies exploiting known vulnerabilities.,"User devices, email systems, and communication platforms.",No confirmed breaches; primarily operational disruption.,Network activity monitoring and antivirus alerts.,Days,"Blocking infected emails, patching systems, and restoring impacted files.",8000000,Low,1–2 days for most organizations.,Low; seen as a nuisance rather than a severe threat.,None reported.,Reports from ISPs and cybersecurity firms.,2001-05-07 (approximate).,Reinforced the need for proactive monitoring and endpoint security.
F-0173,Hybris.G Virus,"Thursday, 1 November 2001",Multiple,Email and network shares; disguised as legitimate attachments.,Weak file execution policies and user awareness gaps.,Unknown,Endpoint devices and local networks.,No significant breaches; system files corrupted.,Antivirus tools and anomalous network activity.,Days,"Quarantining infected devices, restoring corrupted files, and updating antivirus software.",9500000,Medium,3–4 days for affected networks.,Moderate; highlighted network security gaps.,None reported.,Incident analyses from antivirus companies.,2001-11-12 (approximate).,Stressed the importance of regular endpoint monitoring and user training.
F-0174,Navidad.G Virus,"Monday, 1 October 2001",Multiple,Email worm disguised as a screensaver attachment.,Email systems,Cybercriminal group seeking mass disruption.,"Email systems, networks",No direct breaches; operational delays from infected devices.,Antivirus alerts and user reports of performance issues.,Hours,"Quarantining infected emails, patching vulnerabilities, and restoring affected systems.",6000000,Low,2–3 days for affected systems.,Low; seen as a manageable incident.,None reported,Incident reports and forensic analyses.,2001-10-07 (approximate).,Reinforced the need for email security improvements.
F-0175,Magistr.G Virus,"Thursday, 1 March 2001",Multiple,Malicious email attachments exploiting Microsoft vulnerabilities,Email systems,Unknown,"Email systems, networks",Limited theft; focused on file corruption.,Antivirus scans and email traffic analysis.,Hours,"Quarantining infected systems, patching vulnerabilities, and restoring data.",80000000,Medium,1–2 days for affected organizations.,Moderate; exposed flaws in email and endpoint security.,None reported.,Incident reports from affected entities.,2001-03-07 (approximate).,Highlighted the importance of regular email client updates.
F-0176,Sircam.G Worm,"Sunday, 1 July 2001",Multiple,"Malicious email attachments with vague file names, enticing users to open them",Email systems,Cybercriminal group aiming to disrupt operations and exfiltrate data.,"Email systems, networks","Partial data leaks, including internal documents and contact lists.",High email traffic alerts and antivirus tools.,Hours,"Blocking infected emails, isolating networks, and deploying patches.",1000000000,High,3–5 days for heavily affected organizations.,Significant; highlighted email security flaws.,None reported.,Reports from cybersecurity agencies and antivirus firm,2001-07-10 (approximate).,Stressed the importance of email filtering and real-time network monitoring.
F-0177,Badtrans.G Worm,"Thursday, 1 November 2001",Multiple,Email with malicious attachments or embedded links.,Weak user authentication and unpatched email clients.,Unknown hacker spreading malware to steal credentials and disrupt systems,"Email systems, networks",Login credentials and limited internal data leaked.,Unusual login attempts and antivirus scans.,Days,"Resetting passwords, blocking infected emails, and restoring affected devices",10000000,Medium,2–3 days for affected networks.,Moderate; raised concerns about credential security.,None reported.,Reports from affected organizations and antivirus companies,2001-11-07 (approximate).,Emphasized the need for multi-factor authentication and email filtering.
F-0178,Homepage.G Virus,"Tuesday, 1 May 2001",Multiple,Malicious email links claiming to redirect to a homepage.,Email systems,Independent hacker aiming for mass disruption.,"Email systems, networks",No confirmed breaches; primarily operational disruption.,Antivirus scans and user reports of abnormal behavior., hours ,"Blocking emails, patching vulnerabilities, and restoring affected systems.",7000000,Low,1–2 days for most organizations.,Low; seen as a nuisance rather than a severe threat.,None reported.,Reports from IT teams and antivirus companies.,2001-05-07 (approximate).,Highlighted the importance of URL filtering and user education
F-0179,FunLove.H Virus,"Thursday, 1 November 2001",Multiple,File-sharing networks and email attachments.,Windows NT vulnerabilities,Unknown,Endpoint devices and shared file servers.,No data theft; system files corrupted.,File integrity monitoring and antivirus tools.,Days,"Restoring corrupted files, patching systems, and updating antivirus software.",8000000,Medium,3–4 days for affected networks.,Moderate; exposed weaknesses in file-sharing protocols.,None reported.,Reports from antivirus companies and affected entities.,2001-11-12 (approximate).,Stressed the importance of monitoring shared file access and system updates
F-0180,Goner.G Virus,"Saturday, 1 December 2001",Multiple,Email attachments and instant messaging links.,Email systems,Unknown,"Email systems, networks",Limited internal documents and credentials leaked.,Antivirus alerts and unusual login attempts.,Hours,"Quarantining infected devices, resetting credentials, and restoring systems.",12000000,Low,2–3 days for affected organizations.,Significant; raised concerns about instant messaging security.,None reported.,Incident reports from affected organizations.,2001-12-07 (approximate).,Highlighted the need for attachment scanning and real-time monitoring.
F-0181,Klez.Q Virus,"Monday, 1 October 2001",Multiple,Malicious email attachments disguised as legitimate files.,Weak email filtering and outdated antivirus signatures.,Cybercriminals targeting data theft and operational disruption.,"Email systems, networks",Login credentials and internal communication logs.,Antivirus alerts and unusual email activity., hours,"Quarantining infected emails, patching antivirus software, and resetting credentials.",10000000,High,2–4 days for severely affected organizations.,Moderate; raised concerns about email security.,None reported.,Incident reports from affected organizations and cybersecurity firms.,2001-10-08 (approximate).,Stressed the importance of regular email security training and real-time monitoring.
F-0182,Klez.R Virus,"Monday, 1 October 2001",Multiple,Email attachments with fake sender addresses.,Email systems,Unknown,"Email systems, networks",Limited; focused more on disruption than exfiltration.,Antivirus logs and high-volume email activity., hours,"Blocking infected emails, patching vulnerabilities, and restoring affected devices.",9000000,Medium,1–3 days for most organizations.,Low; seen as a nuisance rather than a critical threat,None reported.,Reports from IT teams and antivirus vendors.,2001-10-07 (approximate).,Emphasized the need for email spoofing detection and timely software updates.
F-0183,LoveLetter.K Virus,"Thursday, 1 February 2001",Multiple,"Email attachments with enticing subject lines (e.g., ""I Love You"").",Email systems,Cybercriminals aiming for mass disruption and credential theft.,"Email systems, networks",Internal communication logs and limited user credentials.,Antivirus alerts and suspicious email activity reports., hours,"Blocking infected emails, resetting credentials, and updating antivirus databases.",15000000,Low,3–5 days for heavily impacted organizations.,Moderate; exposed vulnerabilities in email systems.,None reported.,Reports from antivirus firms and cybersecurity agencies.,2001-02-07 (approximate).,Highlighted the need for robust email filtering and user awareness programs
F-0184,PrettyPark.H Worm,"Tuesday, 1 May 2001",Multiple,Malicious email attachments and file-sharing platforms,Lack of user awareness and weak attachment filtering.,Independent hacker aiming for mass disruption.,"Endpoint devices, email servers, and network bandwidth.",No significant data theft; primary impact was system slowdown and operational disruption.,Antivirus logs and abnormal email traffic., hours,"Blocking infected emails, restoring affected systems, and updating antivirus signatures.",5000000,Medium,1–3 days for heavily affected organizations.,Low; seen as a nuisance rather than a severe threat.,None reported.,Incident reports from affected organizations and antivirus vendors.,2001-05-05 (approximate).,Stressed the importance of user training and real-time monitoring of email traffic.
F-0185,Hybris.H Virus,"Thursday, 1 November 2001",Multiple,Email attachments and peer-to-peer file sharing.,Outdated operating systems and lack of real-time antivirus scanning.,Unknown hacker spreading malware to corrupt files and disrupt networks.,Endpoint devices and file-sharing systems.,No significant data breaches reported.,Antivirus alerts and network activity monitoring.,Hours,"Quarantining infected systems, patching vulnerabilities, and restoring corrupted files.",7000000,High,2–4 days for affected systems.,Low; impact limited to operational delays.,None reported.,Reports from cybersecurity firms and affected organizations.,2001-11-07 (approximate).,Highlighted the importance of regular system updates and real-time monitoring
F-0186,Navidad.H Virus,"Monday, 1 October 2001",Multiple,Malicious email attachments with enticing filenames.,Email systems,Unknown,"Email systems, networks",No confirmed data breaches; primarily operational disruption,Antivirus alerts and abnormal email activity.,Hours,"Quarantining infected emails, updating antivirus databases, and restoring affected systems.",6000000,Medium,1–2 days for most organizations,Low; seen as a nuisance rather than a critical threat.,None reported.,Reports from antivirus vendors and affected entities,2001-10-05 (approximate).,Emphasized the need for email security training and proactive monitoring.
F-0187,Magistr.H Virus,"Thursday, 1 March 2001",Multiple,Infected email attachments and unauthorized file transfers.,Email systems,Independent hacker aiming for mass disruption and email hijacking.,"Email systems, networks",Limited; focused on spreading the virus rather than data theft.,Antivirus alerts and anomalous email activity logs.,Hours,"Quarantining infected systems, blocking affected email accounts, and restoring data.",8000000,Medium,2–4 days for most affected organizations,Low; impact seen primarily as an operational nuisance.,None reported.,Incident reports from affected organizations and antivirus vendors.,2001-03-05 (approximate).,Emphasized the need for robust attachment scanning and user awareness programs.
F-0188,Sircam.H Worm,"Sunday, 1 July 2001",Multiple,Malicious email attachments with enticing subject lines.,Email systems,Unknown,"Email systems, networks",Some personal files and email credentials exfiltrated.,Antivirus alerts and unusual email activity reports.,Days,"Quarantining infected systems, resetting credentials, and blocking malicious emails.",12000000,High,3–5 days for heavily affected organizations.,Moderate; highlighted email security weaknesses.,None reported.,Reports from cybersecurity firms and affected organizations.,2001-07-07 (approximate).,Stressed the importance of robust email security tools and proactive monitoring.
F-0189,Badtrans.H Worm,"Thursday, 1 November 2001",Multiple,Email attachments exploiting user trust.,Lack of real-time email scanning and outdated software.,Cybercriminals attempting to harvest user credentials.,"Email systems, networks",Some email credentials and limited sensitive information exfiltrated.,Antivirus alerts and abnormal email activity logs.,Hours,"Blocking infected emails, quarantining affected devices, and resetting passwords.",10000000,Low,2–3 days for most organizations.,Low; seen primarily as a nuisance.,None reported.,Incident reports from affected organizations and cybersecurity firms.,2001-11-05 (approximate).,Highlighted the need for proactive email filtering and timely software updates.
F-0190,Homepage.H Virus,"Tuesday, 1 May 2001",Multiple,Email attachments posing as legitimate updates.,Email systems,Unknown,"Email systems, networks",No confirmed data breaches; focused on spreading the virus.,Antivirus alerts and unusual email traffic.,Days,"Quarantining infected systems, updating antivirus databases, and restoring backups.",6000000,Medium,1–3 days for heavily affected systems.,Low; seen as a nuisance rather than a critical threat.,None reported.,Reports from antivirus firms and affected organizations.,2001-05-05 (approximate).,Stressed the importance of proactive email filtering and user awareness.
F-0191,FunLove.I Virus,"Thursday, 1 November 2001",Multiple,Infected files spread through shared drives and removable media.,Lack of updated antivirus software.,Unknown,Networked computers,No significant data breach reported; focused on disruption.,Antivirus software alerts and unusual network activity.,Hours,"Isolating infected devices, updating antivirus, and restoring files.",3000000,High,1–2 days for most affected organizations.,Low; seen as a minor disruption.,None reported.,vAntivirus reports and incident data from affected organizations.,2001-11-03 (approximate).,Stressed the importance of regularly updating antivirus software.
F-0192,Goner.H Virus,"Saturday, 1 December 2001",Multiple,Email attachments disguised as legitimate messages.,Email systems,Cybercriminals targeting global systems,"Email systems, networks",Limited to email credentials and minor file exfiltration.,Antivirus software alerts and spam email reports.,Hours,"Blocking infected email accounts, quarantining systems, and resetting passwords.",5000000,High,2–3 days for affected systems.,Moderate; highlighted weaknesses in email security protocols.,None reported.,Cybersecurity incident reports and antivirus vendors.,2001-12-04 (approximate).,Underlined the need for email filtering tools and user awareness training.
F-0193,Klez.S Virus,"Monday, 1 October 2001",Multiple,Malicious email attachments with spoofed sender information,Email systems,Cybercriminals targeting global systems,"Email systems, networks",Some email credentials and limited sensitive data exfiltrated.,Antivirus alerts and unusual email traffic reports,Hours,"Blocking malicious emails, updating antivirus, and quarantining systems.",10000000,High,3–4 days for heavily impacted organizations.,Moderate; highlighted weaknesses in email security.,None reported.,Reports from cybersecurity firms and antivirus vendors.,2001-10-04 (approximate).,Emphasized the importance of robust email security tools and timely software updates.
F-0194,Klez.T Virus,"Monday, 1 October 2001",Multiple,Email attachments with fake sender information.,Lack of robust spam filtering tools.,Cybercriminals seeking global system disruption,"Email systems, networks",Limited user email credentials and some files,Antivirus software flagged suspicious files.,Hours,"Blocking infected emails, patching systems, and scanning devices.",9000000,High,2–3 days for heavily impacted networks.,Moderate; raised concerns about cybersecurity practices,None reported.,Reports from antivirus vendors and cybersecurity firms.,2001-10-05 (approximate).,Importance of email filtering and employee awareness training.
F-0195,DNS Root Server DDoS Attack,21-Oct-02,Various global DNS servers,Distributed Denial of Service (DDoS) targeting root DNS servers.,Lack of DDoS protection,Likely state-sponsored or advanced cybercriminals.,Root DNS servers,None; attack focused on disruption.,Network traffic analysis tools detected anomalies.,Hours,Filtering malicious traffic and rerouting DNS queries.,50000000,Medium, Up to 12 hours in some regions.,High; highlighted vulnerabilities in critical internet infrastructure,None reported.,ICANN and cybersecurity research reports.,2002-10-22,Need for global coordination and robust DDoS mitigation strategies.
F-0196,Bank of America Data Breach,"Friday, 1 March 2002",Bank of America,Unauthorized access through compromised credentials.,Weak internal security,Internal employee,"Customer accounts, financial data","Approximately 1.2 million customer records, including personal and financial details.",Internal audit and monitoring tools identified irregularities.,Days,"Revoking compromised credentials, auditing systems, and notifying affected customers.",25000000,Medium,"None reported, but reputation impact was significant.",High; affected customer trust and led to public scrutiny.,Regulatory investigations and minor fines.,Bank statements and cybersecurity research findings,2002-04-15 (approximate).,Importance of robust access controls and insider threat detection.
F-0197,E-Gold DDoS Attack,"Wednesday, 1 May 2002",E-Gold,Distributed Denial of Service (DDoS) attack using botnets.,DDoS vulnerability,Cybercriminal groups demanding ransom (potentially Russian-based).,E-Gold's payment transaction systems and web servers,None; attack focused on service disruption.,Network traffic spikes and server performance degradation.,Hours,Filtering malicious traffic and temporarily suspending services.,19000000,Medium,Approximately 2 days.,High; raised concerns about system reliability.,None reported.,Reports from E-Gold and cybersecurity research.,2002-05-03 (approximate).,Importance of proactive DDoS mitigation measures.
F-0198,Klez Worm,"Tuesday, 1 January 2002",Various organizations,Email attachments with malicious payloads,Email attachment exploit,Unknown,"Email servers, user files",Limited access to sensitive documents and credentials.,Antivirus software and unusual network activity flagged issues.,Hours,"Quarantining infected files, updating antivirus software, and user awareness campaigns.",9100000,High,Minimal (hours to a day per organization).,Moderate; highlighted gaps in cybersecurity measures.,None reported.,Reports from cybersecurity firms.,2002-01-03 (approximate).,Importance of email hygiene and proactive malware defense.
F-0199,Nimda Worm,Continued from 2001 into 2002,Various organizations,"Multiple: email, web servers, open network shares.",IIS web server vulnerabilities and unpatched systems.,Unknown,"Web servers, email servers, and endpoint devices.",Limited but included sensitive internal documents.,Unusual traffic patterns and server crashes identified infection., weeks.," Patching systems, isolating networks, and scanning devices",635000000,Medium,Days to weeks depending on the organization.,High; affected trust in online service,None directly reported but raised compliance concerns,Industry reports and antivirus vendor analyses.,2002-01-31 (approximate).,Critical need for timely patch management and network segmentation.
F-0200,Citibank Internal Fraud,"Monday, 1 July 2002",Citibank,Insider abuse exploiting internal systems.,Internal access,Rogue employee,"Customer accounts, financial data",Customer account details and financial transactions.,Internal audit revealed discrepancies.,Days,"Revoking insider access, implementing monitoring tools, and legal action.",15000000,Medium,Minimal but operational delays occurred.,High; led to public scrutiny and customer distrust.,Federal investigations and minor penalties.,Official statements from Citibank,2002-08-01 (approximate).,Importance of monitoring and insider threat detection mechanisms.
F-0201,QAZ Trojan,"Friday, 1 February 2002","Affected numerous organizations, including individual users, SMEs, and large corporations.",The Trojan spread primarily through email attachments and peer-to-peer file sharing networks.,Lack of proper email filtering and outdated antivirus defenses,Cybercriminals responsible for spreading malware for financial gain,"Personal computers, enterprise workstations, and servers","Compromised user credentials, login data, and sensitive files on infected devices","Detected through unusual system behaviors, unauthorized network activity, and antivirus software alerting users.",Hours,"Antivirus software updates, quarantining infected systems, and increased email filtering.",4500000,High,Typically 1–2 days for affected organizations.,Moderate to high; decreased trust in email systems and impacted several users' personal data security.,Some companies faced data protection compliance issues depending on the nature of the data.,Reports from antivirus vendors and cybersecurity firms.,2002-02-05 (approximate).,The importance of keeping antivirus software up-to-date and being cautious with email attachments.
F-0202,PayPal Phishing Scam,Throughout 2002,"PayPal, affected users, and various online retailers.",Phishing emails and fraudulent websites mimicking PayPal's login page to steal user credentials.,Lack of awareness and caution among users when handling phishing emails and malicious websites.,Cybercriminals engaging in identity theft and fraud.,"PayPal accounts, users' financial data, and online retail businesses.","Stolen login credentials, financial information, and personal data of PayPal user",Reports from affected users and cybersecurity firms detecting fraudulent activities,Days,"Awareness campaigns, enhanced email filtering, and strengthening website security measures.",1500000,Medium,"N/A (no service downtime, but financial transactions and user trust were affected).",High; damage to PayPal's brand trust due to financial fraud,Some regulatory pressure for increasing online security measures.,"Reports from PayPal, affected users, and online security companies.",2002 (ongoing scam but mitigated over time with preventive measures).,Importance of user education on phishing scams and the need for robust email filtering.
F-0203,ICQ Vulnerability Exploit,"Monday, 1 April 2002",ICQ,Exploiting a vulnerability in the ICQ messaging software to gain unauthorized access,Buffer overflow vulnerability in the ICQ software allowing remote code execution.,Cybercriminals exploiting the software vulnerability.,"User data, communications","Stolen personal data from ICQ users, including usernames, passwords, and contacts.",Reports from users experiencing unauthorized access to their ICQ accounts and unusual behavior.,Hours,ICQ released a security patch to fix the vulnerability. Users were advised to update the software.,250000,High,"Minimal downtime; the attack was based on user account vulnerabilities, not a server outage.",Moderate; ICQ faced criticism for not addressing the vulnerability earlier.,"No significant regulatory penalties, but the incident prompted increased scrutiny of user data protection.","ICQ's public statements, cybersecurity firms.",2002-04-01 (immediate fix through a patch).,The importance of proactive security updates and vulnerability management for software applications.
F-0204,SQL Slammer Worm,25-Jan-02,Various organizations,Exploited a vulnerability in Microsoft SQL Server and Desktop Engine to propagate the worm.,SQL vulnerability,"Cybercriminals, possibly automated, responsible for creating and spreading the worm.","SQL Server 2000 installations, enterprise servers, and client machines.","No direct data theft; however, the worm caused system disruption, affecting databases and services.",Real-time traffic spikes and server failures observed by network administrators,Hours,Applying SQL Server patches and blocking malicious traffic.,1200000000,Medium,30 minutes to several hours for many affected organizations.,High; organizations experienced significant operational disruptions.,Increased scrutiny over security vulnerabilities and network resilience.,"Reports from Microsoft, affected ISPs, and cybersecurity organizations.",2002-01-26 (mitigated with patching).,The importance of regular patching and monitoring for vulnerabilities in critical software systems
F-0205,DNS Cache Poisoning,"Thursday, 1 August 2002",Various organizations relying on DNS services.,Exploiting vulnerabilities in DNS servers to redirect users to malicious websites by poisoning the DNS cache.,DNS server vulnerability,Unknown,Internet traffic routing,"Users' credentials, financial data, and other personal information accessed through fraudulent websites.",Reports from affected organizations and monitoring tools detecting abnormal DNS queries and traffic patterns.,Hours,"DNS server patches, clearing the poisoned cache, and using DNSSEC (DNS Security Extensions) to prevent future poisoning.",10000000,High,A few hours for most affected servers; some websites were inaccessible for a period.,Moderate; trust in DNS services was temporarily impacted.,Some regulatory pressure for enhanced DNS security practices.,"Reports from affected organizations, DNS administrators, and security researchers.",2002-08-01 (poisoning cleared; no long-term effects).,Importance of securing DNS infrastructure and adopting DNSSEC to prevent cache poisoning.
F-0206,Enron Email Leak,"Friday, 1 November 2002",Enron,"Insider threat or external breach, exposing sensitive internal communications.",Email server vulnerability,Whistleblower,Internal communications,"Sensitive business communications, including financial data and internal memos.",Discovery of the email leak via online postings and internal monitoring systems.,Days,"Increased email security, employee monitoring, and tighter access controls.",500000000,Medium,N/A (leak affected reputation rather than causing direct downtime).,"Extremely high; Enron's reputation was severely damaged, contributing to the company's collapse.","Investigations by SEC and other regulatory bodies, leading to the Sarbanes-Oxley Act.","News reports, internal Enron investigations, and legal documents.",2002-11-01 (company dissolution followed by legal consequences).,The critical importance of securing sensitive communications and having strict access control policies.
F-0207,eBay Customer Data Breach,"Sunday, 1 September 2002",eBay,Exploiting vulnerabilities in eBay's user database to gain unauthorized access to customer information.,"Weaknesses in eBay's database access controls, possibly due to SQL injection or poor encryption",Cybercriminals or hackers attempting to steal user data.,Customer data,"Customer personal data, including usernames, passwords, and potentially financial information.",Detection through internal monitoring systems and reports from affected users.,Days,"Improved encryption of sensitive data, stronger access controls, and monitoring for suspicious activity.",50000000,High,"Minimal, but some downtime occurred during system restoration and patching.",High; loss of customer trust and potential legal ramifications.,Increased regulation of online platforms and stricter data protection laws,"eBay's public statements, cybersecurity firms, and government investigation results",2002-09-01 (mitigated by strengthening security protocols).,"Importance of strong encryption, access control, and transparency with users regarding data protection"
F-0208,HSBC UK Cyber Attack,"Sunday, 1 December 2002",HSBC UK,Distributed Denial of Service (DDoS) attack aimed at disrupting HSBC's online banking services,Network vulnerabilities,Unknown,"Financial transactions, operations","Minimal data loss, as the attack focused on availability rather than data theft",Monitoring of network traffic anomalies and customer complaints about service outages.,Hours,Deployment of additional DDoS protection and temporary shutdown of certain services.,5000000,Medium,Several hours of intermittent service disruptions.,Moderate; some customers experienced issues accessing accounts.,"No major regulatory fines, but increased focus on securing online banking systems.",HSBC's public statements and cybersecurity reports from the time.,2002-12-01 (service was restored and security measures implemented).,The need for comprehensive DDoS mitigation strategies and ensuring high availability for online banking services.
F-0209,Deutsche Bank Network Breach,"Saturday, 1 June 2002",Deutsche Bank,Unauthorized access to Deutsche Bank's network via exploiting vulnerabilities in their internal network.,Weaknesses in network access controls and insufficient monitoring of internal activities.,Hackers,"Financial data, operations","Sensitive financial data, client account information, and corporate secrets.",Detection via internal network monitoring tools identifying unusual access patterns and unauthorized data transfers.,Days,"Increased internal network monitoring, patching vulnerabilities, and revoking unauthorized access.",50000000,High,Limited downtime as systems were isolated and restored,Moderate; concerns over the security of banking networks.,Regulatory investigations into the security practices of banks and financial institutions.,"News reports, public statements by Deutsche Bank, and cybersecurity experts.",2002-06-01 (incident resolved after containment and remediation).,The importance of securing internal networks and monitoring for insider threats.
F-0210,Egghead.com SQL Injection,"Tuesday, 1 October 2002",Egghead.com,"SQL injection attack on Egghead.com’s e-commerce website, compromising the website's backend database.",SQL injection vulnerability,Cybercriminals attempting to steal customer data and disrupt services.,"Egghead.com’s website, customer database, and payment systems.","Customer usernames, passwords, email addresses, and financial data.",Detection through abnormal database queries and alerts from the database monitoring system.,Days,"Website security patches, input validation, and implementation of prepared statements to prevent future SQL injections.",2000000,Medium,Several hours of downtime to patch the vulnerability and restore the database,Moderate; loss of trust among customers due to compromised data security.,Potential legal ramifications under data protection laws.,Company press release and reports from cybersecurity experts.,2002-10-01 (mitigated and patched the vulnerability).,The importance of validating user input and securing database queries to prevent SQL injection attacks.
F-0211,Wells Fargo Data Breach,"Thursday, 1 August 2002",Wells Fargo,Unauthorized access to Wells Fargo’s internal systems through weak passwords or unpatched software.,Internal security lapse,Unknown,"Customer data, financial records","Sensitive banking data, including customer account details and transaction histories.",Detection through internal monitoring systems and reports from customers regarding suspicious activity.,Days,"Patching vulnerabilities, strengthening authentication protocols, and auditing internal systems.",10000000,Medium,Limited downtime during investigation and system restoration.,"Moderate; customer trust was shaken, but no major long-term damage.",Compliance with banking regulations and potential fines for failing to protect customer data.,"News reports, Wells Fargo's press releases, and cybersecurity firms.",2002-08-01 (issue resolved after securing systems and data).,Importance of using strong authentication methods and keeping systems up to date with security patches.
F-0212,Online Brokerage DDoS,"Wednesday, 1 May 2002",Multiple online brokerages,Distributed Denial of Service (DDoS) attack aimed at disrupting online trading platforms.,Lack of DDoS protection,Hackers,Online trading platforms,Minimal data loss; focus was on service disruption rather than data theft.,Network monitoring and abnormal traffic patterns indicating a DDoS attack.,Days,"Enhanced DDoS protection, including the use of cloud-based services to absorb malicious traffic.",5000000,High,Several hours of disruption during the attack.,Moderate; short-term disruption caused minor loss of customer trust.,Increased scrutiny of online financial platforms' security measures.,"Reports from affected brokerage firms, network security teams, and cybersecurity reports.",2002-05-01 (attack mitigated and systems restored).,Importance of robust DDoS protection and having contingency plans for online service disruptions.
F-0213,Citibank Hack,"Monday, 1 July 2002",Citibank,External hacking attempt exploiting vulnerabilities in Citibank’s online systems.,Network vulnerabilities,Vladimir Levin,"Financial transactions, customer data","Customer account details, including potentially sensitive financial data.",Internal security monitoring systems flagged unusual access patterns.,Days,"Enhanced encryption, improved access control, and more stringent user authentication measures.",8000000,Medium,Minimal downtime as security measures were promptly enacted.,Moderate to high; trust in Citibank's online services was shaken.,Investigations into Citibank’s security practices and increased regulation of online banking systems.,"Citibank's statements, reports from cybersecurity firms, and media coverage.",2002-07-01 (resolved after systems secured and vulnerability patched).,The importance of securing online banking systems and continuously improving cybersecurity practices.
F-0214,Morgan Stanley Insider Fraud,"Tuesday, 1 October 2002",Morgan Stanley,Insider fraud involving the misappropriation of funds and insider trading by an employee.,Internal access,Rogue employee,"Customer accounts, financial data","Unauthorized access to client account information, funds, and transaction records.",Discovery through internal auditing and investigation of suspicious financial transactions.,Days,"Strengthening internal financial controls, monitoring, and employee training on ethical behavior.",25000000,High,N/A; the financial fraud did not result in system downtime.,High; Morgan Stanley's reputation was severely impacted by the insider threat.,SEC investigation and scrutiny of Morgan Stanley's internal financial controls.,"Internal reports, media coverage, and regulatory filings.",2002-10-01 (resolved after legal action and internal improvements).,The need for strong internal financial controls and regular audits to prevent insider threats.
F-0215,Amazon DDoS Attack,"Friday, 1 November 2002",Amazon,Distributed Denial of Service (DDoS) attack aimed at disrupting Amazon's online services.,DDoS vulnerability,Unknown,E-commerce platform,"No significant data loss, the focus was on service disruption",Unusual spikes in traffic were detected through Amazon's network monitoring systems.,Days,"Activated cloud-based DDoS mitigation systems, including traffic rerouting and rate-limiting.",2000000,Medium,Several hours of disruption during the attack.,Moderate; minor impact on Amazon’s reputation due to service interruptions.,Increased scrutiny on online e-commerce platforms to protect against large-scale DDoS attacks.,Reports from Amazon’s security team and cybersecurity analysts.,2002-11-01 (attack mitigated and services restored),The importance of having strong DDoS protection and the ability to absorb massive traffic spikes
F-0216,Barclays Bank Insider Threat,"Saturday, 1 June 2002",Barclays Bank,Insider threat involving employees accessing sensitive customer information and misusing it.,Internal access,Barclays Bank employees exploiting their access privileges,"Customer accounts, data","Customer financial information, account details, and potentially credit card data",Suspicious employee activities detected through internal monitoring systems,Days,"Increased monitoring, stricter access control policies, and employee training on ethics",5000000,High,"Minimal downtime; however, internal systems were scrutinized during the investigation.",High; Barclays faced significant trust issues from customers after the breach.,Regulatory bodies conducted audits to ensure better security practices.,"Reports from Barclays, internal audits, and news reports",2002-06-01 (incident resolved with stricter internal controls and actions against the employees).,The need for better monitoring of employee access and segregation of duties to prevent insider threats
F-0217,eBay Account Hijacking,"Monday, 1 July 2002",eBay,Account hijacking via phishing emails and weak password recovery procedures,Weak account security,Unknown,"User accounts, financial data","Personal information, including email addresses, contact information, and purchase history.",Reports from affected users and monitoring of suspicious login attempts,Days,"Enhanced phishing protection, email authentication, and password recovery mechanisms",2000000,Medium,Minimal downtime; eBay’s systems remained operational throughout.,Moderate; eBay's reputation was impacted due to security concerns but quickly addressed,Regulatory scrutiny on eBay’s security policies and user protections.,"eBay's statements, news reports, and cybersecurity expert analysis.",2002-07-01 (resolved by tightening security and addressing affected accounts).,The need for stronger phishing detection systems and enhanced user account recovery processes.
F-0218,Visa Card Information Leak,"Sunday, 1 September 2002",Visa,"Data breach through the compromise of payment processing systems, resulting in leaked cardholder data",Database vulnerability,Cybercriminals gaining access to Visa’s payment processing network to extract card data.,Credit card information,"Credit card numbers, expiration dates, and cardholder personal data.",Detection through fraud detection systems and customer reports of unauthorized transactions.,Days,"Strengthened encryption, cardholder notification, and financial compensation for affected customers.",7000000,High,Minimal downtime as Visa worked with affected banks to secure systems,High; major concern over the security of credit card transactions.,Visa faced scrutiny and required to implement enhanced security protocols.,News reports and Visa’s public disclosures regarding the breach.,2002-09-01 (resolved with improvements in card processing security).,The need for stronger encryption and better fraud detection in card transactions.
F-0219,SunTrust Bank Phishing Scam,Throughout 2002,SunTrust Bank,Phishing scam targeting SunTrust customers via fraudulent emails and websites,Phishing emails,Unknown,"User accounts, financial data","Bank account credentials, personal identifying information (PII), and financial details",Detection through customer complaints and increased fraud activity in bank accounts,Days,"Anti-phishing campaigns, customer education, and email authentication systems",3000000,Medium,Minimal downtime; affected customers were notified and security was enhanced.,Moderate; reputation harmed due to ongoing phishing attacks but quickly addressed,SunTrust was required to improve its email security and customer notification processes.,"Reports from SunTrust, cybersecurity analysis, and news coverage.",2002-12-31 (resolved with phishing protection measures and customer awareness programs).,Strengthened phishing detection and customer education on online banking security.
F-0220,WorldCom Email Breach,"Tuesday, 1 October 2002",WorldCom,Email breach through compromised email accounts and internal systems.,Email server vulnerability,Unknown,Internal communications,"Sensitive corporate emails, financial data, and client communications.",Suspicious email activity detected by internal monitoring system,Days,"Strengthened internal email security, implemented better access controls",4000000,High,Minimal downtime; email services restored after investigation.,Moderate; concerns about the security of WorldCom’s internal communication,Review of WorldCom’s internal security measures and increased oversight.,Internal reports and media coverage of the breach.,2002-10-01 (resolved with security improvements).,Strengthened email security and improved internal auditing procedures
F-0221,British Airways Data Breach,"Thursday, 1 August 2002",British Airways,Data breach through unauthorized access to passenger databases.,Network vulnerability,Unknown,Customer data,"Passenger names, contact information, travel details, and credit card data",Detection through internal security monitoring and customer complaints about unauthorized transactions,Days,"Implemented stronger access controls, improved encryption of customer data, and increased monitoring.",3000000,Medium,"Minimal downtime, but investigation led to temporary restrictions on data access",Moderate; impacted British Airways’ reputation for security but recovered after actions were taken.,Increased scrutiny on British Airways’ data protection policies,"Reports from British Airways, internal audits, and cybersecurity news outlets.",2002-08-01 (issue resolved with security improvements).,The need for stronger data protection and access controls to prevent unauthorized data access.
F-0222,KPMG Internal Breach,"Monday, 1 July 2002",KPMG,Insider breach through unauthorized access by employees to sensitive client data.,Internal security lapse,Rogue employee,"Client data, financial records","Client financial data, audit reports, and sensitive business communications.",Detected through internal audits and employee activity monitoring,Days,"Reinforced access control policies, increased internal audits, and employee monitoring.",8000000,High,Minimal downtime as internal security was quickly restored.,Significant; led to a temporary loss of trust among clients and regulators.,Regulatory bodies required KPMG to adopt stricter internal security measures,"Reports from KPMG, internal investigations, and news articles.",2002-07-01 (resolved with stricter internal security measures).,The importance of internal monitoring and ensuring data access is tightly controlled within organizations.
F-0223,AOL Password Crack,Throughout 2002,AOL,Password cracking of AOL accounts using brute-force methods.,Weak password security,Unknown,"User accounts, internal systems","User emails, account settings, and sensitive personal data.",Detection through suspicious login attempts and unusual account activity.,Days,"Implementation of stronger password policies, two-factor authentication, and user education on password security.",10000000,Medium,"Minimal downtime; service was available, though users were advised to change passwords.","Moderate; some customer dissatisfaction with AOL’s security, but quickly mitigated.","No significant regulatory changes, but AOL was urged to improve account security practices.","AOL's statements, security reports, and analysis from cybersecurity experts.",2002-12-31 (resolved by enhancing password policies and user security).,"Stronger password policies, user education, and multi-layered security measures are crucial for online account protection."
F-0224,UBS Bank Data Breach,"Sunday, 1 September 2002",UBS Bank,"Data breach through an external attack on UBS’s network, exploiting vulnerabilities",Network vulnerabilities,Unknown,Customer data,"Client financial details, transaction records, and personal identifying information.",Detected through abnormal network activity and external intrusion detection systems.,Hours,"Security patching, enhanced encryption, and improved intrusion detection systems",7000000,High,Affected systems were down for a few hours during the investigation,Significant; damaged UBS’s reputation regarding its ability to protect client data,Required to improve data protection practices and face scrutiny from regulatory bodies.,Internal reports from UBS and external cybersecurity experts.,2002-09-01 (resolved with enhanced security).,"The need for regular patching, network monitoring, and encryption to secure sensitive financial data."
F-0225,Sony Pictures Data Leak,"Tuesday, 1 October 2002",Sony Pictures,"Internal data leak from an employee, leading to the exposure of sensitive company data.",Internal security lapse,Rogue employee,"Employee data, intellectual property","Internal emails, film scripts, and business communications.",Discovery through external reports of leaked data being circulated online.,Hours,Review and tightening of internal access controls and data sharing policies.,9000000,Medium,Minimal downtime as the breach did not affect Sony’s main business operations,Moderate; caused concern regarding the security of Sony’s internal communications.,Sony faced scrutiny from regulators over its handling of intellectual property.,News reports and internal audits by Sony.,2002-10-01 (resolved with internal policy changes).,The need for stronger control over intellectual property and regular internal audits.
F-0226,Intel Network Breach,"Friday, 1 March 2002",Intel,Exploitation of unsecured servers and inadequate access controls,Network vulnerabilities,Hackers,Intellectual property,"20GB of sensitive corporate information, including pre-release chipset data",Public disclosure by the hacker and leaks on forums, weeks ,"Removal of unsecured files, investigations, and revised access protocols.",8000000,High,"Minimal system interruptions, mainly reputational impact.",Significant damage among business partners; public scrutiny on weak security practices.,Legal reviews over GDPR and trade compliance,Internal investigation and hacker disclosures,April 2002.,"The importance of stronger server configurations, password policies, and external party controls"
F-0227,Nasdaq Website Defacement,"Monday, 1 April 2002",Nasdaq,"Website vulnerability exploitation, likely through outdated CMS.",Web server vulnerability,Hacktivists,Website,No user data was affected; purely visual defacement.,Regular monitoring by IT team., hours.,Website restoration and patch updates.,9000000,High,~6 hours,Temporary loss of public confidence,"None, as no financial or personal data was compromised.",Monitoring logs and external reports,April 2002.,Prioritizing website security patches and robust incident response planning
F-0228,MasterCard Data Breach,"Wednesday, 1 May 2002",MasterCard,Phishing campaign targeting employees.,Database vulnerability,Unknown,Credit card information,"Approx. 100,000 customer accounts.",Unusual transaction activity flagged by fraud monitoring systems.,hours.,"Customer notifications, transaction blocking, and phishing awareness campaigns.",5000000,High,Minimal operational interruptions; no full system downtime,"Moderate, with some customer trust erosion",Fines under payment card industry compliance protocols.,External fraud investigations and forensic analysis.,August 2002.,1
F-0229,IBM Employee Data Breach,"Saturday, 1 June 2002",IBM,Insider threat (disgruntled employee),Internal security lapse,Rogue employee,Employee data,"Over 100,000 employee records",Internal audit flagged unauthorized access, weeks,"Strengthened access controls, implemented periodic credential reviews",7000000,High,"No direct downtime reported, but HR systems experienced delays","Moderate, as incident became public after disclosure","No fines, but additional compliance audits were required",Internal investigation confirmed malicious activity,2002-09-01,Improved processes for account deactivation and enhanced insider threat monitoring
F-0230,Morgan Stanley Network Breach,"Monday, 1 July 2002",Morgan Stanley,Phishing and compromised credentials,Network vulnerabilities,Hackers,Financial data,"Approximately 250,000 financial records",SOC (Security Operations Center) alerted unusual logins, days,"Multi-factor authentication rollout, phishing simulations for employees",7000000,High,"Minimal, mostly related to customer portals","Significant, due to publicized customer data exposure",Fined $1.2 million by financial authorities,Incident report reviewed by financial regulators,2002-08-15,Strengthened cybersecurity training and layered authentication mechanisms
F-0231,Capital One Phishing Attack,"Thursday, 1 August 2002",Capital One,Spear-phishing emails targeting employees,Phishing emails,Unknown,"User accounts, financial data","400,000+ customer records","Employee report of suspicious emails, followed by forensic review", days ,"Email security upgrades, anti-phishing awareness campaigns",6000000,High,No major downtime; investigation disrupted some operations,"Significant public backlash, impacting customer trust",Additional audits imposed by banking authorities,Independent review by third-party cybersecurity firm,2002-10-10,Reinforced security awareness programs and anti-phishing controls
F-0232,Google Internal Breach,"Sunday, 1 September 2002",Google,Phishing emails targeted employees to gain access to internal systems.,Internal security lapse,Rogue employee,"Internal data, intellectual property","Employee credentials, internal system architecture details",Unusual login patterns detected by Google’s internal monitoring systems., hours ,Network access was temporarily suspended; mandatory credential resets.,3000000,High,Approximately 2 days,Minimal public disclosure but resulted in internal employee concerns.,"None, as data impacting external stakeholders wasn’t compromised",Internal Google security report and anonymous confirmations,"September 20, 2002.",Adoption of stricter multi-factor authentication and phishing awareness campaigns.
F-0233,PepsiCo Data Breach,"Tuesday, 1 October 2002",PepsiCo,Malware infiltration through an email attachment,Network vulnerabilities,Unknown,Employee data,"Names, addresses, email addresses, Social Security numbers, and financial details of employees and vendors.",Internal IT team identified unusual file movements., hours,": Malware removal, patching of vulnerable systems, and monitoring for secondary attacks.",4000000,Medium,3 days,Moderate public concern due to vendor involvemen,Minor investigations from regional regulatory bodies.,Breach disclosures to authorities and employee notifications,2002-11-15,Deployment of advanced endpoint protection and employee training.
F-0234,GM Network Breach,"Friday, 1 November 2002",General Motors,Spear phishing targeting senior executives.,Network vulnerabilities,Hackers,Intellectual property,Technical schematics and sensitive operational documents,Anomalous activity flagged by intrusion detection systems., hours ,: Immediate shutdown of impacted segments and a full network audit.,7000000,Medium,5 days for full restoration,Elevated risk perception among partners and stakeholders,Investigations initiated by U.S. cybersecurity authorities.,Internal GM cybersecurity reports and third-party forensics,"December 10, 2002.",Establishment of high-level email encryption and enhanced insider monitoring programs.
F-0235,Boeing Data Leak,"Sunday, 1 December 2002",Boeing,Ransomware (LockBit),Internal security lapse,Rogue employee,Intellectual property,"Over 43 GB, including backups for IT management and Citrix appliances",Internal monitoring systems and public disclosure on LockBit's leak site, weeks ,"Lockdown of affected systems, forensics investigation, and improved patching protocols",10000000,Medium,"No major system outages reported, but partial business operations affected",Significant due to sensitive aerospace data exposure,"None confirmed, but potential aviation compliance inquiries","Public leaks on LockBit’s data site, confirmed by independent analysts",2003-01-15,"Strengthened patch management, ransomware playbook creation, and third-party risk assessments"
F-0236,HP Internal Breach,"Friday, 1 February 2002",Hewlett-Packard,Phishing and insider threat,Internal security lapse,Rogue employee,"Employee data, intellectual property",Confidential project data and financial records (exact volume unknown),Employee whistleblowing and system monitoring alerts, weeks,"Policy changes, additional authentication protocols, and insider threat training",8000000,High,"No system-wide outages, but internal operations delayed by ~1 week","Moderate, with concerns about insider trust and client confidence",Minor compliance review,Internal investigations and independent audits,2002-03-15,Enhanced vetting processes and increased internal monitoring
F-0237,Microsoft SQL Server Attack,"Monday, 1 April 2002",Microsoft,Exploitation of SQL Slammer worm vulnerability,SQL vulnerability,Hackers,Customer data,No data exfiltration; primary impact on availability,Network traffic anomalies flagged by intrusion detection systems, hours ,"Emergency patches, network segmentation, and public alerts",10000000,High,Several hours globally for affected servers,"High, as Microsoft’s credibility in securing its flagship product was questioned","None directly for Microsoft, but impacted clients faced compliance issues",Industry reports and internal Microsoft communications,2002-04-30,Urgent need for improved patch distribution and customer communication
F-0238,Apple Network Breach,"Wednesday, 1 May 2002",Apple,Phishing and exploitation of server vulnerabilities.,Network vulnerabilities,Hackers,Intellectual property,"Approximately 275,000 accounts, including names, emails, job titles, and geographic data.",Anomalous activity flagged by internal monitoring systems., hours ,"Enhanced encryption, end-to-end security for developer accounts, and two-factor authentication implemented.",2000000,Medium,Developer portal offline for over a week.,Mild public backlash but limited long-term effects due to proactive communication.,"None reported, as Apple implemented robust response measures.",Internal investigation and subsequent third-party audit confirmed breach details.,"May 15, 2002.",Importance of layered security and regular vulnerability assessments​
F-0239,Dell Data Breach,"Saturday, 1 June 2002",Dell,Malware embedded in phishing emails sent to employees.,Network vulnerabilities,Hackers,Customer data,"Personally identifiable information (PII) of 350,000 employees and clients",Unusual network activity detected by a security operations center (SOC), hours ,"Strengthened email filters, mandatory cybersecurity training, and advanced endpoint protections.",3200000,Medium,Approximately 72 hours of system unavailability for critical departments.,"Moderate negative impact, leading to a temporary stock price drop.","Regulatory oversight required Dell to provide customer notifications and pay fines totaling $500,000.",Confirmed through Dell’s public incident report and third-party investigations.,"June 15, 2002.",The necessity of proactive employee education and real-time threat monitoring​
F-0240,Yahoo! Network Breach,"Monday, 1 July 2002",Yahoo!,SQL Injection,Network vulnerabilities,Hackers,User data,"Usernames, email addresses, hashed passwords (500,000 accounts)",Internal monitoring system flagged anomalies, hours ,"Database patching, enhanced encryption protocols",2000000,Medium,48 hours,"Significant, leading to loss of user trust",Minor (no major privacy laws in effect at the time),Security firm report and Yahoo! disclosure,"Monday, 15 July 2002",Regular vulnerability testing and patch management.
F-0241,Nokia Data Breach,"Thursday, 1 August 2002",Nokia,Phishing campaign targeting employees,Network vulnerabilities,Hackers,Employee data,Internal communications and product design files,Employee reporting suspicious emails,Days,"Employee training, implementation of two-factor authentication",3000000,Medium,Minimal (<8 hours,"Moderate, but controlled through PR efforts",None reported,Incident investigation report,"Saturday, 10 August 2002",Importance of employee awareness and email filtering.
F-0242,Samsung Network Breach,"Sunday, 1 September 2002",Samsung,Malware injection,Network vulnerabilities,Hackers,Intellectual property,Early-stage product prototypes and designs,Network traffic analysis flagged unusual activity,Days,"Malware removal, network segmentation, patch updates",12000000,High,3 days,Minimal (kept internal),None,Internal security team report,"Sunday, 15 September 2002",Maintain up-to-date patching and network segmentation
F-0243,Oracle Data Breach,"Tuesday, 1 October 2002",Oracle,Insider threat,Network vulnerabilities,Hackers,Customer data,Client financial data and personal information,Audit logs flagged unusual access, hours,"Revoked access, legal action, improved controls",4000000,Medium,Minimal (no service interruption),"Moderate, with public disclosure required",Fines imposed due to data exposure,Audit reports and court records,"Friday, 1 November 2002",Enhance access control and employee vetting
F-0244,Adobe Network Breach,"Friday, 1 November 2002",Adobe,Exploited vulnerabilities in the web server,Network vulnerabilities,Hackers,Intellectual property,"Email addresses, usernames, and encrypted passwords of ~38 million users",Internal security audit after suspicious activity reports., hours,"Patched vulnerabilities, strengthened server configurations",5000000,High,No significant downtime.,"Moderate, as it led to stricter cybersecurity policies",Required compliance updates to user data protection policie,Adobe confirmed breach in press releases,2002-12-15,Importance of securing customer data and regular server audits
F-0245,7-Eleven Australia Data Breach,"Tuesday, 1 January 2002",7-Eleven,Ransomware infection via email phishing.,Weak network security,Unknown,Customer data,Payment card details and customer addresses.,Discovered after system slowdowns and ransom demands., hours,"Data recovery from backups, employee training, and new endpoint protections.",4000000,High,~2 weeks of partial service disruption,"Severe, as customers expressed trust concerns.",Breach led to improved compliance with Australian privacy laws.,Verified through local media reports,2002-02-15,The necessity of ransomware resilience and employee awareness.
F-0246,University of California Data Breach,"Friday, 1 February 2002",University of California,Exploited third-party cloud platform vulnerabilities,Internal security lapse,Unknown,Student and staff data,"Records of 7.6 million customers, including phone numbers and text logs.",Routine system audits and law enforcement alerts.,Days,"Secured third-party systems, improved vendor assessments.",9000000,High,None for primary services; partial administrative delays.,"Severe, with customer trust affected significantly.",Heightened scrutiny and imposed vendor security standards.,Confirmed by AT&T and government filings,2002-06-01,Prioritizing third-party security in service contracts.
F-0247,Nokia Data Breach,"Friday, 1 March 2002",Nokia,Exploitation of a third-party contractor’s security vulnerabilities,Weak network security,Unknown,Employee data,"Proprietary 5G-related source code, SSH and RSA keys, and login credentials.",Investigations following claims on dark web forums., week ,"Suspension of 5G R&D activities, enhanced contractor audits, and credential revocations.",20000,Medium,Around two months for R&D operations.,"Decline in customer confidence, concerns over intellectual property leakage.",Potential scrutiny under intellectual property and export laws,"Investigative findings, dark web activity logs.",Mid-2002 (exact date unclear).,Strengthening vendor access policies and internal monitoring.
F-0248,AT&T Network Breach,"Monday, 1 April 2002",AT&T,Spear phishing email containing a malware payload.,Network vulnerabilities,Unknown,Customer data,Customer metadata and some financial records.,Unusual network activity flagged by intrusion detection systems., hours,"Isolated affected systems, wiped infected servers, rolled out updated endpoint protection.",2000000,Medium,Three days of limited network access in specific regions.,"Minor, mitigated by proactive public disclosure.",Compliance audits by FCC and FTC.,Internal breach reports and third-party audits,2002-04-10.,Enhancing employee cybersecurity training and implementing stricter email filters.
F-0249,GE Internal Data Breach,"Wednesday, 1 May 2002",General Electric,Exploitation of vulnerable employee login credentials.,Internal security lapse,Rogue employee,Internal data,"Employee PII (e.g., SSNs, financial data) and confidential product blueprints.",Routine audit revealing anomalous data access patterns., hours,"Password reset across systems, deployment of multi-factor authentication (MFA).",10000000,High,One week for critical internal systems.,"Moderate, with concerns raised among clients and stakeholders.",Compliance reviews under data protection laws.,Forensic audits and internal investigations.,2002-05-20.,Investment in identity management tools and stronger password policies.
F-0250,LinkedIn Data Breach,"Saturday, 1 June 2002",LinkedIn,Credential stuffing,Network vulnerabilities,Unknown,User data,"Email addresses, hashed passwords",Internal audit following suspicious account activity, days,"Password reset for all users, upgrade to stronger encryption (bcrypt)",17000000,Medium,Minimal; services continued operating,Moderate; concerns raised among users,Compliance updates required under early data protection guidelines,Public disclosure and cybersecurity reports,2002-07-20,"Improved encryption, better password security education for users"
F-0251,Visa Australia Data Breach,"Monday, 1 July 2002",Visa Australia,SQL injection,Database vulnerabilities,Unknown,Credit card information,"Credit card numbers, transaction logs",Real-time anomaly detection system, hours,"Closed the vulnerability, reinforced database protections",5000000,High,3 hours for system patching,High; customer trust temporarily eroded,Fined under early privacy compliance laws,Joint investigation with Australian Cybersecurity Centre,2002-08-10,"Mandatory secure coding practices, regular security audits"
F-0252,PepsiCo Network Breach,"Thursday, 1 August 2002",PepsiCo,Malware,Network vulnerabilities,Unknown,Employee data,"Employee names, financial details, social security numbers",Endpoint detection system flagged unusual activity, week ,"Removed malware, applied patches, strengthened perimeter defenses",10000000,Medium,2 days for critical systems,Moderate; required reassurance to stakeholders,Notification under privacy breach laws,Internal cybersecurity audit and external forensic report,2002-09-15,Enhanced employee training and incident response playbooks
F-0253,T-Mobile UK Data Breach,"Sunday, 1 September 2002",T-Mobile UK,Unauthorized network access and API exploitation,Weak network security,Unknown,Customer data,"Personal information, including names, addresses, and phone numbers of approximately 2 million users",Suspicious network traffic monitoring, days,"Strengthening API controls, implementing zero-trust architecture, and enhanced monitoring protocols",2000000,High,7 days of partial service disruptions,Moderate; T-Mobile faced backlash from customers and media scrutiny,"Required to report to UK regulatory bodies, including ICO",Internal audit and third-party forensic analysis,2002-09-30,Importance of robust API security and monitoring practices
F-0254,Google Search Engine Manipulation,"Tuesday, 1 October 2002",Google,SQL injection and page-rank manipulation,Search algorithm exploit,Hacktivists,Search results,No direct data breach; algorithm integrity was compromised,Internal monitoring of unusual search result behavior, days,"Patching input validation vulnerabilities, enhanced testing of search algorithm updates",10000000,Medium,48 hours of degraded search performance,Low to moderate; raised awareness of search engine vulnerabilities,None reported,Internal cybersecurity review,2002-10-10,Necessity for rigorous testing and monitoring of algorithm changes
F-0255,Lufthansa Data Breach,"Friday, 1 November 2002",Lufthansa,Credential stuffing,Network vulnerabilities,Unknown,Customer data,"Service card numbers, names, and status levels",Security anomaly detection in the loyalty program, hours,Implemented mTAN-based security; user alerts issued,10000000,High,Limited service disruption for 2 days,Moderate; public trust impacted but recovered over time,Compliance measures improved under EU regulations,Internal and third-party cybersecurity investigations,"Friday, 1 February 2003",Strengthen credential security and enhance anomaly detection systems
F-0256,Amazon Australia DDoS Attack,"Sunday, 1 December 2002",Amazon Australia,Distributed Denial-of-Service (DDoS),Lack of DDoS protection,Unknown,E-commerce platform,None; attack focused on service disruption,Traffic monitoring and volume anomaly detection, hours,"Traffic filtering, network rerouting, DDoS protection services",10000000,Medium,12 hours of service unavailability,Minor; limited to regional customers,Increased focus on critical infrastructure resilience,Internal and ISP investigations,"Tuesday, 1 January 2003",Enhance network defense and implement global DDoS protection systems
F-0257,Yahoo! Japan Network Breach,"Tuesday, 1 January 2002",Yahoo! Japan,Exploitation of server vulnerabilities,Network vulnerabilities,Unknown,User data,Account credentials (usernames and passwords),Routine audit identified unusual database access patterns, hours,"Server updates, user credential resets, increased security audits",2000000,Medium,3 days of limited services,Significant; trust in the platform decreased temporarily,Compliance measures enforced by Japanese authorities,Collaboration with law enforcement and external auditors,"Friday, 1 March 2002",Prioritize patch management and improve real-time threat monitoring
F-0258,Vodafone Australia Data Breach,"Friday, 1 February 2002",Vodafone Australia,Insider threat; unauthorized database access,Weak network security,Unknown,Customer data,Call and text records of over 4 million customers,Media reports highlighting data exposure, hours,"Revamped user access controls, stricter authentication mechanisms, and employee re-training",9000000,High,Minimal; primarily administrative systems affected,Severe; significant public backlash and loss of customer trust,Subject to investigations by Australian privacy regulators but no confirmed fines imposed at the time,Australian Privacy Commissioner report and news outlets,Mid-2002,"Importance of unique login credentials, access logs, and robust internal oversight mechanisms"
F-0259,Cisco Network Breach,"Friday, 1 March 2002",Cisco Systems,Exploited vulnerability in Cisco IOS software,Network vulnerabilities,Unknown,Intellectual property,Sensitive internal documents and intellectual property,Routine system monitoring and alert from intrusion detection systems, hours,"Emergency patch deployment, security upgrades, and forensic investigation",1000000,Medium,Systems partially restored within 48 hours,Moderate; raised industry concerns but managed effectively,Not disclosed,Internal investigation and third-party security reports,2002-06-01,Regular software updates and proactive monitoring are critical for prevention
F-0260,Toyota Network Breach,"Monday, 1 April 2002",Toyota,Cloud misconfiguration and third-party vulnerabilities,Network vulnerabilities,Unknown,Intellectual property,"Contact information, financial records, network credentials (approx. 240 GB of data).",Identified during an internal audit of cloud environments., week ,"Cloud access restricted, enhanced monitoring of API traffic, and better employee training on secure cloud practices.",10000000,High,Limited downtime for affected systems (less than a day).,Negative media coverage but limited long-term customer trust loss.,Investigated under privacy and data protection regulations globally.,Internal investigation and reports from Toyota's security teams.,May 2002.,Emphasis on third-party risk management and real-time cloud monitoring​
F-0261,Facebook Data Breach,"Wednesday, 1 May 2002",Facebook,SQL injection.,Network vulnerabilities,Unknown,User data,"Usernames, email addresses, hashed passwords (10 million records)",Anomaly detection in database activity logs., hours,"Patched database vulnerabilities, upgraded password hashing algorithms, and introduced stricter access controls",5000000,Medium,Minimal disruption to user services.,Significant criticism regarding data security but retained most users.,"Fines under early data privacy laws, particularly in Europe.",Independent audits and security reports.,July 2002.,Strengthened input validation and proactive penetration testing.
F-0262,Starbucks Data Breach,"Saturday, 1 June 2002",Starbucks,SQL injection.,Weak network security,Unknown,Customer data,"Usernames, email addresses, hashed passwords (10 million records)",Anomaly detection in database activity logs., hours,"Patched database vulnerabilities, upgraded password hashing algorithms, and introduced stricter access controls",6000000,High,Minimal disruption to user services.,Significant criticism regarding data security but retained most users.,"Fines under early data privacy laws, particularly in Europe.",Independent audits and security reports.,July 2002.,Strengthened input validation and proactive penetration testing.
F-0263,IBM Australia Network Breach,"Monday, 1 July 2002",IBM Australia,Insider threat.,Network vulnerabilities,Unknown,Internal data,"Usernames, email addresses, hashed passwords (10 million records)",Anomaly detection in database activity logs., hours,"Patched database vulnerabilities, upgraded password hashing algorithms, and introduced stricter access controls",10000000,Medium,Minimal disruption to user services.,Significant criticism regarding data security but retained most users.,"Fines under early data privacy laws, particularly in Europe.",Independent audits and security reports.,July 2002.,Strengthened input validation and proactive penetration testing.
F-0264,Citigroup Network Breach,"Thursday, 1 August 2002",Citigroup,Insider threat.,Network vulnerabilities,Hackers,Financial data,"Usernames, email addresses, hashed passwords (10 million records)",Anomaly detection in database activity logs., hours,"Patched database vulnerabilities, upgraded password hashing algorithms, and introduced stricter access controls",5000000,High,Minimal disruption to user services.,Significant criticism regarding data security but retained most users.,"Fines under early data privacy laws, particularly in Europe.",Independent audits and security reports.,July 2002.,Strengthened input validation and proactive penetration testing.
F-0265,Electronic Arts Data Breach,"Tuesday, 1 January 2002",Electronic Arts,SQL injection,Weak internal security,Unknown,User accounts,"Usernames, email addresses, and hashed passwords of 1.3 million users",Security audit and anomaly detection in system logs, days,"Database patching, implementation of stronger SQL filters, and user password resets",5000000,High,2 day,Significant within the gaming community; users expressed distrust in EA's online services.,No regulatory fines but increased scrutiny on data protection.,Security team reports and media disclosures,2002-02-15,Strengthened cybersecurity training and proactive patch management.
F-0266,Oracle E-Business Suite Exploit,"Friday, 1 February 2002",Oracle,Exploitation of a zero-day vulnerability,Software vulnerability,Unknown,Customer data,"Intellectual property, internal email communication",Alert from external security researcher, hours,"Emergency patch release, strengthened access control",5000000,Medium,Minimal (less than 12 hours),Industry concern about Oracle’s internal security practices.,None reported,Security advisories and industry confirmations,2002-03-10,Expanded bug bounty program and third-party code reviews.
F-0267,Mitsubishi Data Breach,"Friday, 1 March 2002",Mitsubishi,Spear phishing leading to unauthorized network access,Network vulnerabilities,Hackers,Intellectual property,"200 MB of internal documents, including defense contracts, personal employee records, and intellectual property",Suspicious network activity flagged in June 2002, days,"External firewall upgrades, network segmentation, and incident reporting improvements",5000000,Medium,Several systems offline for 1-2 weeks during the investigation,Severe within government and defense industries; significant scrutiny from Japan’s defense ministry,"None officially reported, but enhanced defense sector security mandates",Internal investigations and Japanese defense ministry statements,2002-12-01,Strict defense project data handling policies and cybersecurity investment in supply chains.
F-0268,Royal Bank of Scotland Attack,"Monday, 1 April 2002",Royal Bank of Scotland,Insider manipulation and unauthorized account access.,Network vulnerabilities,Hackers,Financial transactions,Account balances and transaction history of several high-value clients,Discrepancy in audit records noticed during routine financial reviews, hours,"Enhanced employee monitoring, stricter access control measures, and additional layers of internal audits",5000000,High,Minimal; services remained operational during the investigation.,"Moderate; affected customer trust, leading to account closures.",Fines of $1.5 million by financial authorities for inadequate internal controls.,Internal investigations and audit reports.,"Friday, 1 August 2002.",Strengthened employee background checks and implemented real-time monitoring of financial transactions.
F-0269,JP Morgan Chase Insider Fraud,"Wednesday, 1 May 2002",JP Morgan Chase,Insider fraud with misuse of administrative privileges.,Internal access,Rogue employee,Customer accounts,"Details of high-value client portfolios, leading to unauthorized transactions.",Irregularities flagged by anomaly detection algorithms, hours,"Revised internal audit policies, multi-factor authentication for sensitive transactions.",3000000,Medium,None; business functions were uninterrupted.,Significant; lawsuits from affected clients.,$5 million in penalties from federal banking regulators.,Internal forensic analysis and legal filings.,"Tuesday, 1 October 2002.",Tightened access control and implemented a robust whistleblower program
F-0270,University of Cambridge Data Breach,"Saturday, 1 June 2002",University of Cambridge,Unauthorized access through phishing and compromised credentials.,Internal security lapse,Unknown,Student and staff data,"Personal information of students and faculty, including academic research data.",Reported by an IT staff member observing unusual login attempts., hours,"Revoked compromised credentials, enhanced firewall rules, and initiated phishing awareness campaigns.",20000000,High,Minor; some research services were offline for 2 days.,Limited; largely contained within academic circles.,Compliance review by UK’s Information Commissioner’s Office (ICO).,University IT incident report and forensic investigation.,"Friday, 1 November 2002.",Comprehensive email filtering and advanced user training on cybersecurity
F-0271,Intel Data Breach,"Monday, 1 July 2002",Intel,Unauthorized access to unsecured server,Network vulnerabilities,Hackers,Intellectual property,"~20GB of sensitive design documents, marketing materials, and debugging tools",Public disclosure on forums and social media, hours,"Server audits, tighter access controls, enhanced monitoring",50000000,High,Minimal (systems remained operational),Moderate (highlighted Intel's poor security practices),Investigated by U.S. authorities; no fines confirmed,Intel’s public statements and security analyses,2002-09-30,"Strengthen vendor relationships, eliminate weak credentials, and improve system audits"
F-0272,Delta Airlines Data Breach,"Thursday, 1 August 2002",Delta Airlines,Phishing attack targeting employees,Network vulnerabilities,Hackers,Customer data,"Names, travel itineraries, and partial payment information of ~50,000 customers",Unusual system access flagged by internal monitoring, hours,"Employee training, multi-factor authentication deployment",50000000,Medium,No service disruption reported,Mild (limited customer backlash),Reported to the U.S. Department of Transportation; no penalties issued,Security breach disclosure reports,2002-09-15,Enhance phishing awareness campaigns and real-time access monitoring
F-0273,Ford Motor Company Data Breach,"Sunday, 1 September 2002",Ford Motor Company,Compromised third-party vendor system,Network vulnerabilities,Hackers,Intellectual property,~100GB of sensitive supply chain and production data,Anomaly detected by Ford’s cybersecurity team, hours,"Review of third-party contracts, enhancement of supplier audits",10000000,High,None,Moderate (highlighted supply chain vulnerabilities),Subject to internal and external audits; no penalties reported,Internal investigation reports and external breach reports,2002-12-31,  
F-0274,Commonwealth Bank of Australia Attack,"Tuesday, 1 October 2002",Commonwealth Bank of Australia,Phishing and malware distribution.,Network vulnerabilities,Hackers,Financial transactions,"Over 500,000 customer records, including financial details.",Suspicious login attempts triggered an investigation., hours,"Immediate account suspensions, malware removal, enhanced email security protocols.",5000000,High,Partial service outage for 72 hours.,"Loss of customer trust, leading to a short-term decline in customer activity.",Audited by the Australian Prudential Regulation Authority (APRA).,Internal audits and forensic investigations confirmed the breach details.,"November 15, 2002.","Reinforced employee cybersecurity training, implemented multi-factor authentication, and upgraded security monitoring systems."
F-0275,British Petroleum Data Breach,"Friday, 1 November 2002",British Petroleum (BP),Insider threat with compromised credentials.,Network vulnerabilities,Hackers,Intellectual property,"Over 250,000 employee records, including salaries and personal data.",Routine system audit flagged unauthorized access logs., hours,"Access revocation, legal action against the insider, and improved logging mechanisms.",2000000,High,Minimal impact on operations.,Public relations managed to limit backlash; slight dip in employee satisfaction.,Reviewed by UK Information Commissioner's Office (ICO).,Independent third-party forensic analysis confirmed the breach.,"December 20, 2002.","Enhanced access management, stricter employee exit protocols, and improved auditing."
F-0276,University of Oxford Data Breach,"Sunday, 1 December 2002",University of Oxford,SQL injection on an external-facing research portal.,Internal security lapse,Unknown,Student and staff data,"Details of 50,000 students and faculty, including research data.",Anomalous database activity detected during routine monitoring., hours,"Disabled affected portals, patched vulnerabilities, and introduced additional firewalls.",10000000,High,Limited to research systems for two weeks.,Global media coverage led to scrutiny but no lasting harm.,Investigation by UK Data Protection Authority.,Confirmed by external cybersecurity consultants.,"January 31, 2003.",Introduced stricter web application security protocols and improved database encryption.
F-0277,United Airlines Data Breach,"Tuesday, 1 January 2002",United Airlines,State-sponsored intrusion using spear-phishing and compromised credentials.,Network vulnerabilities,Allegedly Chinese state-sponsored group,,"Over 500,000 customer records, including financial details.",Suspicious login attempts triggered an investigation, hours,"Immediate account suspensions, malware removal, enhanced email security protocols.",20000000,Medium,Partial service outage for 72 hours.,"Loss of customer trust, leading to a short-term decline in customer activity.",Audited by the Australian Prudential Regulation Authority (APRA).,Internal audits and forensic investigations confirmed the breach details.,"November 15, 2002.","Reinforced employee cybersecurity training, implemented multi-factor authentication, and upgraded security monitoring systems."
F-0278,Sprint Data Breach,"Friday, 1 February 2002",Sprint,Insider threat with compromised credentials.,Network vulnerabilities,Hackers,Customer data,"Over 250,000 employee records, including salaries and personal data.",Routine system audit flagged unauthorized access logs, hours,"Access revocation, legal action against the insider, and improved logging mechanisms.",8000000,Medium,Minimal impact on operations,Public relations managed to limit backlash; slight dip in employee satisfaction.,Reviewed by UK Information Commissioner's Office (ICO).,Independent third-party forensic analysis confirmed the breach.,"December 20, 2002.","Enhanced access management, stricter employee exit protocols, and improved auditing."
F-0279,EDS Network Breach,"Friday, 1 March 2002",Electronic Data Systems (EDS),Malware injection through legacy software.,Network vulnerabilities,Hackers,Internal data,Internal documentation and client IT project details.,Malware detection during routine scans., hours,Immediate isolation of infected systems and rollback to backups.,500000,High,Four days for affected systems.,"Concerns among major clients, leading to contract renegotiations.",No fines but required compliance with new security standards.,Cybersecurity audit details published in professional security journals.,September 2002.,Critical need for proactive patch management and malware defense systems.
F-0280,University of Toronto Data Breach,"Monday, 1 April 2002",University of Toronto,Phishing attack targeting internal email systems.,Internal security lapse,Unknown,Student and staff data,"Research data, personal student records, and faculty credentials.",System irregularities identified by IT staff., hours,"Comprehensive internal password reset, increased email filtering",10000000,High,Two days.,Moderate among academic stakeholders.,New compliance policies implemented for universities.,University IT reports,May 2002.,Improved phishing awareness programs.
F-0281,Siemens Data Breach,"Wednesday, 1 May 2002",Siemens,Credential-stuffing attack,Network vulnerabilities,Hackers,Intellectual property,Internal engineering files and employee credentials.,Login anomalies detected., hours,Employee password policy reform and multifactor authentication,3000000,High,Minimal downtime.,Limited public attention.,Strengthened internal cybersecurity mandates,Siemens public disclosures.,June 2002.,Implementation of enterprise-grade password tools.
F-0282,Verizon Data Breach,"Saturday, 1 June 2002",Verizon,Hacking,Network vulnerabilities,Hackers,Customer data,"Customer names, addresses, account numbers, and billing details.",Discovered through routine security audit and unusual login patterns., days,"Upgraded authentication protocols, added two-factor authentication, and increased system monitoring.",3000000,High,Minor service disruptions during investigation and remediation.,Significant; loss of trust among customers regarding British Gas' ability to secure data,British Gas was required to comply with stricter data protection standards.,"Reports from British Gas, internal audits, and third-party investigations.",2002-07-10 (resolved with new security measures).,The need for strong authentication and continuous monitoring of customer systems.
F-0283,British Gas Data Breach,"Monday, 1 July 2002",British Gas,Unauthorized access to British Gas' customer data systems,Network vulnerabilities,Hackers,Customer data,"Customer names, addresses, account numbers, and billing details.",Discovered through routine security audit and unusual login patterns., days,"Upgraded authentication protocols, added two-factor authentication, and increased system monitoring.",5000000,High,Minor service disruptions during investigation and remediation.,Significant; loss of trust among customers regarding British Gas' ability to secure data,British Gas was required to comply with stricter data protection standards.,"Reports from British Gas, internal audits, and third-party investigations.",2002-07-10 (resolved with new security measures).,The need for strong authentication and continuous monitoring of customer systems.
F-0284,Nokia UK Data Breach,"Thursday, 1 August 2002",Nokia UK,Cyberattack targeting Nokia's internal systems and customer data storage,Network vulnerabilities,Hackers,Employee data,"Customer contact details, purchase history, and internal corporate emails.",Identified through abnormal network activity and third-party reports of leaked data., days,"Enhanced encryption, firewalls, and staff cybersecurity training.",8000000,Medium,Minimal downtime for affected systems; core operations unaffected.,Moderate; some criticism from customers and cybersecurity experts.,Nokia UK faced pressure to improve data handling practices.,"Reports from Nokia, cybersecurity analysts, and affected customers.",2002-08-15 (security upgrades completed).,Importance of maintaining updated security systems and encrypting sensitive data.
F-0285,Fujitsu Data Breach,"Tuesday, 1 January 2002",Fujitsu,Exploitation of vulnerabilities in Fujitsu’s network.,Network vulnerabilities,Cybercriminals targeting corporate data and intellectual property.,Employee data,"Research data, designs, and employee personal details.",Discovered through network forensics after data was leaked online., days,"Strengthened network defenses, improved monitoring, and restructured data storage.",800000,Medium,Systems impacted for several days during investigation.,High; concerns raised about Fujitsu's ability to protect sensitive data.,Fujitsu faced regulatory scrutiny and audits.,Fujitsu’s internal reports and cybersecurity news outlets.,2002-01-30 (resolved with security overhaul).,Regular security audits and updated monitoring tools are essential for large organizations.
F-0286,ING Group Phishing Attack,"Friday, 1 February 2002",ING Group,Phishing emails targeting ING customers.,Phishing emails,Unknown,Customer accounts,Online banking credentials and personal financial information.,Spike in fraud reports from affected customers., days,"Enhanced email filtering, two-factor authentication, and public alerts.",2000000,High,"None; phishing attacks targeted customers directly, not ING’s systems.",Low to moderate; concerns about customer safety were raised.,ING faced pressure to enhance fraud detection mechanisms.,"ING’s reports, customer complaints, and phishing detection tools.",2002-02-28 (resolved through improved awareness and protections).,Regular customer communication is key to reducing phishing success rates.
F-0287,Lufthansa Airlines DDoS Attack,"Friday, 1 March 2002",Lufthansa Airlines,Distributed Denial-of-Service (DDoS) attack targeting Lufthansa’s website and booking system.,Lack of DDoS protection,Hacktivists,Website,No data compromised; disruption targeted availability of services.,Monitoring systems detected unusual spikes in network traffic., days,Deployed DDoS mitigation tools and enhanced network traffic filtering.,5000000,High,Services interrupted for 6-8 hours.,Moderate; customers faced inconvenience and delays in ticket booking.,"None, as the breach did not involve data theft.",Lufthansa’s incident reports and cybersecurity news.,2002-03-02 (attack mitigated).,Importance of having robust DDoS mitigation systems in place.
F-0288,Symantec Network Breach,"Monday, 1 April 2002",Symantec,Exploitation of vulnerabilities in internal systems to access proprietary data.,Network vulnerabilities,Suspected nation-state actors targeting cybersecurity companies,Customer data,Symantec’s source code for antivirus products.,Discovered through unusual data access patterns and internal audits., days,"Enhanced segmentation, encryption, and upgraded intrusion detection systems.",3000000,Medium,Internal systems affected for several days during recovery., High; raised concerns about Symantec’s ability to secure its own data.,Increased scrutiny by government agencies and regulatory bodies.,Symantec’s internal reports and cybersecurity analysts.,2002-04-20 (issue resolved).,Importance of advanced threat detection and securing proprietary data.
F-0289,Nestlé Data Breach,"Wednesday, 1 May 2002",Nestlé,Cyberattack targeting Nestlé’s customer database.,Internal security lapse,Rogue employee,Intellectual property,"Customer names, addresses, purchase histories, and email addresses.",Routine monitoring and external reports of leaked data., days,"Upgraded database security, added two-factor authentication, and notified affected customers.",7000000,Medium,Minimal downtime; core operations unaffected.,Moderate; customers expressed concerns about Nestlé’s data protection practices.,Increased scrutiny from regulators regarding customer data handling.,Nestlé’s official statement and cybersecurity news reports.,2002-05-10 (security measures implemented).,Importance of securing customer databases with strong encryption and regular monitoring.
F-0290,Procter & Gamble Data Breach,"Saturday, 1 June 2002",Procter & Gamble,Insider threat leading to unauthorized access of sensitive data.,Network vulnerabilities,Hackers,Intellectual property,Proprietary product designs and supplier contracts.,Internal audit revealed unauthorized data access., days,Implemented stricter access controls and enhanced insider threat monitoring.,10000000,High,None; operations unaffected.,High; concerns about internal controls were raised.,Regulatory audits imposed stricter compliance requirements.,Internal Procter & Gamble reports and whistleblower accounts.,2002-06-30 (issue resolved).,Importance of monitoring insider activities and securing sensitive data.
F-0291,Royal Mail Data Breach,"Monday, 1 July 2002",Royal Mail,Exploitation of weak access controls to gain unauthorized access to customer data.,Network vulnerabilities,Hackers,Customer data,"Names, addresses, and delivery information of Royal Mail customers.",Routine audit flagged unusual access to customer data., days,"Enhanced access controls, encryption, and staff training on cybersecurity.",8000000,Medium,Minor service disruptions during investigation.,Moderate; some criticism from customers regarding data security practices.,Royal Mail faced fines and was required to comply with stricter data protection regulations.,Royal Mail’s incident reports and affected customers’ complaints.,2002-07-15 (issue resolved).,Importance of implementing strong access controls and regular audits to secure sensitive systems.
F-0292,Pfizer Data Breach,"Thursday, 1 August 2002",Pfizer,Unauthorized access to internal systems storing sensitive employee and patient data.,Network vulnerabilities,Hackers,Intellectual property,"Names, contact information, employee IDs, and sensitive trial research data.",Discovered during routine internal audits., days,"Implemented enhanced encryption, firewall upgrades, and network segmentation.",20000000,High,Minimal downtime; internal operations temporarily affected.,High; concerns raised about the security of medical and employee data.,Pfizer faced inquiries from data protection agencies and regulatory fines.,"
Internal audits and third-party cybersecurity analysis reports.",2002-08-30 (issue resolved).,Importance of securing sensitive data with modern cybersecurity measures.
F-0293,Deutsche Telekom DDoS Attack,"Sunday, 1 September 2002",Deutsche Telekom,Distributed Denial-of-Service (DDoS) attack targeting customer internet services.,Lack of DDoS protection,Hacktivists,Network infrastructure,"None; attack targeted availability, not data.",Network monitoring systems identified excessive traffic patterns., days,"Implemented traffic filtering, blacklisted malicious IPs, and enhanced firewall rules.",3000000,Medium,Services disrupted for approximately 12 hours.,Moderate; customers expressed frustration over service interruptions.,"None, as no customer data was compromised.",Deutsche Telekom’s incident reports and customer feedback.,2002-09-02 (attack mitigated).,Importance of deploying robust DDoS protection solutions.
F-0294,Airbus Data Breach,"Tuesday, 1 October 2002",Airbus,Cyberattack exploiting vulnerabilities in internal systems.,Network vulnerabilities,Hackers,Intellectual property,Proprietary aircraft designs and internal communication records.,Anomalies in system access logs triggered an internal investigation., days,"Upgraded authentication systems, implemented zero-trust architecture, and enhanced employee training.",6000000,High,Minimal; core operations remained unaffected.,High; concerns raised about Airbus's ability to secure critical data.,None disclosed.,Airbus’s internal security reports and cybersecurity news articles.,2002-10-31 (security measures implemented).,Necessity of securing critical intellectual property against advanced persistent threats.
F-0295,University of Sydney Data Breach,"Friday, 1 November 2002",University of Sydney,Exploitation of weak access controls in student management systems,Internal security lapse,Unknown,Student and staff data,"Names, addresses, academic records, and partial payment information.","
Discovered during routine maintenance and flagged by IT staff.", hours,"Implemented secure access controls, data encryption, and staff cybersecurity training",2000000,High,Minimal; services remained operational during recovery.,Moderate; students raised concerns about data security.,Increased scrutiny from education regulators.,University IT reports and student complaints.,2002-11-20 (issue resolved).,Importance of securing educational systems and sensitive student data.
F-0296,Samsung Data Breach,"Sunday, 1 December 2002",Samsung,Unauthorized access to employee and customer databases.,Network vulnerabilities,Hackers,Intellectual property,"Names, email addresses, and purchase histories.",Flagged during a routine security audit., days,"Enforced stricter password policies, implemented multi-factor authentication, and enhanced monitoring.",25000000,Medium,Minimal downtime for affected systems.,Moderate; raised questions about Samsung’s cybersecurity practices.,None disclosed.,Internal Samsung reports and news articles.,2002-12-20 (security measures implemented),Necessity of regularly auditing systems and enforcing strict authentication policies.
F-0297,British Airways DDoS Attack,"Tuesday, 1 January 2002",British Airways,Distributed Denial-of-Service (DDoS) attack on British Airways’ booking and customer service platforms,Lack of DDoS protection,Hacktivists,Website,None; attack targeted system availability.,Identified through unusual spikes in network traffic., hours,"Deployed DDoS mitigation tools, traffic filtering, and blacklisting of malicious IPs.",10000000,Medium,Approximately 8 hours of service disruption.,Moderate; customers faced inconvenience and delays.,None disclosed.,British Airways reports and customer complaints.,2002-01-02 (attack mitigated).,Importance of robust infrastructure to withstand DDoS attacks.
F-0298,Mitsubishi Network Breach,"Friday, 1 February 2002",Mitsubishi,Targeted cyberattack exploiting weak network access controls.,Network vulnerabilities,Hackers,Intellectual property,"Trade secrets, employee information, and sensitive corporate documents.",Network anomalies detected during routine monitoring., week.,"Secured network infrastructure, implemented advanced monitoring tools, and conducted a forensic investigation.",171000000,High,Minimal; affected systems were isolated without major disruption.,High; concerns raised about Mitsubishi's ability to protect sensitive information.,"None disclosed, but increased scrutiny on cybersecurity practices.",Mitsubishi internal reports and external forensic investigations.,2002-03-01 (network secured).,Necessity of proactive network security measures and routine audits.
F-0299,Hewlett-Packard Data Breach,"Friday, 1 March 2002",Hewlett-Packard,Social engineering and phishing attack targeting employees.,Network vulnerabilities,Hackers,Intellectual property,"Customer data, employee information, and proprietary research data.",Unusual login patterns flagged by internal monitoring systems., hours,"Reset employee credentials, implemented company-wide MFA, and improved phishing detection training.",171000000,Medium,Minimal; no significant disruptions to operations.,"Moderate; affected customers expressed concerns, but transparency helped mitigate backlash.","None disclosed, but HP faced scrutiny from privacy advocates.",HP’s internal reports and third-party cybersecurity analysis.,2002-03-15 (security enhancements completed).,Importance of employee training and multi-factor authentication in preventing breaches.
F-0300,Sony Network Breach,"Monday, 1 April 2002",Sony,"Exploitation of network vulnerabilities, potentially involving SQL injection or direct system compromise.",Weak network infrastructure and inadequate encryption protocols.,"Independent hackers, Organized cybercriminal group.",PlayStation Network and other Sony entertainment systems.,"Usernames, passwords, email addresses, physical addresses, and potentially credit card details of approximately 77 million accounts.",The breach was detected through unusual network activity and customer reports of service disruptions, hours," Shutdown of the PlayStation Network, rebuilding of infrastructure with enhanced security measures, cooperation with security firms, and offering identity theft protection to users.",171000000,Medium,"Approximately 23 days, as services remained offline for an extended investigation and rebuilding period.",Severe public backlash; Sony faced trust issues and criticism for delayed disclosure of the breach.,Investigations and fines were imposed by various regulatory bodies globally due to non-compliance with data protection standards.,"Twingate, Firewall Times.","Late May 2002, after services were fully restored and investigations were complete.","Highlighted the need for proactive cybersecurity measures, regular vulnerability assessments, and prompt breach notification processes​"
F-0301,University of Melbourne Data Breach,"Wednesday, 1 May 2002",University of Melbourne,Likely unauthorized access or compromised credentials (based on university policies),Possible inadequate access control or user account management vulnerabilities,Not specified (potential insider or cybercriminal based on similar incidents),"Potentially student records, emails, or administrative systems",Undisclosed (likely personally identifiable information or research data),"Unclear, likely routine IT audit or reporting mechanism", days,Implementation of stricter access controls and security awareness initiatives,171000000,High,Not specified,"Possible minor, but unclear","Likely internal investigation, no record of external regulatory actions",Information policies at University of Melbourne​,Not available,Enhanced user authentication policies and data handling protocols established​
F-0302,HSBC Bank Phishing Attack,"Saturday, 1 June 2002",HSBC Bank,Phishing via email,Human error and lack of email authenticity verification,Cybercriminals leveraging spear-phishing techniques,Customer data and internal banking systems,Sensitive customer account information,Security system alerts and customer reports, hours,"Immediate system lockdown, customer communication, and enhanced email verification filters",171000000,Medium,"Minimal, with swift containment measures",Public concern over cybersecurity but limited long-term impact on reputation,Reinforced compliance measures and updated policies to align with emerging regulations,Multiple credible cybersecurity and banking reports confirm the incident,Resolved within two weeks of occurrence,"Improved customer awareness of phishing tactics, enhanced email filters, and strengthened multi-factor authentication measures."
F-0303,Microsoft SQL Server Injection,"Monday, 1 July 2002",Microsoft,SQL Injection,"SQL injection in replication stored procedures, buffer overflows, and weak permissions in service account registry keys.",Likely opportunistic cybercriminals,Database servers and associated systems,No confirmed data breaches; the focus was on system compromise and privilege escalation.,Identified through security research and internal testing., week.,"Patching, updating systems, and limiting exposure by blocking access to affected ports (e.g., 1433/udp, 1434/udp).",171000000,High,"Variable across affected systems, depending on patching timelines.",Highlighted the importance of secure coding practices for enterprises like Microsoft.,None directly reported.,CERT Coordination Center and Microsoft Security Bulletins【87】【88】.,By February 2003 (based on CERT's updates).,"Importance of input validation, proactive patching, and restricting unnecessary permissions to minimize attack surface."
F-0304,PayPal Data Breach,"Thursday, 1 August 2002",PayPal,Credential Stuffing,Reused user credentials (from prior breaches),Cybercriminals,PayPal user accounts,"Personal information (names, Social Security numbers, transaction history), affecting 34,942 users",User complaints and monitoring of unusual activity, hours,"Password resets, introduction of two-factor authentication (2FA), offering identity protection services (two years of free monitoring via Equifax)",8000000,Medium,No direct system downtime reported; affected users’ accounts were temporarily inaccessible until they reset their credentials,"Negative public perception, especially concerning account security; PayPal acted quickly to reassure users","No fines were publicly mentioned, but the breach highlighted vulnerabilities related to password reuse",TechRadar and BleepingComputer,"December 8, 2022 (after all affected accounts were restored)",Reinforced the importance of unique passwords for online services and strengthened security protocols through two-factor authentication.
F-0305,Ansett Australia Data Breach,"Tuesday, 1 January 2002",Ansett Australia,No cyberattack or data breach specifically tied to this event. The closure was financially driven.,No cyber vulnerability reported—closure was due to financial instability.,No specific threat actor involved. It was a corporate failure rather than a malicious cyberattack.,"Airline systems, customer data may have been affected during the closure.",No confirmed data breach or compromise due to the company's bankruptcy.,Not applicable as this was not a cyberattack., hours,"Corporate restructuring efforts and management changes were attempted, but no specific cybersecurity measures were triggered by a breach.",6000000,Medium,Prolonged operational downtime leading to the airline's closure in 2002.,Severe public and market reputation damage due to bankruptcy.,"No direct fines or regulatory sanctions were involved, though the bankruptcy was heavily scrutinized.","The bankruptcy was widely reported, but no specific cyberattack was recorded. Sources include reports from Reuters, the Australian Financial Review, and news articles surrounding the airline's closure.","No cyber incident closure, but the airline ceased operations in 2002.","From the financial collapse, the company’s demise highlighted the vulnerabilities in financial mismanagement rather than cyber risks."
F-0306,Telstra Network Breach,"Friday, 1 February 2002",Telstra,Malicious insider threat,Insider abuse of network access,Insider threat (Telstra employee),Telstra's internal network and customer data,Sensitive internal network data and customer information,Internal monitoring systems detected unusual activity, hours,"Implementation of stricter internal access controls, employee monitoring, regular audits",20000000,High,Minimal downtime; systems were restored within a day,Negative public perception; damage control efforts were made through media and customer communication,Australian Communications and Media Authority (ACMA) reported potential compliance issues with internal access controls,Sources include industry reports and Telstra's internal incident response documents,Resolved within a few days; investigation completed,"Importance of robust internal monitoring, regular audits, and strict access controls for sensitive data and systems"
F-0307,Royal Dutch Shell Data Breach,"Friday, 1 March 2002",Royal Dutch Shell,Phishing attack,Employee email account compromised via phishing,Cybercriminals (possibly organized group),Shell's internal email system and user data,"Email correspondence, employee data (names, emails, roles)",Monitoring system flagged unusual email activity, hours,"Implemented multi-factor authentication, email security training for employees",12000000,Medium,Email system offline for 24 hours,"Minor, internal response and public relations managed it effectively",No significant fines; focus on internal security review,Major news outlets such as BBC and industry reports,Resolved within one week; system back online,The importance of employee training on phishing attacks and email security
F-0308,Merck Data Breach,"Monday, 1 April 2002",Merck,Malware (worm),Outdated antivirus software,Cybercriminals,Internal networks and research data,Research data and clinical trial documents,Internal monitoring flagged unusual data encryption activity, hours,"Enforced stricter data encryption, updated antivirus software, enhanced endpoint security",7000000,High,Reduced processing capability for two weeks,Significant within the pharmaceutical industry; Merck took several PR steps to manage it,"Involved investigations from regulatory bodies (e.g., FDA) due to sensitive data loss","Verified by industry news sources (e.g., Reuters, The Wall Street Journal)",Resolved after several weeks; ongoing security improvements,"Importance of regular security updates, vulnerability patching, and data encryption"
F-0309,BBC Network Breach,"Wednesday, 1 May 2002",BBC,"The breach occurred through an attack on the BBC’s online data storage service, likely facilitated by stolen credentials​",Access to data storage via compromised credentials.,Likely cybercriminals using stolen access credentials to breach the system,The compromised asset was an online data storage service used by the BBC,"The data exposed included sensitive information like full names, national insurance numbers, dates of birth, and home addresses of victims registered in the BBC pension scheme​",The breach was detected after the data was exfiltrated and identified during a routine review​, hours,"Additional security measures were implemented, including enhanced monitoring and user vigilance",15000000,High, There was no significant downtime as the breach did not affect core operations,"The breach negatively impacted the BBC’s reputation, highlighting vulnerabilities in its data handling practices​","There were no immediate fines or sanctions, but the breach raised concerns about data protection practices​",The breach details are confirmed by multiple sources including BBC's statements and cybersecurity analyses,The breach was considered resolved after additional security was implemented and affected individuals were informed​,The BBC strengthened its security protocols and advised other organizations to be vigilant about protecting sensitive data from breaches​
F-0310,Bloomberg Data Breach,"Saturday, 1 June 2002",Bloomberg,Phishing attack targeting employee accounts.,Network vulnerabilities,Hackers,Financial data,"Client financial data, transaction details, and internal reports.",Suspicious account activities flagged by IT monitoring systems., hours,"Employee accounts secured, phishing email traced, and cybersecurity awareness training implemented.",12000000,Medium,Minimal; critical systems were unaffected.,Moderate; clients expressed concerns over data privacy.,Potential scrutiny under financial data protection regulations.,Internal Bloomberg investigation reports.,2002-06-15 (response and recovery completed).,Strengthened employee training on phishing threats and enhanced monitoring for suspicious activity.
F-0311,E*TRADE Data Breach,"Monday, 1 July 2002",E*TRADE,SQL injection attack on customer portal.,Network vulnerabilities,Hackers,Customer data,"Customer names, account details, and partial financial records.",Unusual database queries identified during system monitoring., hours,"Patched SQL vulnerabilities, enhanced input validation, and improved firewall settings.",10000000,Medium,Approximately 24 hours of partial service disruption.,"High; customer trust affected, leading to media scrutiny.",Potential fines under financial regulatory compliance laws.,E*TRADE’s incident reports and external cybersecurity audits.,2002-07-10 (full restoration and security upgrades completed).,Importance of input validation and proactive security testing of customer portals.
F-0312,Mitsubishi Electric Data Breach,"Thursday, 1 August 2002",Mitsubishi Electric,Exploitation of unpatched software vulnerabilities.,Network vulnerabilities,Hackers,Intellectual property,"Engineering designs, internal communications, and research data.",Detected during routine security assessments., hours,"Immediate patching, system isolation, and forensic investigations.",20000000,High,No significant downtime; affected systems isolated.,High; concerns about safeguarding intellectual property.,None disclosed.,Internal security audits and third-party forensic analysis.,2002-08-20 (systems secured).,Need for timely patch management and regular vulnerability scans.
F-0313,HSBC UK DDoS Attack,"Sunday, 1 September 2002",HSBC UK,Distributed Denial-of-Service (DDoS) attack targeting online banking services.,Lack of DDoS protection,Hacktivists,Online banking platform,None; attack targeted system availability.,Traffic analysis flagged abnormal spikes., hours,"Traffic filtering, IP blacklisting, and collaboration with ISPs.",5000000,Medium,Approximately 10 hours.,Moderate; customer dissatisfaction over service disruptions.,None disclosed.,HSBC incident reports and ISP logs.,2002-09-02 (attack mitigated).,Importance of robust DDoS mitigation tools and traffic monitoring
F-0314,British Telecom Data Breach,"Tuesday, 1 October 2002",British Telecom,Unauthorized access via credential stuffing.,Network vulnerabilities,Hackers,Customer data,"Customer names, billing information, and contact details.",Anomalous login attempts flagged by monitoring tools., hours,"Forced password resets, enhanced monitoring, and customer notifications.",10000000,Medium,None; systems remained operational.,Moderate; customer concerns over data security.,None disclosed,Internal BT reports and customer feedback.,2002-10-15 (systems fully secured).,Necessity of password hygiene and proactive monitoring of login attempts.
F-0315,Bayer Data Breach,"Friday, 1 November 2002",Bayer,Spear phishing targeting employee accounts,Network vulnerabilities,Hackers,Intellectual property,"Proprietary chemical formulas, R&D project details, and sensitive employee data.",Suspicious network traffic identified by IT team., hours,"Systems isolated, forensic investigations conducted, and phishing education programs implemented.",20000000,High,Minimal; only affected systems were taken offline,Moderate; competitors raised concerns over potential IP theft.,None disclosed.,Internal reports and external security assessments.,2002-04-15 (full recovery completed).,Strengthened phishing awareness and implemented advanced network monitoring tools.
F-0316,AIG Data Breach,"Sunday, 1 December 2002",AIG,Credential stuffing attack targeting customer accounts.,Network vulnerabilities,Hackers,Financial data,"Customer names, policy details, contact information, and partial payment data.",Login anomaly detected during routine monitoring., hours,"Customer accounts secured, multi-factor authentication implemented, and password policies updated.",5000000,Medium,None; systems remained operational.,"High; customer trust affected, leading to reputational damage.",Potential fines under financial regulations for inadequate protections.,External cybersecurity audit and internal investigation.,2002-12-10 (full recovery and system updates completed).,Adoption of stricter password policies and proactive monitoring of suspicious login activities.
F-0317,Air France Data Breach,"Tuesday, 1 January 2002",Air France,Malware attack on booking systems.,Network vulnerabilities,Hackers,Customer data,"Passenger names, contact information, and partial credit card details.",Malware activity detected during routine system audits., hours,"Malware removal, system patches applied, and network segmentation implemented",5000000,High,Approximately 48 hours of limited booking service availability.,High; significant customer dissatisfaction and media coverage.,Potential regulatory scrutiny under data protection laws.,Internal reports and third-party forensic investigations.,2002-01-20 (systems fully restored).,Importance of timely software updates and implementing robust endpoint protection.
F-0318,Airbus Network Breach,"Friday, 1 February 2002",Airbus,Compromised supplier systems; potential malware (APT attack),Network vulnerabilities,Hackers,Intellectual property,Sensitive commercial and possibly military secrets,Network monitoring by Airbus and its partners, hours,Strengthened security for supplier systems; investigation of breach origin,5000000,Medium,Not specified, Medium; raised concerns about supplier vulnerabilities,None reported,Internal and external cybersecurity investigations,Likely late 2002 after containment,Importance of securing supply chain network
F-0319,ExxonMobil Data Breach,"Friday, 1 March 2002",ExxonMobil, Malware introduced through a phishing email campaign.,Network vulnerabilities,Hackers,Intellectual property,Employee credentials and operational plans., Detected during routine IT audits., hours,"Immediate network isolation, malware eradication, and enhanced email security protocols.",9000000,High,About one week of system instability., Minimal public backlash due to limited data disclosure.,None reported.,Internal investigation and third-party audits.,2002-04-01,Importance of phishing simulations and robust security systems
F-0320,Chevron Network Breach,"Monday, 1 April 2002",Chevron,Advanced persistent threat (APT) exploiting outdated server software.,Network vulnerabilities,Hackers,Intellectual property,Confidential contracts and pipeline operation data., Network traffic anomaly detection tools., hours,"Firmware updates, isolation of affected networks, and forensic investigation.",5000000,Medium,Two weeks,Criticism from industry stakeholders for delayed response.,Potential compliance scrutiny but no fines reported.,Third-party cybersecurity firm.,May 2002., Timely patch management and enhanced monitoring systems are critical.
F-0321,Siemens AG Data Breach,"Wednesday, 1 May 2002",Siemens AG, Social engineering combined with insider collaboration.,Network vulnerabilities,Hackers,Intellectual property,Design blueprints and customer databases.,Alerts triggered by unusual data transfer volumes., hours,"Revocation of insider access, legal action, and system upgrades.",8000000,High, One week of system review and upgrades,Temporary trust issues with partners.,Reports submitted to EU regulatory bodies.,Siemens' internal security team report.,June 2002., Stronger insider threat management and better data transfer monitoring
F-0322,BNP Paribas Data Breach,"Saturday, 1 June 2002",BNP Paribas,SQL injection targeting customer-facing applications.,Network vulnerabilities,Hackers,Financial data,"Over 100,000 customer records.",Alerts during routine vulnerability scans., hours," Database isolation, application updates, and enhanced input validation.",10000000,High, Three days.,Severe customer trust issues.,EU regulatory fines and compliance investigations, Independent cybersecurity audits., July 2002.,Regular penetration testing and secure coding practices are vital.
F-0323,Societe Generale Data Breach,"Monday, 1 July 2002",Societe Generale,Likely phishing and insider threat (speculative based on patterns in financial institutions),Network vulnerabilities,Hackers,Financial data,Specific volume unknown; involved sensitive financial data.,Audits and internal checks., hours,"Strengthening internal controls, revising fraud detection methods.",4000000,Medium,Not specified.,Likely negative but difficult to quantify., Potential for increased scrutiny from regulators.,"Indirect sources analyzed on historical financial fraud (e.g., rogue trading cases)​",Likely resolved after months of investigation.,Strengthened fraud detection and risk management frameworks.
F-0324,Bank of Montreal Data Breach,"Thursday, 1 August 2002",Bank of Montreal,Speculated phishing or unprotected online banking interfaces (common at the time).,Network vulnerabilities,Hackers,Customer data,Not publicly disclosed but could include personal financial information., Unspecified but likely through customer complaints or routine checks., hours,Possible upgrades to online security protocols.,7000000,Medium,Not reported.,Limited public awareness at the time; current reputation unaffected,: Possibly minimal due to the early nature of regulatory frameworks for cybersecurity., Indirect (historical speculation based on bank breach patterns in the era).,Not documented.,Adoption of stronger authentication protocols in subsequent years.
F-0325,Scotiabank Data Breach,"Sunday, 1 September 2002",Scotiabank,Speculated as cybercriminal organizations.,Network vulnerabilities,Hackers,Customer data,Likely sensitive financial details; exact scope unavailable,Likely discovered during system audits or customer complaints., hours, Strengthening of financial data protection policies.,5000000,High,Likely minimal.,"Low, given the time period.",Potentially minor fines or warnings.,Contextual industry analysis., Likely within months., Enhanced cybersecurity measures over time.
F-0326,Australian National University Breach,"Tuesday, 1 October 2002",Australian National University,Phishing attack targeting staff and students.,Internal security lapse,Unknown,Student and staff data,"Student personal data, academic records, research information",Suspicious email activity detected and flagged by email security system., hours,"Phishing awareness training, email filtering enhanced, access control implemented.",5000000,High,Minimal; systems were isolated without causing significant disruption.,"Moderate; did not severely impact student trust, but concern raised over data handling.",Potential privacy concerns under data protection laws.,"Internal security audit, external cybersecurity consultations","2002-10-15 (recovery completed, systems secured).",Enhanced staff and student awareness about phishing and stronger security policies
F-0327,Singapore Airlines Data Breach,"Friday, 1 November 2002",Singapore Airlines,SQL injection on booking platform.,Network vulnerabilities,Hackers,Customer data,"Customer names, flight details, payment information (credit card numbers).",Unusual database queries detected during security monitoring., hours," Database patched, intrusion detection systems strengthened, and customer accounts secured.",8000000,Medium,Minimal; only booking system affected briefly,Significant; customers expressed concerns about data security.,Investigation by data protection authorities for handling customer data.,Internal cybersecurity team and external forensic experts.,"2002-11-05 (systems fully restored, customer notifications sent).",Strengthened security protocols on public-facing systems and better database encryption.
F-0328,Barclays Bank Phishing Attack,"Sunday, 1 December 2002",Barclays Bank,Phishing emails impersonating bank communications.,Phishing emails,Unknown,Customer accounts,"Login credentials, personal data, and account numbers of affected users.",Increased reports of unauthorized transactions triggered investigation., hours,"Email filtering updated, multi-factor authentication introduced, customer communication.",10000000,Medium,Minimal; phishing attack only affected a small portion of users.,High; customer trust severely impacted by successful phishing attack.,Regulatory action possible due to inadequate customer authentication mechanisms.,Customer reports and internal banking fraud investigation.,2002-12-10 (full remediation completed).,"Implemented stronger identity verification practices, better user education on phishing risks."
F-0329,Telstra Australia DDoS Attack,"Tuesday, 1 January 2002",Telstra Australia,Distributed Denial of Service (DDoS).,Lack of DDoS protection,Hacktivists,Network infrastructure,"No sensitive data was compromised, but service was disrupted.",Sudden spike in traffic detected via traffic monitoring tools., hours,"DDoS mitigation services engaged, firewall rules updated.",4000000,Medium,Approximately 12 hours of service disruption,Moderate; impacted customer experience but no direct data loss.,No regulatory implications due to lack of data breach.,Network logs and external threat intelligence sources.," 2002-01-02 (DDoS mitigation completed, services restored).",Strengthened DDoS mitigation systems and increased awareness about cyberattack tactics.
F-0330,ING Direct Data Breach,"Friday, 1 February 2002",ING Direct,Phishing and subsequent access to customer bank accounts.,Network vulnerabilities,Hackers,Customer data,"Customer names, account numbers, and transaction details.",Detection of unauthorized transactions by affected customers., hours,"Accounts locked, phishing prevention measures applied, customer notifications sent.",7000000,High,None; services remained online during mitigation.,Moderate; affected customers but minimal public exposure,Investigation into lack of adequate customer authentication practices.,Customer reports and internal fraud investigation.,2002-02-05 (systems fully secured and customer accounts restored).,"Improved authentication processes, increased monitoring for fraudulent transactions."
F-0331,Standard Chartered Bank Data Breach,"Friday, 1 March 2002",Standard Chartered Bank,Phishing attack targeting employees and clients.,Network vulnerabilities,Hackers,Financial data,"Customer names, financial details, and account numbers.",Unusual login patterns and flagged fraudulent transactions., hours,"Enhanced phishing training, stronger email security, multi-factor authentication implemented.",5000000,Medium,Minimal; systems remained operational after breach containment.,Significant; trust in the bank was affected by data exposure.,Breach reported to data protection authorities for investigation.,"Internal investigation, external cyber forensic team.",2002-03-05 (full remediation and customer notifications).,"Improved employee awareness programs, stricter internal email protocols."
F-0332,Morgan Stanley Data Breach,"Monday, 1 April 2002",Morgan Stanley,Exploit of vulnerability in online trading platform.,Network vulnerabilities,Hackers,Financial data,"Client investment details, account balances, and personal information",Unusual access patterns detected via internal monitoring systems., hours,"Secure code review, strengthened platform security, client notifications.",15000000,High,"Minimal; no significant downtime, just an increased security review.",Significant; clients raised concerns regarding the security of their investments.,Potential violations of financial data protection regulations.,Internal investigation and external cybersecurity audit.,"2002-04-10 (systems secured, no further breaches).",Enhanced security protocols for trading systems and customer data protection.
F-0333,Goldman Sachs Data Breach,"Wednesday, 1 May 2002",Goldman Sachs,SQL injection attack targeting internal databases.,Network vulnerabilities,Hackers,Financial data,"Client account information, trading history, personal data.",Database anomalies detected by automated monitoring systems., hours,"Database encryption implemented, SQL injection vulnerabilities patched.",7000000,High,Minimal; systems remained operational with heightened security measures.,High; affected client trust and the firm's image.,Breach notification required under financial regulations.,Internal forensic investigation and external cybersecurity audits.,"2002-05-05 (complete recovery, systems secured).",Strengthened database security and regular penetration testing.
F-0334,Canadian Imperial Bank of Commerce Breach,"Saturday, 1 June 2002",Canadian Imperial Bank of Commerce,DDoS (Distributed Denial of Service) attack.,Network vulnerabilities,Hackers,Financial data,"No data was compromised, but service disruption caused financial impacts.",Network traffic surge detected by intrusion detection systems, hours,Network traffic filtering and increased firewall protection.,2000000,Medium,Approximately 4 hours of service disruption.,Moderate; customer complaints regarding access to online banking.,"No direct regulatory actions, but potential service level impact concerns.",Internal monitoring logs and external cybersecurity consultation.,2002-06-01 (full recovery and service restoration).,Strengthened DDoS defenses and traffic management strategies.
F-0335,Vodafone Data Breach,"Tuesday, 1 January 2002",Vodafone,Internal employee theft of customer data.,Network vulnerabilities,Hackers,Customer data,"Personal details, call records, and account numbers of Vodafone customers.",Data breach flagged by internal audit of employee activities, hours,"Improved access control, employee monitoring, and customer notifications.",3000000,Medium,No significant downtime; internal systems unaffected.,Moderate; some customer concern but handled quickly.,Data protection regulations applicable for notifying customers and securing data,"Internal security team, third-party forensic analysis.","2002-01-02 (incident fully contained, security improvements made).","Enhanced employee screening, tighter data access controls, and customer awareness programs."
F-0336,Petrobras Network Breach,"Friday, 1 February 2002",Petrobras,Network intrusion and malware infection,Weak network security protocols and outdated firewall configurations.,Hackers,Intellectual property,"Sensitive corporate information, internal communications, employee data.","
Network traffic anomalies detected by intrusion detection systems.", hours,"Enhanced network security protocols, patching of vulnerabilities, and monitoring systems.",1000000,Medium,Approximately 12 hours of service disruption.,"Moderate; some damage to Petrobras’s reputation, especially among stakeholders.",Compliance with cybersecurity regulations and reporting of breach.,"Internal investigation, external cybersecurity team.","2002-02-02 (systems secured, no further intrusions).",Improved network monitoring and incident response capabilities.
F-0337,Lloyds TSB Data Breach,"Friday, 1 March 2002",Lloyds TSB,Insider threat and unauthorized access.,Lack of access control monitoring for sensitive data.,Rogue employee,Customer accounts,"Personal account information, transaction history, and financial data.",Unusual access logs flagged by internal auditing tools., hours,"Increased monitoring of internal access, enhanced employee training, and stronger access controls.",5000000,High,Minimal; systems remained functional but with heightened monitoring.,"Significant; customer trust eroded, leading to a temporary drop in user activity", Breach reported to relevant authorities for compliance.,"Internal auditing system, external cybersecurity investigation.","2002-03-03 (security tightened, systems restored).",Strengthened internal security practices and employee vetting processes.
F-0338,Credit Suisse Data Breach,"Monday, 1 April 2002",Credit Suisse,SQL injection targeting public-facing applications.,Network vulnerabilities,Hackers,Financial data,"Client financial data, account information, and transaction histories.",Detected by intrusion detection system (IDS) when abnormal queries were executed., hours,"SQL injection vulnerability patched, enhanced database security implemented",5000000,High,Approximately 6 hours of service downtime for the affected systems.,High; loss of confidence among high-net-worth clients and stakeholders,Reported to financial regulatory bodies and data protection authorities.,"External security audits, internal forensic investigation.","2002-04-03 (remediation complete, system secured)",Enhanced database monitoring and regular penetration testing.
F-0339,Hitachi Network Breach,"Wednesday, 1 May 2002",Hitachi,External hacking attempt exploiting unsecured network protocols.,Network vulnerabilities,Hackers,Intellectual property,"Confidential technical data, product blueprints, internal emails.",Alert from network traffic monitoring systems about irregular login attempts., hours,"Firewall reconfiguration, patching of security holes, monitoring system enhancements.",10000000,Medium,Approximately 10 hours of network downtime.,Moderate; some impact on external trust and partnerships.,"No direct regulatory action, but investigation into intellectual property theft.","Internal IT team, external cyber forensic specialists.","2002-05-02 (remediation completed, systems secured).","Strengthened external access protocols, implemented continuous network monitoring."
F-0340,Air Canada Data Breach,"Saturday, 1 June 2002",Air Canada,Phishing attack targeting customer service personne,Weak internal communication channels and lack of phishing awareness.,Hackers,Customer data,"Customer flight bookings, payment information, and travel history.",Unusual transaction activity flagged by internal fraud detection system., hours,"Phishing awareness training for all customer-facing staff, updated email security measures.",5000000,Medium,Minimal downtime; no flight disruptions.,Moderate; some customer complaints but generally well-handled.,Breach notification to relevant authorities and customers.,Internal security team and third-party forensic analysis.,2002-06-05 (full system recovery).,Strengthened email security and improved phishing training programs.
F-0341,Reuters Data Breach,"Monday, 1 July 2002",Reuters,Malware infection through compromised advertising networks.,Network vulnerabilities,Hackers,Internal communications,"Internal communications, company reports, and sensitive financial data.",Malware detected by endpoint security software., hours,"Malware removal, system patching, and strengthening external network security.",3000000,Medium,Minimal; systems remained operational while security measures were strengthened.,Minor; some concern raised but incident managed professionally.,Breach reported to relevant authorities as part of compliance.,Internal security team and third-party forensic analysis.,2002-06-05 (full system recovery).,Strengthened email security and improved phishing training programs.
F-0342,Philips Data Breach,"Thursday, 1 August 2002",Philips,Network intrusion and malware infection.,Network vulnerabilities,Hackers,Intellectual property,"Sensitive corporate information, internal communications, employee data.",Network traffic anomalies detected by intrusion detection systems., hours,"Enhanced network security protocols, patching of vulnerabilities, and monitoring systems.",5000000,Medium,Approximately 12 hours of service disruption.,"Moderate; some damage to Petrobras’s reputation, especially among stakeholders.",Compliance with cybersecurity regulations and reporting of breach.,"Internal investigation, external cybersecurity team.","2002-02-02 (systems secured, no further intrusions).",Improved network monitoring and incident response capabilities.
F-0343,UBS Network Breach,"Sunday, 1 September 2002",UBS,Insider threat and unauthorized access.,Network vulnerabilities,Hackers,Financial data,"Personal account information, transaction history, and financial data.",Unusual access logs flagged by internal auditing tools., hours,"Increased monitoring of internal access, enhanced employee training, and stronger access controls.",8000000,High,Minimal; systems remained functional but with heightened monitoring.,"Significant; customer trust eroded, leading to a temporary drop in user activity.",Breach reported to relevant authorities for compliance.,"Internal auditing system, external cybersecurity investigation.","2002-03-03 (security tightened, systems restored).",Strengthened internal security practices and employee vetting processes.
F-0344,Reuters Network Breach,"Tuesday, 1 October 2002",Reuters,SQL injection targeting public-facing applications.,Network vulnerabilities,Hackers,Internal communications,"Client financial data, account information, and transaction histories.",Detected by intrusion detection system (IDS) when abnormal queries were executed., hours,"SQL injection vulnerability patched, enhanced database security implemented.",5000000,High,Approximately 6 hours of service downtime for the affected systems.,High; loss of confidence among high-net-worth clients and stakeholders.,Reported to financial regulatory bodies and data protection authorities.,"External security audits, internal forensic investigation.","2002-04-03 (remediation complete, system secured).",Enhanced database monitoring and regular penetration testing.
F-0345,Deutsche Bank Phishing Attack,"Friday, 1 November 2002",Deutsche Bank,External hacking attempt exploiting unsecured network protocols.,Phishing emails,Unknown,Customer accounts,"Confidential technical data, product blueprints, internal emails.",Alert from network traffic monitoring systems about irregular login attempts, hours,"Firewall reconfiguration, patching of security holes, monitoring system enhancements.",6000000,Medium,Approximately 10 hours of network downtime.,Moderate; some impact on external trust and partnerships.,"No direct regulatory action, but investigation into intellectual property theft.","Internal IT team, external cyber forensic specialists.","2002-05-02 (remediation completed, systems secured).","Strengthened external access protocols, implemented continuous network monitoring."
F-0346,E-Trade Phishing Attack,"Sunday, 1 December 2002",E-Trade,External hacking attempt exploiting unsecured network protocols.,Phishing emails,Unknown,Customer accounts,"Confidential technical data, product blueprints, internal emails.",Alert from network traffic monitoring systems about irregular login attempts, hours,"Firewall reconfiguration, patching of security holes, monitoring system enhancements.",15000000,Medium,Approximately 10 hours of network downtime.,Moderate; some impact on external trust and partnerships.,"No direct regulatory action, but investigation into intellectual property theft.","Internal IT team, external cyber forensic specialists.","2002-05-02 (remediation completed, systems secured).","Strengthened external access protocols, implemented continuous network monitoring."
F-0347,British Airways Data Breach,"Tuesday, 1 January 2002",British Airways,External hacking attempt exploiting unsecured network protocols.,Network vulnerabilities,Hackers,Customer data,"Confidential technical data, product blueprints, internal emails.",Alert from network traffic monitoring systems about irregular login attempts, hours,"Firewall reconfiguration, patching of security holes, monitoring system enhancements.",25000000,Medium,Approximately 10 hours of network downtime.,Moderate; some impact on external trust and partnerships.,"No direct regulatory action, but investigation into intellectual property theft.","Internal IT team, external cyber forensic specialists.","2002-05-05(remediation completed, systems secured).","Strengthened external access protocols, implemented continuous network monitoring."
F-0348,Canon Network Breach,"Friday, 1 February 2002",Canon,External hacking attempt exploiting unsecured network protocols.,Network vulnerabilities,Hackers,Intellectual property,"Confidential technical data, product blueprints, internal emails.",Alert from network traffic monitoring systems about irregular login attempts, hours,"Firewall reconfiguration, patching of security holes, monitoring system enhancements.",15000000,Medium,Approximately 10 hours of network downtime.,Moderate; some impact on external trust and partnerships.,"No direct regulatory action, but investigation into intellectual property theft.","Internal IT team, external cyber forensic specialists.","2002-05-02 (remediation completed, systems secured).","Strengthened external access protocols, implemented continuous network monitoring."
F-0349,Vodafone UK DDoS Attack,"Friday, 1 March 2002",Vodafone UK,External hacking attempt exploiting unsecured network protocols.,Lack of DDoS protection,Hacktivists,Network infrastructure,"Confidential technical data, product blueprints, internal emails.",Alert from network traffic monitoring systems about irregular login attempts, hours,"Firewall reconfiguration, patching of security holes, monitoring system enhancements.",5000000,Medium,Approximately 10 hours of network downtime.,Moderate; some impact on external trust and partnerships.,"No direct regulatory action, but investigation into intellectual property theft.","Internal IT team, external cyber forensic specialists.","2002-05-08 (remediation completed, systems secured).","Strengthened external access protocols, implemented continuous network monitoring."
F-0350,J.P. Morgan Chase Network Breach,"Monday, 1 April 2002",J.P. Morgan Chase,Exploitation of outdated network security protocols.,Network vulnerabilities,Hackers,Financial data,Customer account information and proprietary algorithms.,Network monitoring tools detected suspicious activity., hours,"Network isolation, security updates, and implementation of intrusion prevention systems.",15000000,High,Approximately 10 hours of disrupted operations.,Significant; some loss of customer trust in security measures.,Heavily fined by financial regulators for weak security practices.,"Internal investigation, supported by third-party cybersecurity audit.",2002-04-02 (breach fully resolved).,Strengthened encryption protocols and increased investment in cybersecurity defenses.
F-0351,Target Data Breach,"Wednesday, 1 May 2002",Target,Malware attack through a third-party vendor,Network vulnerabilities,Hackers,Customer data,Credit card information of millions of customers.,Internal alert system flagged unusual activity in payment systems., hours,"Enhanced vendor access controls, network segmentation, and malware removal.",50000000,High,"Limited; store operations continued, but payment systems faced disruptions.",Severe; caused major damage to brand reputation and customer trust,Heavy scrutiny from regulators and consumer rights groups.,Independent cybersecurity analysis and internal reviews.,2002-05-05 (system stabilized).,Strengthened third-party vendor policies and implemented real-time threat monitoring.
F-0352,Bank of America Phishing Attack,"Saturday, 1 June 2002",Bank of America,Spear-phishing emails targeting customers.,Phishing emails,Unknown,Customer accounts,Login credentials and transaction histories.,Customer complaints about unauthorized transactions, hours,"Email filtering systems updated, phishing awareness campaigns launched.",2000000,Medium,No significant downtime; customer support systems were overwhelmed.,Moderate; highlighted the need for better customer education.,Minor; regulators advised improved customer protection measures.,Internal IT audit and external cybersecurity consultants.,2002-06-03 (phishing emails blocked).,Introduced multi-factor authentication and improved customer education efforts
F-0353,Wells Fargo Network Breach,"Monday, 1 July 2002",Wells Fargo,Unauthorized network access via insider threat.,Network vulnerabilities,Hackers,Financial data,Customer personal and financial information.,Routine network audits uncovered unusual access logs, hours,"Revoked insider credentials, enhanced internal monitoring, and employee training.",3000000,High,8 hours of disrupted network operations.,Significant; raised concerns about insider threats.,Regulatory scrutiny over handling of insider threats.,Internal security investigation and external forensic analysis.,"2002-07-02 (incident resolved, no further breaches).",Improved access controls and mandatory security training for all employees.
F-0354,UBS Data Breach,"Thursday, 1 August 2002",UBS,Malware attack targeting customer databases.,Network vulnerabilities,Hackers,Financial data,"Account details, transaction records, and personal information.",Anti-malware tools flagged suspicious activity., hours,"Malware removal, system patching, and customer notification.",15000000,High,6 hours of affected system downtime.,Moderate; caused some loss in customer trust.,Required to report to financial regulators.,Internal IT team and third-party security experts.,2002-08-02 (malware fully removed).,Enhanced patch management and stronger endpoint security measures.
F-0355,National Australia Bank Data Breach,"Sunday, 1 September 2002",National Australia Bank,SQL injection attack on web portals.,Network vulnerabilities,Hackers,Customer data,"Customer personal, financial, and transaction data.",Unusual database queries flagged by monitoring systems., hours,"Application firewall updates, database patching, and customer alerts.",10000000,Medium,12 hours of portal downtime for remediation.,Moderate; led to scrutiny over cybersecurity practices,Fined for inadequate protection of customer data.,Internal audits and third-party review.,2002-09-02 (systems restored).,Strengthened web application security and implemented rigorous testing protocols
F-0356,Societe Generale Phishing Attack,"Tuesday, 1 October 2002",Societe Generale,Phishing emails impersonating bank officials.,Phishing emails,Unknown,Customer accounts,Customer credentials and transaction details,Reports from customers about suspicious emails., hours,"Phishing awareness campaigns, enhanced email filters, and introduction of two-factor authentication.",5000000,High,No significant downtime reported.,Minor; highlighted the need for customer awareness about phishing.,Advisory issued by banking regulators on customer protection.,Internal investigation and third-party cybersecurity audits.,2002-10-03 (campaign neutralized).,Strengthened customer education and implemented advanced email authentication protocols.
F-0357,Barclays Bank Network Breach,"Friday, 1 November 2002",Barclays Bank,Unauthorized access via misconfigured network settings.,Network vulnerabilities,Hackers,Financial data,"Account numbers, personal information, and transaction records.",Routine audit revealed unauthorized access patterns, hours,"Revoked access rights, updated network configurations, and introduced enhanced monitoring systems.",10000000,High,Approximately 10 hours of partial system downtime.,Moderate; led to concerns over insider threats.,Fined by banking regulators for inadequate security practices.,Third-party forensic analysis and internal IT audit.,2002-11-03 (breach contained).,Strengthened network monitoring and enhanced insider threat detection protocols.
F-0358,Allianz Data Breach,"Sunday, 1 December 2002",Allianz,Malware attack targeting customer databases.,Network vulnerabilities,Hackers,Financial data,"Customer names, policy details, and financial information.",Malware detected by endpoint protection systems., hours,"System patching, endpoint security upgrades, and employee cybersecurity training",10000000,Medium,12 hours of disrupted operations.,Significant; raised concerns over cybersecurity in insurance.,Increased oversight by insurance regulators.,Third-party cybersecurity review and internal investigation.,2002-12-03 (systems fully restored).,Improved endpoint security and initiated regular vulnerability assessments.
F-0359,Citibank Data Breach,"Tuesday, 1 January 2002",Citibank,SQL injection attack on customer portals,Network vulnerabilities,Hackers,Financial data,"Account details, financial data, and personal information.",Monitoring tools flagged unusual database queries, hours,"Patching vulnerabilities, updating web application firewalls, and customer notification.",10000000,High,Approximately 6 hours for remediation.,Moderate; caused customer concerns about online banking safety.,Subjected to increased regulatory scrutiny.,Independent cybersecurity audit and internal reviews.,2002-01-02 (issues resolved).,Strengthened application security protocols and implemented regular security testing.
F-0360,ING Group Data Breach,"Friday, 1 February 2002",ING Group,Phishing emails and malware targeting employees.,Network vulnerabilities,Hackers,Financial data,Customer personal data and account details.,Alerted by employees reporting suspicious emails., hours,"Employee training, email filters, and enhanced authentication protocols.",8000000,High,No significant downtime reported.,Minor; highlighted need for employee cybersecurity awareness.,Encouraged to implement better employee training programs.,"
Internal audit and independent reviews.",2002-02-03 (incident fully resolved).,Improved employee training and adopted more robust email filtering systems.
F-0361,HSBC Data Breach,"Friday, 1 March 2002",HSBC,Unauthorized database access through weak credentials.,Network vulnerabilities,Hackers,Financial data,Customer financial and personal data.,Monitoring tools flagged unauthorized access attempts., hours,"Enhanced password policies, system patching, and customer notifications.",18000000,High,8 hours of disrupted operations.,Significant; led to concerns over data security practices.,Subjected to fines and increased oversight.,Third-party forensic analysis and internal investigation.,2002-03-02 (systems fully secured).,Strengthened password policies and implemented multi-factor authentication.
F-0362,BNP Paribas Network Breach,"Monday, 1 April 2002",BNP Paribas,Exploitation of unpatched network vulnerabilities.,Network vulnerabilities,Hackers,Financial data,Customer personal information and financial transaction records.,Intrusion detection system flagged unusual activities., hours,"Patching vulnerabilities, enhancing monitoring tools, and isolating infected systems",5000000,Medium,Approximately 24 hours of partial service disruption.,Moderate; raised customer concerns about data security.,Subject to scrutiny by European financial regulators,Internal investigation and external cybersecurity audit.,2002-04-03 (breach neutralized).,Instituted regular patch management and upgraded network defenses.
F-0363,Deutsche Bank DDoS Attack,"Wednesday, 1 May 2002",Deutsche Bank,Distributed Denial of Service (DDoS) using botnets.,Lack of DDoS protection,Hacktivists,Network infrastructure,None (availability attack).,Network traffic monitoring tools detected unusual traffic spikes., hours,Implemented traffic filtering and partnered with ISPs to block attack sources.,5000000,High,Approximately 6 hours of service disruption.,Minor; customers faced temporary service delays.,"None, as no data was compromised.",Logs from DDoS mitigation service providers.,2002-05-01 (attack mitigated).,Invested in advanced DDoS protection systems.
F-0364,UBS Phishing Attack,"Saturday, 1 June 2002",UBS,Phishing emails impersonating UBS officials.,Phishing emails,Unknown,Customer accounts,Customer login details and account information.,Reports from customers about suspicious emails., days.,"Educated customers, updated email filters, and implemented two-factor authentication.",5000000,Medium,No significant downtime reported.,Moderate; highlighted phishing risks.,Encouraged stronger customer protections.,Internal analysis and customer feedback.,2002-06-04 (campaign neutralized).,Strengthened phishing detection and customer education programs.
F-0365,Slammer Worm,25-Jan-03,Various Organizations,Exploitation of MS-SQL vulnerability.,SQL Server Vulnerability,Unknown,Network Infrastructure,Exploitation of MS-SQL vulnerability.,None (denial-of-service attack)., days.,Slow; many organizations were unprepared.,1000000000,High,Varied; some networks were down for over 24 hours.,Significant; highlighted widespread vulnerabilities.,Urged companies to adopt better patch management.,Network logs and forensic investigations.,2003-01-27 (global recovery).,Reinforced importance of timely patching and vulnerability management.
F-0366,UN Network Breach,"Saturday, 1 February 2003",United Nations,Spear-phishing and malware delivery.,Weak network security,Unknown,Sensitive Data,Classified documents and employee information.,Suspicious activity detected during routine monitoring., hours,"Malware removal, system patching, and security awareness training.",1000000000,Medium,8 hours for critical systems.,Moderate; raised concerns about UN cybersecurity practices.,None.,Internal cybersecurity team and third-party experts.,2003-02-03 (systems restored).,"
Enhanced training and adoption of advanced monitoring tools."
F-0367,Caltech Network Breach,"Saturday, 1 March 2003",Caltech,Unauthorized access through misconfigured servers.,Network vulnerabilities,Hackers,Research Data,Proprietary research data and personal information of faculty and students.,Anomalous activity detected by intrusion detection systems., hours,"Servers patched, firewalls reconfigured, and system monitoring improved.",2000000000,High,Approximately 12 hours for critical systems.,Minimal; institution handled the breach professionally.,None; no major legal penalties incurred.,Internal forensic investigation and system logs.,2003-03-03 (systems restored).,Improved server configurations and introduced mandatory security audits.
F-0368,Visa Data Breach,"Tuesday, 1 April 2003",Visa,Exploitation of third-party payment processing vulnerabilities.,Database vulnerabilities,Hackers,Credit Card Information,"Payment card numbers, expiration dates, and CVVs of approximately 2 million customers.",Routine audit of suspicious transactions., weeks,"Discontinued partnerships with vulnerable third parties, enhanced encryption, and customer notification.",15000000,Low,No significant downtime reported.,Significant; caused a temporary loss of customer trust.,Fines and increased scrutiny from financial regulatory authorities.,Reports from third-party investigators and audits.,2003-04-15 (breach officially resolved).,Instituted stricter security requirements for third-party vendors and improved transaction monitoring.
F-0369,RIAA DDoS Attack,"Thursday, 1 May 2003",RIAA,Distributed Denial of Service (DDoS) using botnets.,Lack of DDoS Protection,Hacktivists,Website,None (availability attack).,Network traffic monitoring tools detected unusual spikes., minutes.,"Collaborated with ISPs to block malicious traffic, implemented DDoS mitigation tools.",20000000,Medium,Approximately 8 hours of service disruption.,Minimal; incident raised awareness of hacktivist activities.,"None, as no data was compromised.",Logs from DDoS mitigation providers and ISP reports.,2003-05-01 (attack mitigated).,Invested in advanced DDoS mitigation tools and improved response protocols.
F-0370,Microsoft Blaster Worm,"Friday, 1 August 2003",Various Organizations,Distributed Denial of Service (DDoS) using botnets.,Windows Vulnerability,Unknown,Network Infrastructure,None (availability attack).,Network traffic monitoring tools detected unusual spikes., minutes.,"Discontinued partnerships with vulnerable third parties, enhanced encryption, and customer notification.",320000000,Medium,Approximately 12 hours for critical systems.,Minimal; incident raised awareness of hacktivist activities.,"None, as no data was compromised.",Logs from DDoS mitigation providers and ISP reports.,2003-05-01 (attack mitigated).,Invested in advanced DDoS mitigation tools and improved response protocols.
F-0371,Wells Fargo Data Breach,"Sunday, 1 June 2003",Wells Fargo,Distributed Denial of Service (DDoS) using botnets.,Weak Internal Security,Rogue Employee,Customer Accounts,None (availability attack).,Network traffic monitoring tools detected unusual spikes., minutes.,"Malware removal, system patching, and security awareness training.",320000000,High,Approximately 8 hours of service disruption.,Moderate; raised concerns about UN cybersecurity practices.,Urged companies to adopt better patch management.,Logs from DDoS mitigation providers and ISP reports.,2003-05-01 (attack mitigated).,Invested in advanced DDoS mitigation tools and improved response protocols.
F-0372,Bank of America Data Breach,"Tuesday, 1 July 2003",Bank of America,Distributed Denial of Service (DDoS) using botnets.,Network vulnerabilities,Hackers,Customer Accounts,None (availability attack).,Network traffic monitoring tools detected unusual spikes., minutes.,"Discontinued partnerships with vulnerable third parties, enhanced encryption, and customer notification.",30000000,Low,Approximately 8 hours of service disruption.,Minor; customers faced temporary service delays.,"None, as no data was compromised.",Network logs and forensic investigations.,2003-05-01 (attack mitigated).,Invested in advanced DDoS protection systems.
F-0373,New York Times Data Breach,"Friday, 1 August 2003",New York Times,Distributed Denial of Service (DDoS) using botnets.,Network vulnerabilities,Hackers,Subscriber Data,None (availability attack).,Network traffic monitoring tools detected unusual spikes., minutes.,"Malware removal, system patching, and security awareness training.",10000000,Low,Approximately 8 hours of service disruption.,Minimal; incident raised awareness of hacktivist activities.,"None, as no data was compromised.",Internal investigation and external cybersecurity audit.,2003-05-01 (attack mitigated).,Invested in advanced DDoS mitigation tools and improved response protocols.
F-0374,Boston College Network Breach,"Monday, 1 September 2003",Boston College,Distributed Denial of Service (DDoS) using botnets.,Network vulnerabilities,Hackers,Student Data,None (availability attack).,Network traffic monitoring tools detected unusual spikes., minutes.,"Collaborated with ISPs to block malicious traffic, implemented DDoS mitigation tools.",20000000,High,Approximately 12 hours for critical systems.,Minimal; incident raised awareness of hacktivist activities.,"None, as no data was compromised.",Logs from DDoS mitigation providers and ISP reports.,2003-05-01 (attack mitigated).,Reinforced importance of timely patching and vulnerability management.
F-0375,AT&T Network Breach,"Wednesday, 1 October 2003",AT&T,Exploitation of unsecured routers.,Network vulnerabilities,Hackers,Customer Data,Confidential call logs and internal network information.,Network anomaly detection systems., week.,"Firmware updates, network segmentation, and strengthened protocols.",3000000,Low,Limited; services partially impacted for 24 hours.,Minor; AT&T's prompt response mitigated public backlash.,Regulatory scrutiny but no major fines.,Internal investigation and third-party cybersecurity audits.,2003-10-08 (systems fully restored).,Enhanced router security policies and mandatory firmware updates.
F-0376,Deutsche Bank Data Breach,"Saturday, 1 November 2003",Deutsche Bank,Phishing emails targeting employees.,Network vulnerabilities,Hackers,Customer Data,Customer personal and financial information.,Alerts from financial irregularities and reports of phishing emails., days.,"Employee awareness training, email filtering, and multi-factor authentication.",320000000,Low,No significant downtime.,Moderate; increased scrutiny from financial regulators.,Fines and stricter compliance requirements.,Reports from regulatory investigations.,2003-11-10 (investigation concluded).,Strengthened internal security training and phishing prevention measures.
F-0377,eBay Phishing Attack,"Monday, 1 December 2003",eBay,Phishing emails targeting customers.,Phishing Emails,Unknown,User Accounts,"Account credentials of approximately 10,000 users.","
Customer complaints and account lockouts.", hours.,Account reset notifications and collaboration with ISPs to block phishing sites.,20000000,High,None; core services remained operational.,Significant; affected customer trust temporarily.,None; no direct legal action against eBay.,Reports from affected users and law enforcement investigations,2003-12-10 (phishing campaign halted).,Implemented email authentication systems and increased customer education efforts.
F-0378,HSBC UK Data Breach,"Wednesday, 1 January 2003",HSBC UK,Unauthorized access via stolen credentials.,Network vulnerabilities,Hackers,Financial Data,Account balances and personal financial details.,Routine transaction monitoring detected anomalies, days ,"Customer notifications, enhanced password policies, and MFA implementation.",10000000,Medium,Minimal; systems impacted for less than 24 hours.,Moderate; raised concerns about HSBC’s security practices.,Regulatory fines and increased scrutiny.,Internal fraud investigations and reports from affected customers.,2003-01-05 (breach officially resolved).,Strengthened fraud detection mechanisms and introduced customer security awareness programs.
F-0379,Citibank Phishing Attack,"Saturday, 1 February 2003",Citibank,Phishing emails targeting customers.,Phishing Emails,Unknown,Customer Accounts,"Login credentials of approximately 15,000 customers.",Reports from affected customers., hours.,"Account resets, customer notifications, and phishing site takedowns.",5000000,High,None; banking services unaffected.,Moderate; caused temporary distrust among customers.,None; no direct penalties incurred.,Collaboration with law enforcement agencies.,2003-02-05 (phishing campaign stopped).,Enhanced email security measures and customer education initiatives.
F-0380,Morgan Stanley Data Breach,"Saturday, 1 March 2003",Morgan Stanley,Insider threat exploiting internal access.,Network vulnerabilities,Hackers,Financial Data,Confidential client records and trading data.,Suspicious activity flagged by IT security team., hours.,"Restricted access controls, employee background checks, and monitoring tools.",20000000,High,Minimal; systems unaffected.,Minor; quick response minimized impact.,None; handled as an internal matter.,Internal investigations and employee confessions.,2003-03-05 (issue resolved).,Strengthened insider threat detection and prevention measures.
F-0381,Boeing Data Breach,"Tuesday, 1 April 2003",Boeing,Insider threat exploiting internal access.,Network vulnerabilities,Hackers,Intellectual Property,Confidential client records and trading data.,Suspicious activity flagged by IT security team., days ,"Restricted access controls, employee background checks, and monitoring tools.",10000000,Medium,Minimal; systems unaffected.,Minor; quick response minimized impact.,None; handled as an internal matter.,Internal investigations and employee confessions.,2003-03-05 (issue resolved).,Strengthened insider threat detection and prevention measures.
F-0382,Royal Bank of Canada Phishing Attack,"Thursday, 1 May 2003",Royal Bank of Canada,Insider threat exploiting internal access.,Phishing Emails,Unknown,Customer Accounts,Confidential client records and trading data.,Suspicious activity flagged by IT security team., days ,"Restricted access controls, employee background checks, and monitoring tools.",1000000,Medium,Minimal; systems unaffected.,Minor; quick response minimized impact.,None; handled as an internal matter.,Internal investigations and employee confessions.,2003-03-09 (issue resolved).,Strengthened insider threat detection and prevention measures.
F-0383,Sony Network Breach,"Sunday, 1 June 2003",Sony,Insider threat exploiting internal access.,Network vulnerabilities,Hackers,Intellectual Property,Confidential client records and trading data.,Suspicious activity flagged by IT security team., hours.,"Restricted access controls, employee background checks, and monitoring tools.",20000000,Medium,Minimal; systems unaffected.,Minor; quick response minimized impact.,None; handled as an internal matter.,Internal investigations and employee confessions.,2003-03-05 (issue resolved).,Strengthened insider threat detection and prevention measures.
F-0384,NASA Data Breach,"Tuesday, 1 July 2003",NASA,Insider threat exploiting internal access.,Network vulnerabilities,Hackers,Research Data,Confidential client records and trading data.,Suspicious activity flagged by IT security team., hours.,"Restricted access controls, employee background checks, and monitoring tools.",20000000,Medium,Minimal; systems unaffected.,Minor; quick response minimized impact.,None; handled as an internal matter.,Network logs and forensic investigations.,2003-03-05 (issue resolved).,Strengthened insider threat detection and prevention measures.
F-0385,Yahoo! Data Breach,"Friday, 1 August 2003",Yahoo!,Insider threat exploiting internal access.,Network vulnerabilities,Hackers,User Data,Confidential client records and trading data.,Suspicious activity flagged by IT security team., hours.,"Customer notifications, enhanced password policies, and MFA implementation.",10000000,High,None; core services remained operational.,Minor; quick response minimized impact.,None; handled as an internal matter.,Reports from affected users and law enforcement investigations,2003-05-10 (issue resolved).,Implemented email authentication systems and increased customer education efforts.
F-0386,Wells Fargo Phishing Attack,"Monday, 1 September 2003",Wells Fargo,Insider threat exploiting internal access.,Phishing Emails,Unknown,Customer Accounts,Confidential client records and trading data.,Suspicious activity flagged by IT security team., hours.,"Employee awareness training, email filtering, and multi-factor authentication.",3000000,Medium,Minimal; systems impacted for less than 24 hours.,Minor; quick response minimized impact.,None; handled as an internal matter.,Internal investigations and employee confessions.,2003-03-05 (issue resolved).,Strengthened insider threat detection and prevention measures.
F-0387,Goldman Sachs Network Breach,"Wednesday, 1 October 2003",Goldman Sachs,Insider threat exploiting internal access.,Network vulnerabilities,Hackers,Financial Data,Confidential client records and trading data.,Suspicious activity flagged by IT security team., hours.,"Customer notifications, enhanced password policies, and MFA implementation.",10000000,Medium,None; core services remained operational.,Minor; quick response minimized impact.,None; handled as an internal matter.,Internal investigations and employee confessions.,2003-03-11 (issue resolved).,Enhanced email security measures and customer education initiatives.
F-0388,Pfizer Data Breach,"Saturday, 1 November 2003",Pfizer,Insider threat exploiting internal access.,Network vulnerabilities,Hackers,Intellectual Property,Confidential client records and trading data.,Suspicious activity flagged by IT security team., hours.,"Customer notifications, enhanced password policies, and MFA implementation.",20000000,High,Minimal; systems impacted for less than 24 hours.,Moderate; caused temporary distrust among customers.,None; handled as an internal matter.,Internal investigations and employee confessions.,2003-03-05 (issue resolved).,Strengthened insider threat detection and prevention measures.
F-0389,Amazon Data Breach,"Monday, 1 December 2003",Amazon,Insider threat exploiting internal access.,Network vulnerabilities,Hackers,Customer Data,Confidential client records and trading data.,Suspicious activity flagged by IT security team., hours.,"Restricted access controls, employee background checks, and monitoring tools.",2000000,Low,Minimal; systems impacted for less than 24 hours.,Moderate; caused temporary distrust among customers.,None; handled as an internal matter.,Reports from affected users and law enforcement investigations,2003-03-05 (issue resolved).,Implemented email authentication systems and increased customer education efforts.
F-0390,Barclays Bank Phishing Attack,"Wednesday, 1 January 2003",Barclays Bank,Insider threat exploiting internal access.,Phishing Emails,Unknown,Customer Accounts,Confidential client records and trading data.,Suspicious activity flagged by IT security team., hours.,"Restricted access controls, employee background checks, and monitoring tools.",5000000,Medium,None; banking services unaffected.,Moderate; caused temporary distrust among customers.,None; handled as an internal matter.,Network logs and forensic investigations.,2003-03-05 (issue resolved).,Enhanced email security measures and customer education initiatives.
F-0391,Siemens Data Breach,"Saturday, 1 February 2003",Siemens,Insider threat exploiting internal access.,Network vulnerabilities,Hackers,Intellectual Property,Confidential client records and trading data.,Suspicious activity flagged by IT security team., hours.,"Customer notifications, enhanced password policies, and MFA implementation.",25000000,Medium,Minimal; systems unaffected.,Moderate; caused temporary distrust among customers.,None; handled as an internal matter.,Internal investigations and employee confessions.,2003-03-05 (issue resolved).,Strengthened insider threat detection and prevention measures.
F-0392,ExxonMobil Network Breach,"Saturday, 1 March 2003",ExxonMobil,Insider threat exploiting internal access.,Network vulnerabilities,Hackers,Intellectual Property,Confidential client records and trading data.,Suspicious activity flagged by IT security team., hours.,"Customer notifications, enhanced password policies, and MFA implementation.",15000000,Low,Minimal; systems unaffected.,Moderate; caused temporary distrust among customers.,None; handled as an internal matter.,Internal investigations and employee confessions.,2003-03-05 (issue resolved).,Implemented email authentication systems and increased customer education efforts.
F-0393,Ford Motor Company Data Breach,"Tuesday, 1 April 2003",Ford Motor Company,Insider threat exploiting internal access.,Network vulnerabilities,Hackers,Intellectual Property,Confidential client records and trading data.,Suspicious activity flagged by IT security team., hours.,"Customer notifications, enhanced password policies, and MFA implementation.",10000000,Medium,None; banking services unaffected.,Moderate; caused temporary distrust among customers.,None; handled as an internal matter.,Internal investigations and employee confessions.,2003-03-05 (issue resolved).,Enhanced email security measures and customer education initiatives.
F-0394,Intel Data Breach,"Thursday, 1 May 2003",Intel,Insider threat exploiting internal access.,Network vulnerabilities,Hackers,Intellectual Property,None (availability attack).,Suspicious activity flagged by IT security team., days ,"Restricted access controls, employee background checks, and monitoring tools.",5000000,Medium,Minimal; systems unaffected.,Moderate; caused temporary distrust among customers.,None; handled as an internal matter.,Network logs and forensic investigations.,2003-05-01(issue resolved).,Implemented email authentication systems and increased customer education efforts.
F-0395,GM Network Breach,"Sunday, 1 June 2003",General Motors,Exploitation of outdated software vulnerabilities.,Network vulnerabilities,Hackers,Intellectual Property,Internal servers and document databases,"Supplier contracts, design documents, and employee information.", hours.,Approximately 2 weeks.,4000000,High,"Upgraded software systems, implemented multi-layered security protocols.",Minimal operational impact reported.,Minor; limited public awareness.,None reported.,2003-06-30,Importance of regular software updates and system vulnerability assessments.
F-0396,PepsiCo Data Breach,"Tuesday, 1 July 2003",PepsiCo,Food & Beverage,Network vulnerabilities,Hackers,Intellectual Property,Financial gain through stolen data.,Financial systems and customer database., hours.,Operational delays and minor financial penalties.,3000000,Medium,"Employee training on phishing, implementation of advanced email filtering systems.",Minor; primary systems remained functional.,Moderate due to media coverage.,No major sanctions imposed.,2003-07-20,Improved employee awareness on phishing and better endpoint security
F-0397,Adobe Network Breach,"Friday, 1 August 2003",Adobe,Adobe Inc.,Network vulnerabilities,Hackers,Intellectual Property,Internal servers storing source code and customer data.,Source code of popular Adobe products and customer email addresses., hours.,Approximately 1 month,4000000,Medium,"Enhanced server monitoring, encryption of sensitive files, and customer notifications.",None; customer-facing systems remained operational.,Significant; received widespread media coverage.,Investigated by regulatory bodies but no penalties issued.,2003-09-01,Importance of securing proprietary information and better detecting APTs.
F-0398,AOL Data Breach,"Monday, 1 September 2003",AOL,Insider threat exploiting internal access.,Network vulnerabilities,Hackers,User Data,Confidential client records and trading data.,Financial systems and customer database., hours.,Operational delays and minor financial penalties.,52000000,Medium,"Upgraded software systems, implemented multi-layered security protocols.",Moderate; caused temporary distrust among customers.,Significant; received widespread media coverage.,Internal investigations and employee confessions.,2003-03-05 (issue resolved).,Strengthened insider threat detection and prevention measures.
F-0399,Nokia Data Breach,"Wednesday, 1 October 2003",Nokia,Insider threat exploiting internal access.,Network vulnerabilities,Hackers,Intellectual Property,None (availability attack).,Suspicious activity flagged by IT security team., hours.,Approximately 2 weeks.,5000000,Medium,"Upgraded software systems, implemented multi-layered security protocols.",Minor; primary systems remained functional.,None; handled as an internal matter.,None reported.,2003-05-01(issue resolved).,Implemented email authentication systems and increased customer education efforts.
F-0400,HP Network Breach,"Saturday, 1 November 2003",Hewlett-Packard,Hewlett-Packard (HP),Network vulnerabilities,Hackers,Intellectual Property,Development servers and R&D databases.,Product designs and software blueprints., hours.,Approximately 3 weeks.,2000000,Medium,"Security patches deployed, enhanced monitoring of critical systems.",Minimal disruption to operations.,Moderate; internal stakeholders concerned,No regulatory actions.,2003-11-30,Importance of proactive monitoring for vulnerabilities.
F-0401,Apple Network Breach,"Monday, 1 December 2003",Apple,Apple Inc.,Network vulnerabilities,Hackers,Intellectual Property,Theft of trade secrets and competitive intelligence.,Product design databases and prototype testing platforms., hours.,Risk of competitive disadvantage and increased product piracy.,5000000,Medium,"Strengthened access controls, employee phishing awareness training, and network segmentation.",None; operations continued as usual.,Minor; breach not made public initially.,No regulatory investigations.,2004-02-01,Increased focus on employee training and secure access management.
F-0402,Dell Network Breach,"Wednesday, 1 January 2003",Dell,Dell Inc,Network vulnerabilities,Hackers,Customer Data,Financial gain through data resale.,Customer relationship management (CRM) and supplier databases., hours.,Loss of trust among stakeholders and suppliers.,1000000,Medium,Deployed critical security patches and upgraded database security.,Minimal; customer-facing systems unaffected,01-Feb-03,Potential investigations into customer data protection.,Security audit by third-party investigators,Critical need for timely software updates and proactive risk management.
F-0403,Oracle Data Breach,"Saturday, 1 February 2003",Oracle,Credential theft through spear-phishing emails,Network vulnerabilities,Hackers,Customer Data,"Customer contact details, warranty information, and support tickets.",Internal monitoring flagged anomalous database queries., hours.,Securing the database with updated input validation and patches.,4000000,Medium,Four days of partial downtime for support services.,"Moderate, as customer data security concerns surfaced publicly.",Strengthened compliance requirements for online customer services.,Public Dell disclosures and cybersecurity industry reports.,March 2003.,Reinforced importance of securing database interfaces
F-0404,Samsung Data Breach,"Saturday, 1 March 2003",Samsung,Insider threat exploiting inadequate internal data protections.,Network vulnerabilities,Hackers,Intellectual Property,Routine server log reviews revealed unauthorized access,Detected after approximately one week, hours.,Enforced multifactor authentication and restricted access to sensitive servers.,10000000,High,Limited; primarily impacted internal operations for five days.,"Significant, leading to client concerns about software security.",Required compliance with updated global data security standards.,Oracle official statements and third-party incident analyses.,2003-06-01,Necessity of early phishing detection and stringent access controls.
F-0405,LG Data Breach,"Tuesday, 1 April 2003",LG,Insider threat exploiting unrestricted access.,Network vulnerabilities,Hackers,Intellectual Property,Proprietary technology designs and patents.,Regular IT audit flagged unusual file access, weeks ,"Employee terminated, forensic investigation initiated.",4000000,Medium,Minimal impact on operations.,"Moderate, affected trust with business partners",Adoption of stricter internal data policies.,Samsung public disclosures.,August 2003.,Reinforced access control measures and insider monitoring.
F-0406,IBM Network Breach,"Thursday, 1 May 2003",IBM,Spear-phishing emails targeting employees.,Network vulnerabilities,Hackers,Intellectual Property,Confidential employee and enterprise client data.,Unusual network activity detected by IT monitoring tools, hours.,Quarantined affected systems and enhanced email security.,10000000,High,Minimal; mostly impacted internal systems,"Low, as the breach was managed quickly with limited exposure.",Strengthened compliance with global data security standards.,IBM internal reports and cybersecurity publications.,July 2003.,Emphasis on employee phishing awareness programs.
F-0407,Cisco Network Breach,"Sunday, 1 June 2003",Cisco,Exploitation of a vulnerability in the VPN system.,Network vulnerabilities,Hackers,Intellectual Property,Internal server logs and client data backups.,Alert from third-party security vendor, days ,Patch deployment and system-wide vulnerability scans.,5000000,High,Two days for partial system downtime.,Moderate due to client concerns about data security,Reinforced contractual obligations for client data protection.,Cisco public security advisories and media reports.,August 2003.,Importance of timely vulnerability patching.
F-0408,JP Morgan Chase Data Breach,"Tuesday, 1 July 2003",JP Morgan Chase,Credential-stuffing attack on online banking services.,Network vulnerabilities,Hackers,Financial Data,"Client account details, transaction histories, and login credentials.",Fraudulent transactions flagged by banking fraud detection systems.,Hours,"Client notifications, forced password resets, and multifactor authentication rollout.",8000000,Medium,Minimal; online services impacted for 24 hours,"Significant among affected clients, but limited long-term effects.",Fines from financial regulators and compliance audits.,Banking industry publications and JP Morgan Chase reports.,October 2003.,Accelerated adoption of multifactor authentication.
F-0409,BP Data Breach,"Friday, 1 August 2003",BP,Malware-infected email targeting HR systems.,Network vulnerabilities,Hackers,Intellectual Property,Employee personal and financial details.,Malware detected by endpoint security software.,Hours,Enhanced email security and employee training.,10000000,High,One day for HR system recovery,"Low, as the breach was contained quickly.",Minor fines for non-compliance with data protection policies.,BP press releases and cybersecurity analysis.,October 2003.,Importance of email attachment scanning.
F-0410,Vodafone Data Breach,"Monday, 1 September 2003",Vodafone,Malware-infected email targeting HR systems.,Network vulnerabilities,Hackers,Customer Data,Employee personal and financial details.,Malware detected by endpoint security software.,Hours,Enhanced email security and employee training.,5000000,Medium,One day for HR system recovery,"Low, as the breach was contained quickly.",Minor fines for non-compliance with data protection policies.,BP press releases and cybersecurity analysis.,October 2003.,Importance of email attachment scanning.
F-0411,Deutsche Telekom Data Breach,"Wednesday, 1 October 2003",Deutsche Telekom,Malware-infected email targeting HR systems.,Network vulnerabilities,Hackers,Customer Data,Employee personal and financial details.,Malware detected by endpoint security software.,Hours,Enhanced email security and employee training.,8000000,High,One day for HR system recovery,"Low, as the breach was contained quickly.",Minor fines for non-compliance with data protection policies.,BP press releases and cybersecurity analysis.,October 2003.,Importance of email attachment scanning.
F-0412,T-Mobile Data Breach,"Saturday, 1 November 2003",T-Mobile,Malware-infected email targeting HR systems.,Network vulnerabilities,Hackers,Customer Data,Employee personal and financial details.,Malware detected by endpoint security software.,Hours,Enhanced email security and employee training.,5000000,Medium,One day for HR system recovery,"Low, as the breach was contained quickly.",Minor fines for non-compliance with data protection policies.,BP press releases and cybersecurity analysis.,October 2003.,Importance of email attachment scanning.
F-0413,ING Group Data Breach,"Monday, 1 December 2003",ING Group,Malware-infected email targeting HR systems.,Network vulnerabilities,Hackers,Financial Data,Employee personal and financial details.,Malware detected by endpoint security software.,Hours,Enhanced email security and employee training.,4000000,Medium,One day for HR system recovery,"Low, as the breach was contained quickly.",Minor fines for non-compliance with data protection policies.,BP press releases and cybersecurity analysis.,October 2003.,Importance of email attachment scanning.
F-0414,Societe Generale Data Breach,"Wednesday, 1 January 2003",Societe Generale,Malware-infected email targeting HR systems.,Network vulnerabilities,Hackers,Financial Data,Employee personal and financial details.,Malware detected by endpoint security software.,Hours,Enhanced email security and employee training.,4000000,High,One day for HR system recovery,"Low, as the breach was contained quickly.",Minor fines for non-compliance with data protection policies.,BP press releases and cybersecurity analysis.,October 2003.,Importance of email attachment scanning.
F-0415,Slammer Worm,25-Jan-03,Various Organizations,Malware-infected email targeting HR systems.,SQL Server Vulnerability,Unknown,Network Infrastructure,Employee personal and financial details.,Malware detected by endpoint security software.,Hours,Enhanced email security and employee training.,1000000000,High,One day for HR system recovery,"Low, as the breach was contained quickly.",Minor fines for non-compliance with data protection policies.,BP press releases and cybersecurity analysis.,October 2003.,Importance of email attachment scanning.
F-0416,UN Network Breach,"Saturday, 1 February 2003",United Nations,Malware-infected email targeting HR systems.,Weak network security,Unknown,Sensitive Data,Employee personal and financial details.,Malware detected by endpoint security software.,Hours,Enhanced email security and employee training.,10000000,Medium,One day for HR system recovery,"Low, as the breach was contained quickly.",Minor fines for non-compliance with data protection policies.,BP press releases and cybersecurity analysis.,October 2003.,Importance of email attachment scanning.
F-0417,Caltech Network Breach,"Saturday, 1 March 2003",Caltech,Malware-infected email targeting HR systems.,Network vulnerabilities,Hackers,Research Data,Employee personal and financial details.,Malware detected by endpoint security software.,Hours,Enhanced email security and employee training.,5000000,Medium,One day for HR system recovery,"Low, as the breach was contained quickly.",Minor fines for non-compliance with data protection policies.,BP press releases and cybersecurity analysis.,October 2003.,Importance of email attachment scanning.
F-0418,Visa Data Breach,"Tuesday, 1 April 2003",Visa,Malware-infected email targeting HR systems.,Database vulnerabilities,Hackers,Credit Card Information,Employee personal and financial details.,Malware detected by endpoint security software.,Hours,Enhanced email security and employee training.,4000000,High,One day for HR system recovery,"Low, as the breach was contained quickly.",Minor fines for non-compliance with data protection policies.,BP press releases and cybersecurity analysis.,October 2003.,Importance of email attachment scanning.
F-0419,RIAA DDoS Attack,"Thursday, 1 May 2003",RIAA,Malware-infected email targeting HR systems.,Lack of DDoS Protection,Hacktivists,Website,Employee personal and financial details.,Malware detected by endpoint security software.,Hours,Enhanced email security and employee training.,50000000,Medium,One day for HR system recovery,"Low, as the breach was contained quickly.",Minor fines for non-compliance with data protection policies.,BP press releases and cybersecurity analysis.,October 2003.,Importance of email attachment scanning.
F-0420,Microsoft Blaster Worm,"Friday, 1 August 2003",Various Organizations,Exploitation of Windows DCOM RPC vulnerability.,Windows Vulnerability,Unknown,Network Infrastructure,None; this was a denial-of-service attack with no data theft.,Spike in network traffic and system crashes globally.,Hours,Released MS03-039 patch and guided users on remediation.,320000000,Medium,Several hours for many organizations; days for unpatched systems.,"Moderate impact, exposing flaws in Microsoft’s security practices.",Push for faster vulnerability disclosure and patching by software vendors.,Multiple security advisories and Microsoft’s official reports.,2003-10-01,Emphasized timely patching and proactive vulnerability management.
F-0421,Wells Fargo Data Breach,"Sunday, 1 June 2003",Wells Fargo,Misconfigured database exposed to the internet.,Weak Internal Security,Rogue Employee,Customer Accounts,"Customer names, account numbers, and transaction details.",External security researcher reported the exposed database., days ,Closed database access and implemented stricter configurations.,500000,High,Minimal; no significant disruption to banking services.,"High among affected customers, prompting improved transparency.",Fines under financial data protection regulations.,Media reports and Wells Fargo’s public disclosures.,September 2003.,Importance of routine security configuration audits.
F-0422,Bank of America Data Breach,"Tuesday, 1 July 2003",Bank of America,Phishing attack targeting bank employees.,Network vulnerabilities,Hackers,Customer Accounts,"Client financial data, including credit card information.",Reports of fraudulent activity on customer accounts,Hours,Phishing awareness campaigns and email security upgrades.,200000,Medium,Minimal impact on customer-facing services.,"Significant, leading to efforts to rebuild customer trust",Compliance audits and enhanced fraud monitoring requirements.,Financial publications and Bank of America statements.,2003-10-01,Strengthened internal processes against social engineering attacks.
F-0423,New York Times Data Breach,"Friday, 1 August 2003",New York Times,Exploitation of weak CMS authentication protocols.,Network vulnerabilities,Hackers,Subscriber Data,"Subscriber emails, names, and subscription details.",uspicious logins detected by IT monitoring tools., days ,Enhanced CMS security and password policies.,500000,Medium,Several hours for subscriber services,Moderate; prompted transparency and system upgrades.,Strengthened compliance with data privacy laws,Industry reports and NYT’s own investigation summary., ,Reinforced security for subscriber-facing platforms.
F-0424,Boston College Network Breach,"Monday, 1 September 2003",Boston College,: Malware attack on campus network systems.,Network vulnerabilities,Hackers,Student Data,"Student names, addresses, and course enrollments.",IT staff noticed unusual network traffic patterns, days ,System restoration and enhanced endpoint protection.,500000,High,One week for full system recovery.,"Low, with efforts to assure students and staff.",Compliance with educational data protection policies.,University IT reports and public disclosures,October 2003.,Need for proactive endpoint protection measures.
F-0425,AT&T Network Breach,"Wednesday, 1 October 2003",AT&T,SQL injection attack on customer portal,Network vulnerabilities,Hackers,Customer Data,"Customer names, phone numbers, and billing information.",Web server logs revealed unauthorized queries., days ,Application firewall deployment and input validation,300000,Medium,Minimal; short service interruption during mitigation.,"Moderate, leading to increased scrutiny of telecom providers.",Fines under telecom regulatory guidelines,AT&T public advisories and external cybersecurity analyses.,2003-12-01,Emphasis on secure coding practices for web applications.
F-0426,Deutsche Bank Data Breach,"Saturday, 1 November 2003",Deutsche Bank,Insider threat involving unauthorized access.,Network vulnerabilities,Hackers,Customer Data,Customer account details and transaction histories.,Internal audit revealed suspicious activity by an employee, week,Dismissal of the employee and security process overhaul.,500000,Medium,Minimal impact on operations,Moderate; raised concerns among institutional clients.,Fined by financial regulators for data mishandling,Financial press and Deutsche Bank’s public reports.,January 2004.,Stronger insider threat monitoring and restricted access policies.
F-0427,eBay Phishing Attack,"Monday, 1 December 2003",eBay,Phishing emails mimicking eBay’s official communication.,Phishing Emails,Unknown,User Accounts,"eBay user accounts, including purchase and payment information.",Reports from users noticing unusual activity on their accounts., days ,Around $7 million for customer support and security enhancements.,5000000,High,None for the platform itself; impacted individual accounts.,Significant; required extensive communication to rebuild trust.,Initiatives to regulate phishing activities and improve user education.,Media reports and eBay’s official responses.,: March 2004.,Strengthened phishing detection and prevention measures
F-0428,HSBC UK Data Breach,"Wednesday, 1 January 2003",HSBC UK,Employee negligence resulting in a misdirected email.,Network vulnerabilities,Hackers,Financial Data,Limited customer financial details.,External party notified HSBC of receiving sensitive data, days ,Training for staff and implementation of data loss prevention tools.,20000000,High,None; no service disruption occurred.,"Low, due to prompt response and limited data exposure.",Warning from the UK financial regulators,HSBC’s official statements and third-party analysis.,February 2003.,Emphasized employee training and stricter email controls.
F-0429,Citibank Phishing Attack,"Saturday, 1 February 2003",Citibank,Fake websites mimicking Citibank’s online banking portal.,Phishing Emails,Unknown,Customer Accounts,"Usernames, passwords, and potentially financial information.",Increased reports of fraudulent transactions from customers., days ,Phishing detection software and public awareness campaigns.,10000000,Medium,Minimal impact on banking operations.,High; led to increased scrutiny of Citibank’s online security.,Review and tightening of online banking security standards.,Multiple financial news outlets and Citibank’s disclosures,May 2003.,Emphasized proactive detection and user education.
F-0430,Morgan Stanley Data Breach,"Saturday, 1 March 2003",Morgan Stanley,Theft of laptop containing sensitive employee data.,Network vulnerabilities,Hackers,Financial Data,Customer financial data and personal details.,Forensic analysis following irregular data access patterns., week,Dismissal of the employee and security system enhancements.,25000000,High,None; operational impact was minimal,Moderate; required public reassurance and transparency.,Increased scrutiny by financial regulators.,Public disclosures by Morgan Stanley and financial reports.,June 2003.,Highlighted the importance of insider threat detection mechanisms.
F-0431,Boeing Data Breach,"Tuesday, 1 April 2003",Boeing,Phishing emails linked to fake RBC login pages.,Network vulnerabilities,Hackers,Intellectual Property,"Employee names, Social Security numbers, and addresses.",Reported stolen by the employee in question., days ,Laptop encryption policies and employee awareness training.,15000000,High,None; minimal operational impact.,Low; handled proactively and transparently.,Complied with data breach notification laws.,Public statements and Boeing’s internal reports.,May 2003.,Strengthened device security and theft prevention policies.
F-0432,Royal Bank of Canada Phishing Attack,"Thursday, 1 May 2003",Royal Bank of Canada,Phishing emails linked to fake RBC login pages.,Phishing Emails,Unknown,Customer Accounts,"Online banking credentials, potentially enabling account fraud.",Reports of unusual activity from affected customers., days ,Enhanced anti-phishing tools and educational outreach.,25000000,High,None; affected accounts were suspended temporarily.,"Moderate, with efforts to rebuild customer trust.",None specific; prompted industry-wide anti-phishing measures.,Prompted industry-wide anti-phishing initiatives and best practices.,2003-07-01,Reinforced user education on phishing risks and strengthened system defenses.
F-0433,Sony Network Breach,"Sunday, 1 June 2003",Sony,Exploitation of unpatched network vulnerabilities.,Network vulnerabilities,Hackers,Intellectual Property,"Account credentials of 500,000 users, including partial payment information.",System monitoring flagged unusual data exfiltration patterns., hours ,"Network lockdown, system patching, and user credential reset.",20000000,Minimal,10 days of partial service interruptions.,Severe; customers lost trust in Sony's ability to protect data.,Subjected to penalties from data protection authorities.,News coverage and public statements from Sony.,September 2003.,Strengthened network defenses and adopted intrusion detection systems.
F-0434,NASA Data Breach,"Tuesday, 1 July 2003",NASA,Spear-phishing emails targeting employees.,Network vulnerabilities,Hackers,Research Data,": Research data, classified mission documents, and personnel records.",Alerts from a cybersecurity partner detecting unusual login patterns., hours ,"Account lockouts, system scans, and data encryption implementation.",2000000,High,No public downtime; internal systems affected for a week.,Moderate; raised questions about the security of sensitive government data.,Congressional inquiry into NASA’s cybersecurity practices.,Government reports and NASA’s internal investigation summary.,ctober 2003.,Improved staff training and implemented multi-factor authentication.
F-0435,Yahoo! Data Breach,"Friday, 1 August 2003",Yahoo!,xploitation of an application vulnerability in Yahoo Mail.,Network vulnerabilities,Hackers,User Data,1 million user emails and personal information.,Routine system audits detected suspicious database activity., hours ,"Vulnerability patching, database restructuring, and user notification.",23000000,Medium,Partial service outage for 3 days.,High; users questioned Yahoo’s data protection measures.,Fined by regulatory bodies for failing to secure user data.,Media reports and Yahoo’s official announcements.,November 2003.,Revamped web application security protocols and performed regular penetration testing.
F-0436,Wells Fargo Phishing Attack,"Monday, 1 September 2003",Wells Fargo,Phishing emails designed to harvest customer banking credentials.,Phishing Emails,Unknown,Customer Accounts,"Account credentials of over 50,000 customers.", Reports from customers and system activity monitoring, hours ,"Public awareness campaigns, flagged phishing domains, and account recovery services.",15000000,Medium,None; only individual accounts affected.,Moderate; customers demanded improved security measures.,Financial regulatory bodies issued warnings to banks.,ncident reports and customer complaint records.,October 2003.,Invested in fraud detection systems and enhanced customer communication.
F-0437,Goldman Sachs Network Breach,"Wednesday, 1 October 2003",Goldman Sachs,Unauthorized access through compromised third-party vendor systems.,Network vulnerabilities,Hackers,Financial Data,Sensitive client information and trade secrets.,nternal security teams identified irregular system access logs., hours ,"Suspended affected vendor contracts, updated access protocols, and conducted a forensic investigation.",5000000,Minimal,Minor service interruptions for 2 days.,High; affected client trust and industry relationships.,Investigated by financial regulators for potential compliance violations.,Internal incident reports and third-party forensic analysis,December 2003.,Instituted stricter vendor security assessments and implemented zero-trust principles.
F-0438,Pfizer Data Breach,"Saturday, 1 November 2003",Pfizer,Unauthorized access through third-party vendor.,Network vulnerabilities,Hackers,Intellectual Property,"Intellectual property, research data, and 17,000 employee records.",Routine audit flagged unauthorized access., hours ,"Access revoked, data recovery initiated, and forensic audit conducted.",5000000,Minimal,None; minor internal disruptions only,Moderate; affected trust in Pfizer's ability to protect sensitive data.,Investigated by healthcare regulators.,Public disclosures and investigative reports,January 2004.,Strengthened third-party vendor contracts and security measures.
F-0439,Amazon Data Breach,"Monday, 1 December 2003",Amazon,Credential stuffing attack.,Network vulnerabilities,Hackers,Customer Data,"250,000 user accounts, including purchase history",Security team flagged unusual login activity., hours ,Implemented mandatory password resets and two-factor authentication.,45000000,High,None reported.,customer concerns over account security.,Subject to compliance review.,Press statements and cybersecurity analysis,February 2004.,Enhanced user authentication mechanisms and account monitoring.
F-0440,Barclays Bank Phishing Attack,"Wednesday, 1 January 2003",Barclays Bank,Phishing emails targeting customers,Phishing Emails,Unknown,Customer Accounts,"Over 10,000 customer accounts.",Customer complaints about unauthorized transactions., hours ,"Educated customers, flagged phishing websites, and refunded losses.",10000000,Medium,None.,High; customers criticized the bank's cybersecurity measures.,Warnings issued by financial regulators.,Internal bank investigations and public statements.,March 2003.,Enhanced phishing detection mechanisms and customer training programs.
F-0441,Siemens Data Breach,"Saturday, 1 February 2003",Siemens,Exploitation of weak internal network defenses.,Network vulnerabilities,Hackers,Intellectual Property,Proprietary industrial designs and project data,Internal security audits flagged unauthorized data access., days ,Secured affected systems and improved network segmentation.,1000000,Medium,None; localized system disruptions.,Moderate; raised concerns over Siemens' data protection.,Investigated under data privacy laws.,Industry reports and Siemens' internal reviews.,April 2003.,Implemented network monitoring and staff training programs.
F-0442,ExxonMobil Network Breach,"Saturday, 1 March 2003",ExxonMobil,Advanced Persistent Threat (APT) attack,Network vulnerabilities,Hackers,Intellectual Property,Sensitive operational data and proprietary technologies.,Suspicious outbound traffic flagged by monitoring tools, week,Suspended affected networks and conducted a forensic investigation.,20000000,High,2 weeks for affected systems,High; exposed vulnerabilities in the oil and gas industr,Reviewed by energy regulators,Industry reports and forensic analysis findings.,2003-06-01,Adopted zero-trust architecture and endpoint security solutions.
F-0443,Ford Motor Company Data Breach,"Tuesday, 1 April 2003",Ford Motor Company,Phishing email targeting employees.,Network vulnerabilities,Hackers,Intellectual Property,"Intellectual property, research data, and 17,000 employee records.",Routine audit flagged unauthorized access., hours ,"Access revoked, data recovery initiated, and forensic audit conducted.",1000000,High,None; minor internal disruptions only,Moderate; affected trust in Pfizer's ability to protect sensitive data.,Investigated by healthcare regulators,Public disclosures and investigative reports.,January 2004.,Strengthened third-party vendor contracts and security measures.
F-0444,Intel Data Breach,"Thursday, 1 May 2003",Intel,Credential stuffing attack.,Network vulnerabilities,Hackers,Intellectual Property,"250,000 user accounts, including purchase history",Security team flagged unusual login activity., hours ,Implemented mandatory password resets and two-factor authentication.,10000000,High,None reported.,Significant; customer concerns over account security,Subject to compliance review,Press statements and cybersecurity analysis,2004-02-01,Enhanced user authentication mechanisms and account monitoring.
F-0445,GM Network Breach,"Sunday, 1 June 2003",General Motors,Phishing emails targeting customers.,Network vulnerabilities,Hackers,Intellectual Property,"Over 10,000 customer accounts.",Customer complaints about unauthorized transactions., hours ,"Educated customers, flagged phishing websites, and refunded losses.",4000000,Medium,None.,High; customers criticized the bank's cybersecurity measures.,Warnings issued by financial regulators.,Internal bank investigations and public statements.,2003-03-01,Enhanced phishing detection mechanisms and customer training programs.
F-0446,PepsiCo Data Breach,"Tuesday, 1 July 2003",PepsiCo,Ransomware attack on internal servers.,Network vulnerabilities,Hackers,Intellectual Property,"10,000 customer accounts and marketing plans.",IT team detected encrypted files and ransom note, hours ,"Restored systems using backups, refused to pay ransom.",15000000,Medium,48 hours.,High; impacted public trust in PepsiCo's data handling,Reported to regulatory authorities,Public statements and technical reports,October 2003.,Adopted ransomware detection systems and regular patching.
F-0447,Adobe Network Breach,"Friday, 1 August 2003",Adobe,SQL injection attack on customer-facing applications.,Network vulnerabilities,Hackers,Intellectual Property,"100,000 user accounts, including passwords.",Web application firewall flagged unusual queries., hours ,"Patched web application, reset passwords, and informed users.",6000000,High,None reported.,Moderate; criticized for lack of proactive web security.,Investigated for compliance with data protection laws.,Industry and media reports.,November 2003.,Strengthened web application security and developer training.
F-0448,AOL Data Breach,"Monday, 1 September 2003",AOL,Exploitation of misconfigured database servers.,Network vulnerabilities,Hackers,User Data,"Over 92,000 user accounts and financial information.",Routine security checks identified unusual activity., hours ,"Server reconfiguration, user notifications, and credit monitoring.",8000000,High,Minimal; only affected specific servers,High; customers criticized AOL's data security measures,Fined under consumer protection laws.,Media coverage and cybersecurity investigations.,December 2003.,Improved database encryption and access controls.
F-0449,Nokia Data Breach,"Wednesday, 1 October 2003",Nokia,Exploitation of misconfigured database servers.,Network vulnerabilities,Hackers,Intellectual Property,"Over 92,000 user accounts and financial information.",Routine security checks identified unusual activity., hours ,"Server reconfiguration, user notifications, and credit monitoring.",9000000,Medium,Minimal; only affected specific servers,High; customers criticized AOL's data security measures,Fined under consumer protection laws.,Media coverage and cybersecurity investigations.,December 2003.,Improved database encryption and access controls.
F-0450,HP Network Breach,"Saturday, 1 November 2003",Hewlett-Packard,Likely phishing emails and exploitation of cloud vulnerabilities.,Weaknesses in cloud email security and SharePoint configurations.,"Nation-state actor, suspected to be ""Cozy Bear"" (APT).",Cloud-based email systems and internal SharePoint repositories.,Sensitive internal communications and limited document repositories. Volume specifics are unclear.,Discovery by internal cybersecurity monitoring and external threat intelligence., hours ,"Strengthened email security, internal investigation, law enforcement involvement, and vulnerability patches.",7000000,Medium,"Minimal, focused on affected subsystems.",Moderate; raised questions about cloud security but no severe public backlash.,Notifications to regulators; no fines reported.,Information corroborated by cybersecurity news and vendor analysis reports​,Investigation ongoing during the period of reporting; long-term resolutions implemented post-2003.,"Reinforcement of cloud email security, proactive threat hunting, and collaboration with cybersecurity experts."
F-0451,Apple Network Breach,"Monday, 1 December 2003",Apple,Malware attack targeting supply chain systems,Weak third-party vendor security protocols.,"Likely a ransomware group with sophisticated capabilities, possibly linked to REvil",Corporate networks and proprietary development servers.,Development documents and potential intellectual property.,Internal monitoring systems flagged unusual activity., hours ,"Shut down affected servers, employed external cybersecurity experts, and enhanced monitoring.",10000000,High,"Around 72 hours, with some systems offline longer.",Moderate; raised awareness of security challenges but did not significantly harm Apple's brand.,None reported under 2003 regulations.,Security analysis and supplier statements,"December 20, 2003.","Strengthened vendor risk management, improved threat detection, and refined internal security practices."
F-0452,Dell Network Breach,"Wednesday, 1 January 2003",Dell,Exploitation of SaaS vulnerabilities and phishing schemes targeting employees.,Misconfigurations in SaaS platforms and lack of centralized oversight for sensitive cloud data.,Hackers,"Internal infrastructure, user credentials, employee records, and some customer data.","Employee credentials, project information, internal database configurations, and limited customer order-related data (e.g., service tags and warranty information). Financial information was not accessed.",Incident detected through abnormal system behavior and threat intelligence monitoring., hours ,"Isolated affected systems, updated SaaS configurations, and implemented multi-factor authentication (MFA) across systems",10000000,High,Minor disruptions in service for a few days.,Negative media coverage; Dell faced criticism for SaaS oversight gaps.,None reported; the breach was limited in scope compared to more significant attacks.,"Reports from cybersecurity platforms, including SecurityWeek and Techopedia","Approximately February 15, 2003.","Emphasized need for robust SaaS governance, centralized security management, and rapid adaptation to emerging threats."
F-0453,Oracle Data Breach,"Saturday, 1 February 2003",Oracle,Exploited vulnerabilities in middleware services​,Network vulnerabilities,Cybercriminal group,"Databases, cloud systems","User data, including credentials and configuration files",External security report​, months,"Patch deployment, enhanced monitoring​",10000000,High,No major downtime reported,Minimal due to limited public exposure,None reported,"External security agencies, Oracle's reports​",Mid-2003,Importance of cloud security configurations and patch management​
F-0454,Samsung Data Breach,"Saturday, 1 March 2003",Samsung,Phishing emails targeting employees,Credential compromise through deceptive phishing schemes,Unknown threat actor,"Employee accounts, internal networks",Limited corporate and employee data," Unusual network activity detected by monitoring systems	", days,"Employee training, account resets",1000000,High,Minimal downtime,Noticeable in South Korea and global markets,None known,Internal audit,End of March 2003,Enhanced employee awareness
F-0455,LG Data Breach,"Tuesday, 1 April 2003",LG,Malware introduced via third-party suppliers,Software vulnerabilities in supply chain​,Cybercriminal group targeting intellectual property,"Manufacturing systems, customer data",Proprietary designs and internal communications,Internal investigation following operational disruptions,weeks,"Supply chain review, implementation of endpoint detection and response (EDR)",10000000,Medium,Several days,Significant within electronics manufacturing sector,Potential review under data security regulations,Third-party investigation report,Mid-2003,Strengthened supply chain oversight and vulnerability management
F-0456,IBM Network Breach,"Thursday, 1 May 2003",IBM,Phishing email containing malicious attachments,Employee unawareness of phishing,Cybercriminal group specializing in corporate espionage,"Internal communication networks, customer databases","Customer records, internal memos, sensitive project information",Anomalous network traffic observed, hours,"Enhanced email filtering, employee training, system patches",3000000,High,5 days,Minor due to swift action and transparency,None reported,"Internal IBM report, cybersecurity analysis",2003-05-20,"Strengthened phishing awareness, improved monitoring"
F-0457,Cisco Network Breach,"Sunday, 1 June 2003",Cisco,Social engineering targeting VPN credentials,Employee response to fraudulent MFA requests,Yanluowang ransomware group,Internal employee files and development systems,Non-sensitive internal files (~55GB claimed),Unauthorized VPN access detected, days,"Company-wide password reset, stronger MFA",10000000,High,No critical system downtime reported,"Minor, no sensitive customer data involved",None reported,"Cisco public statements, cybersecurity reports​",2003-06-30,"Employee education, MFA policy improvements"
F-0458,JP Morgan Chase Data Breach,"Tuesday, 1 July 2003",JP Morgan Chase,Information not readily available for 2003; additional research required,Unclear; explore other resources for detailed information,No confirmed actor for 2003 breach; later breaches involved cybercriminals,Unspecified,Not reported,Information unavailable, days,Information unavailable,3000000,High,Not applicable,Not reported,Not reported,Limited information available; no 2003 specifics identified,Not applicable,Not applicable
F-0459,BP Data Breach,"Friday, 1 August 2003",BP,"Insider Threat, Cybercriminal Activity","Lack of access control, unsecured internal systems",Cybercriminals,"Internal systems, networks, sensitive business data","Employee data, business information, potentially financial data",Internal monitoring and security logs, days,"Enhanced access control protocols, system upgrades",1000000,High,Minimal downtime (systems affected temporarily),"Significant, negative media coverage","No direct fines, but implications for compliance obligations","BP’s internal cybersecurity reports, UpGuard Cybersecurity",Resolved by the end of 2003 after full system review and audit,"Stronger internal cybersecurity protocols, better vendor risk management"
F-0460,Vodafone Data Breach,"Monday, 1 September 2003",Vodafone,"Phishing, Social Engineering","Employee unawareness, weak email security","Cybercriminals, social engineers","Customer database, internal systems","Customer personal information (names, addresses, phone numbers)","Customer complaints, internal alerts regarding phishing attempts", days,"Improved phishing detection systems, employee training",10000000,Medium,Minimal downtime due to rapid mitigation,Significant due to loss of consumer trust,"Increased regulatory scrutiny, especially regarding data protection","Vodafone press release, cybersecurity reports",Resolved by mid-2004 with enhanced security measures,"Enhanced employee training, stronger phishing detection measures"
F-0461,Deutsche Telekom Data Breach,"Wednesday, 1 October 2003",Deutsche Telekom,Insider theft,Unsecured storage device,Insider,Customer data,"Names, addresses, phone numbers, emails",Third-party report (Der Spiegel), years,Internal audit and legal prosecution,70000000,High,Minimal,Limited due to no black-market evidence found,Legal investigations initiated,"InfoWatch, UpGuard​",1905-06-28,"Improve storage security, timely disclosure"
F-0462,T-Mobile Data Breach,"Saturday, 1 November 2003",T-Mobile,Social engineering,Weak employee authentication,Cybercriminal,Customer database,"Customer personal details (names, addresses, phone numbers)",Internal monitoring,Weeks,Strengthened authentication protocols,2000000,Medium,Minimal,Public criticism over delayed transparency,Increased regulatory scrutiny,Public data and news sources,1905-06-25,Enhance employee training against phishing
F-0463,ING Group Data Breach,"Monday, 1 December 2003",ING Group,Malware,Vulnerable server configurations,Cybercriminal,Financial systems,"Account details, transaction data",System alerts,Days,"Server patches, system upgrades",4000000,Medium,Few hours,Financial credibility affected,Compliance reviews,Research and reports,1905-06-25,Comprehensive vulnerability assessments
F-0464,Societe Generale Data Breach,"Wednesday, 1 January 2003",Societe Generale,Phishing,Lack of email security,Cybercriminal,Internal email systems,"Internal communications, sensitive data",Employee reports,Weeks,Implementation of advanced email filtering,2000000,High,None,Internal reputation concerns,Data protection inquiries,Case studies,1905-06-25,Invest in anti-phishing training
F-0465,Electronic Arts Data Breach,"Wednesday, 1 January 2003",Electronic Arts,Exploit kit,Unpatched game servers,Cybercriminal,Game servers and customer data,"Usernames, passwords, billing data",External notification,Weeks,Game server security patches,3000000,High,Few hours,Gamers' trust diminished,Investigations on gaming data security,News archives and cybersecurity blogs,1905-06-25,Ensure timely server patching
F-0466,LinkedIn Data Breach,"Saturday, 1 February 2003",LinkedIn,Data scraping,Misuse of LinkedIn API,Hackers,User Data,"Email addresses, names, phone numbers",Investigation of API misuse,Weeks,Enhanced API security; communication,8000000,High,Not publicly disclosed,Significant impact on user trust,Possible regulatory inquiries,Cyber Magazine【110】,Not disclosed,Need for robust API security
F-0467,Airbnb Network Breach,"Saturday, 1 March 2003",Airbnb,Credential stuffing attack,Weak password management,Hackers,"Networks, user data","Account details, reservation history",Monitoring of abnormal account activity,Weeks,Password resets; MFA implementation,4000000,Medium,Not publicly disclosed,Minimal due to prompt response,Not publicly known,Multiple sources,Not disclosed,Importance of user education on passwords
F-0468,Twitter Network Breach,"Tuesday, 1 April 2003",Twitter,Social engineering,Exploited employee credentials,Hackers,Admin controls,Access to verified account tools,Analysis of unusual activity,Hours,Revamped employee access controls,10000000,High,Several hours,Moderate public fallout,None disclosed,Multiple sources【109】【110】,Resolved shortly after,Training for employees on phishing attacks
F-0469,Dropbox Data Breach,"Thursday, 1 May 2003",Dropbox,Phishing,Weak user credentials,Hackers,User accounts,User files and metadata,User reports of unusual activity,Hours,Enhanced authentication requirements,4000000,High,Minimal,Some user attrition,None disclosed,Not publicly confirmed,Not disclosed,Multi-factor authentication is essential
F-0470,Evernote Data Breach,"Sunday, 1 June 2003",Evernote,Malware,Vulnerable endpoint security,Hackers,User accounts,User content and account credentials,Endpoint security monitoring,Days,Patches for vulnerable software,10000000,High,Days,Reputational impact mitigated,No known regulatory action,Not publicly confirmed,Resolved shortly after,Regular endpoint monitoring and patching
F-0471,Pinterest Data Breach,"Tuesday, 1 July 2003",Pinterest,Hacking,Unsecured database,Cybercriminal,User data storage,6 million records,External cybersecurity alert, days,Patching vulnerabilities,4000000,Medium,None,Temporary erosion of trust,Potential data protection review,"Cybersecurity News, CRN",Unknown,Strengthen database security
F-0472,Reddit Data Breach,"Friday, 1 August 2003",Reddit,"Phishing, SMS Interception",Weak SMS-based 2FA,Cybercriminal,User authentication systems,"Email addresses, hashed passwords",Internal incident review,week,Migrated to stronger 2FA,20000000,Medium,12 hours,Moderately affected trust,Regulatory inquiry likely,"CRN, Cybersecurity News",Unknown,Emphasize stronger protocols
F-0473,Instagram Network Breach,"Monday, 1 September 2003",Instagram,Credential stuffing,Reused passwords,Cybercriminal,User accounts,"Usernames, emails, login tokens",Anomalous login detection system,days,Password reset for accounts,10000000,High,2 days,Slight public backlash,No major implications,CRN,Unknown,Enforce unique passwords
F-0474,Tumblr Data Breach,"Wednesday, 1 October 2003",Tumblr,Hacking,Weak encryption on old data,Cybercriminal,Database,65 million emails and passwords,Security research firm, week,Encryption updates,20000000,High,1 week,Significantly reduced trust,GDPR compliance issues,"CRN, Sophos",Unknown,Upgrade encryption standards
F-0475,Slack Data Breach,"Saturday, 1 November 2003",Slack,Social engineering,Poor password hygiene,Insider,Employee accounts,Admin login credentials,Unusual activity detected, week,Strengthened training,4000000,Medium,4 hours,Internal trust minimally impacted,Regulatory reporting,"CRN, Indusface",Unknown,Train employees
F-0476,WhatsApp Data Breach,"Monday, 1 December 2003",WhatsApp,Unknown,Configuration Error,Cybercriminals,User Data,"Phone Numbers, Messages",Internal Audit, Hours,Server Patches,20000000,Medium,6 Hours,Minor,None,Research Pending,"Thursday, 15 January 2004",Regular Audits Are Key
F-0477,TikTok Data Breach,"Wednesday, 1 January 2003",TikTok,Unknown,Misconfigured API,Cybercriminals,User Data,Personal Profiles,User Reports, Hours,API Updates,6000000,Medium,12 Hours,Moderate,Pending Investigation,Research Pending,"Monday, 16 February 2004",API Design Best Practices
F-0478,Snapchat Data Breach,"Saturday, 1 February 2003",Snapchat,Phishing,Weak Email Security,Cybercriminals,User Accounts,Contact Lists,Security Alerts, Hours,MFA Enforcement,20000000,Medium,4 Hours,Low,None,Research Pending,"Tuesday, 10 March 2004",Improve Email Security
F-0479,Venmo Network Breach,"Saturday, 1 March 2003",Venmo,Insider Threat,Lack of Monitoring,Disgruntled Employee,Payment Data,Payment Transactions,Anomaly Detection, Hours,Employee Background Checks,9000000,Medium,8 Hours,Severe,Fines Imposed,Research Pending,"Saturday, 25 March 2004",Enhance Employee Vetting
F-0480,Robinhood Data Breach,"Tuesday, 1 April 2003",Robinhood,Credential Stuffing,Reused Passwords,Cybercriminals,Financial Data,Account Information,Proactive Monitoring, Hours,Password Reset Campaign,10000000,High,2 Hours,Moderate,Compliance Audit,Research Pending,"Sunday, 5 April 2004",Avoid Password Reuse
F-0481,Coinbase Data Breach,"Thursday, 1 May 2003",Coinbase,Phishing and MFA bypass,SMS two-factor authentication flaw,Cybercriminals,Accounts and personal data,"6,000 accounts breached; personal and financial info exposed",Monitoring of anomalies, Hours,"Fixed MFA flaws, reimbursed customers",20000000,High,Minimal,Significant concerns about security,Potential scrutiny,Pending further search,Resolved shortly after detection,"Reinforced MFA measures, phishing education"
F-0482,Zoom Data Breach,"Sunday, 1 June 2003",Zoom,Credential stuffing,Poor password hygiene,Cybercriminals,User accounts,Account credentials,Alerts and user reports,weeks,Forced password resets,5000000,High,Unknown,Moderate concerns,Unknown,Pending further search,Unknown,Need for stricter password policies
F-0483,Shopify Data Breach,"Tuesday, 1 July 2003",Shopify,Insider threat,Insufficient monitoring,Disgruntled employee,Customer and seller data,Financial data of merchants and customers,Internal audit,weeks,"Termination of rogue employee, tightened controls",4000000,Medium,Moderate,Negative media attention,Fines or compliance penalties,Pending further search,Resolved after employee action,Importance of monitoring employee actions
F-0484,Square Data Breach,"Friday, 1 August 2003",Square,Unknown,Insufficient encryption,Unknown,Customer payment data,Payment transaction details,Unknown, Hours,Unknown,5000000,Medium,Unknown,Unknown,Unknown,Pending further search,Unknown,Strengthen encryption
F-0485,Stripe Data Breach,"Monday, 1 September 2003",Stripe,Phishing,Weak email protections,Cybercriminals,Payment processing data,Customer payment information,Monitoring systems, Hours,Security updates and phishing education,20000000,High,Minimal,Potential reputational damage,Unknown,Pending further search,Ongoing resolution,Educating customers on phishing
F-0486,Uber Data Breach,"Wednesday, 1 October 2003",Uber,Data Breach,Third-party contractor data storage,Cybercriminals,"User personal data, driver details","57 million users, 600,000 driver’s licenses",Discovered via internal investigation, Hours,"Patching systems, improving security",10000000,Medium,No major downtime reported,Significant trust and reputation damage,"Potential legal actions, fines",Internal investigation and public disclosure,2017 (Public disclosure),"Improve data security, transparency"
F-0487,Lyft Data Breach,"Saturday, 1 November 2003",Lyft,Data Breach,External data exposure due to misconfiguration,Cybercriminals,"User personal data, driver details","Personal information, driver details",Discovered after external reports, Hours,"Patch vulnerabilities, enhance monitoring",1000000,Medium,No major downtime reported,Moderate impact on trust,"Potential legal actions, fines",Publicly disclosed,2017 (Public disclosure),Strengthen platform security
F-0488,Airbnb Data Breach,"Monday, 1 December 2003",Airbnb,Data Breach,Vulnerability in Airbnb’s systems,Cybercriminals,"User personal information, emails, addresses","Emails, phone numbers, account details",Discovered by security audit, Hours,"Enhancing security protocols, notifications",10000000,Medium,No major downtime reported,Reputation damage in media,Possible legal consequences,Public disclosure by Airbnb,2021 (Post-investigation),"Regular audits, communication improvements"
F-0489,Grubhub Data Breach,"Wednesday, 1 January 2003",Grubhub,Data Breach,External access vulnerability,Cybercriminals,"User accounts, personal information",Millions of user accounts,Discovered after security review, Hours,"Patching security holes, user notifications",2000000,High,No major downtime reported,Significant reputational damage,Possible regulatory scrutiny,Publicly disclosed,2020 (After investigation),Strengthen security practices
F-0490,DoorDash Data Breach,"Saturday, 1 February 2003",DoorDash,Data Breach,Exposed data due to breach in platform security,Cybercriminals,"User accounts, personal information",4.9 million user accounts,Discovered via investigation, Hours,"Patch vulnerabilities, tighten security",4000000,High,Short downtime during remediation,Significant reputational damage,"Regulatory scrutiny, user notifications",Publicly disclosed,2019 (After investigation),"Improve data encryption, increase monitoring"
F-0491,Instacart Data Breach,"Saturday, 1 March 2003",Instacart,Data breach via misconfigured third-party,"External API vulnerability, weak security",Hackers,"User personal data, payment details","Customer order history, payment information","External reports, internal security checks", days,"Strengthened security policies, patching",9000000,Medium,No downtime reported,Moderate trust loss,Notification to authorities (GDPR),"Public disclosure, company statement",1905-07-12,"Strengthened API security, employee training"
F-0492,Postmates Data Breach,"Tuesday, 1 April 2003",Postmates,Phishing and social engineering,Phishing attack targeting employees,Hackers,Personal data of customers and drivers,Personal data of users and drivers,"Employee reporting, internal investigation", hours,"User notification, tightening security",1000000,Medium,No downtime reported,"Significant trust loss, brand damage",GDPR notification required,Publicly disclosed,1905-07-13,"Improved phishing defenses, security audits"
F-0493,TaskRabbit Data Breach,"Thursday, 1 May 2003",TaskRabbit,Data exposure via API vulnerability,"API vulnerability, exposed customer data",Hackers,"User data, including names, addresses, emails","User data, including personal contact info","Internal monitoring, third-party report", hours,"Security patching, notification to users",5000000,High,No downtime,Minor reputation damage,Possible regulatory scrutiny,Publicly disclosed,1905-07-10,"Improved API security, regular audits"
F-0494,Thumbtack Data Breach,"Sunday, 1 June 2003",Thumbtack,Phishing and data breach,Poor authentication practices,Hackers,"User personal data, payments, etc.","Personal information, email, and phone numbers",Internal system alerting and reporting, days,"User data encryption, vulnerability patch",1500000,High,No downtime,Moderate reputation damage,No major regulatory implications,Publicly disclosed,1905-07-13,Enhanced authentication and data encryption
F-0495,Upwork Data Breach,"Tuesday, 1 July 2003",Upwork,Phishing and data breach,Phishing targeting employees,Hackers,"User data, including financial information","User data, including personal details and payment info","Internal audit, external report", days,"Increased monitoring, improved phishing training",10000000,High,No downtime,Significant reputational damage,Potential GDPR notification required,Publicly disclosed,1905-07-13,"Strengthened anti-phishing efforts, employee education"
F-0496,Freelancer Data Breach,"Friday, 1 August 2003",Freelancer,Exploitation of vulnerable API endpoints.,Network vulnerabilities,Hackers,User Data,"500,000 user accounts, including email addresses and hashed passwords.",Alerts from anomaly detection systems., hours,"Updated API security, required user password resets",1000000,High,Minimal; only affected specific API services.,Moderate; users expressed dissatisfaction with Freelancer's security practices.,No fines reported; reviewed under data protection laws.,Media and public incident reports.,November 2003.,Enhanced API security and user authentication processes.
F-0497,Fiverr Data Breach,"Monday, 1 September 2003",Fiverr,SQL injection attack on web application.,Network vulnerabilities,Hackers,User Data,"300,000 user accounts, including personal and financial details.",Monitoring tools detected unusual database activity, hours,"Implemented web application firewall, improved input validation.",3000000,High,12 hours of system maintenance,Moderate; users raised concerns but stayed on the platform.,Investigated under local privacy laws.,Security analysis and official statements,December 2003.,Strengthened database security and query validation
F-0498,PeoplePerHour Data Breach,"Wednesday, 1 October 2003",PeoplePerHour,: Phishing attack targeting admin credentials.,Network vulnerabilities,Hackers,User Data,"Over 250,000 user profiles and transaction records.",User complaints about unusual account activity., hours,"Updated email filtering, conducted phishing awareness training.",1000000,High,None reported; access restored quickly.,Low; handled effectively with user communication,Data protection review conducted.,Media reports and industry analysis,January 2004.,Improved email security and employee awareness.
F-0499,Glassdoor Data Breach,"Saturday, 1 November 2003",Glassdoor,Insider attack by a disgruntled employee.,Network vulnerabilities,Hackers,User Data,"150,000 user reviews and salary data",Manual investigation revealed unauthorized access, days,Enhanced privileged account monitoring and audit logs.,4500000,High,None reported.,Moderate; users concerned about insider access,Reviewed for compliance with data privacy laws.,Public disclosure and incident analysis.,February 2004.,Enhanced controls for insider access.
F-0500,Indeed Data Breach,"Monday, 1 December 2003",Indeed,Credential stuffing attack on user accounts,Network vulnerabilities,Hackers,User Data,"Over 200,000 resumes and personal details.",Anomaly detection flagged unusual login activity., hours,"Forced password reset for all users, implemented two-factor authentication.",1000000,Medium,None; only affected specific accounts.,Moderate; users concerned but praised response.,No fines reported.,Official announcements and technical reports.,March 2004.,Strengthened user authentication systems.
F-0501,CareerBuilder Data Breach,"Wednesday, 1 January 2003",CareerBuilder,Malware attack on internal systems.,Network vulnerabilities,Hackers,User Data,"Over 150,000 user accounts, including resumes.",Malware detected by antivirus tools, hours,"Isolated affected systems, removed malware, restored data from backups.",9000000,Medium,2 days.,Low; prompt response mitigated impact,No penalties reported.,ndustry and public disclosures.,April 2003.,Enhanced endpoint security and monitoring.
F-0502,Monster Data Breach,"Saturday, 1 February 2003",Monster,Third-party vendor system compromise.,Network vulnerabilities,Hackers,User Data,"Over 250,000 user accounts and sensitive data",User complaints about unauthorized access to accounts., hours,"Terminated vendor access, notified affected users",10000000,Medium,None reported.,High; users criticized Monster’s vendor management,Investigated by data protection authorities.,Public and technical reports.,June 2003.,Improved vendor security and contractual terms.
F-0503,SimplyHired Data Breach,"Saturday, 1 March 2003",SimplyHired,SQL injection,Network vulnerabilities,Hackers,User Data,"100,000 user accounts, including resumes and personal details.",Anomaly detection from database traffic spikes., hours,Database reconfiguration and query sanitization.,5000000,High,6 hours of downtime for system patching.,Moderate; affected users but took swift action,No fines; reviewed under privacy laws.,Public disclosure from SimplyHired.,April 2003.,Stronger SQL query management and user security protocols.
F-0504,AngelList Data Breach,"Tuesday, 1 April 2003",AngelList,Phishing email targeting employee credentials,Network vulnerabilities,Hackers,User Data,"50,000 user profiles including private business information.",User reports of phishing attempts and suspicious login activity., hours,"Implemented anti-phishing email filters, user password reset.",10000000,Medium,None; users affected but no service outages.,Moderate; users raised concerns but service restored quickly.,Subject to privacy investigations.,AngelList’s public statement and security analysis.,May 2003.,Enhanced email security and employee training.
F-0505,Crunchbase Data Breach,"Thursday, 1 May 2003",Crunchbase,Unauthorized access due to weak access controls.,Network vulnerabilities,Hackers,User Data,"75,000 business profiles with sensitive financial information.",Routine audit of user access logs., hours,"Strengthened access control systems, encrypted sensitive data.",1000000,Medium,12 hours for system updates.,High; affected trust with users seeking private data protection.,Scrutiny under data protection regulations.,Crunchbase and industry security reports,June 2003.,Improved access control and encryption practices.
F-0506,Glassdoor Network Breach,"Sunday, 1 June 2003",Glassdoor,DDoS attack on public-facing services.,Network vulnerabilities,Hackers,User Data,"None; no data exposed, but services disrupted.",Traffic spikes from external sources., hours,Cloudflare protection and rate-limiting implemented,7000000,High,18 hours of service interruptions.,Low; users acknowledged prompt restoration efforts,No fines or penalties reported.,Glassdoor and cybersecurity media reports.,July 2003.,Invested in DDoS protection and traffic analysis.
F-0507,SimplyHired Network Breach,"Tuesday, 1 July 2003",SimplyHired,Exploitation of zero-day vulnerability.,Network vulnerabilities,Hackers,User Data,"120,000 user profiles, including email and job search data.",External cybersecurity firm flagged unusual activity., hours,"Applied patch, reviewed network security",6000000,Medium,24 hours for full mitigation,Moderate; users expressed concerns over future security,Reviewed under GDPR and data protection laws.,SimplyHired’s official disclosure and press coverage.,August 2003.,Enhanced vulnerability scanning and patch management.
F-0508,Monster Network Breach,"Friday, 1 August 2003",Monster,Man-in-the-middle (MitM) attack exploiting insecure communication.,Network vulnerabilities,Hackers,User Data,"250,000 job applications and personal details.",Alert from external partners about compromised traffic., hours,SSL/TLS encryption and secure communications enforced.,8000000,High,None; service continued without significant disruption.,High; significant user trust loss due to exposure of sensitive data.,Regulatory review under privacy laws.,Media reports and Monster’s public statements.,October 2003.,Stronger encryption protocols and better network monitoring.
F-0509,CareerBuilder Network Breach,"Monday, 1 September 2003",CareerBuilder,Ransomware attack on internal servers.,Network vulnerabilities,Hackers,User Data,"No data was stolen, but systems were encrypted",Detection of ransomware behavior and suspicious file access., hours,Paid the ransom to recover,7000000,High,None; service continued without significant disruption.,High; significant user trust loss due to exposure of sensitive data.,Regulatory review under privacy laws.,Media reports and Monster’s public statements.,October 2003.,Stronger encryption protocols and better network monitoring.
F-0510,Indeed Network Breach,"Wednesday, 1 October 2003",Indeed,Ransomware attack on internal servers.,Network vulnerabilities,Hackers,User Data,"No data was stolen, but systems were encrypted",Detection of ransomware behavior and suspicious file access., hours,Paid the ransom to recover,3000000,High,48 hours,"Significant loss of trust, media backlash",Investigation by data protection authorities,"Internal logs, external news reports",2003-11-10,Enhanced encryption and customer communication
F-0511,Freelancer Network Breach,"Saturday, 1 November 2003",Freelancer,Phishing attack / database compromise,Network vulnerabilities,Hackers,User Data,"Usernames, passwords, payment information","Internal monitoring, customer reporting", hours,"Account resets, security patches applied",4000000,High,48 hours,"Significant loss of trust, media backlash",Investigation by data protection authorities,"Internal logs, external news reports",2003-11-10,Enhanced encryption and customer communication
F-0512,Upwork Network Breach,"Monday, 1 December 2003",Upwork,Malware / data scraping,Network vulnerabilities,Hackers,User Data,"Names, contact details, payment data",Network traffic anomaly detection, hours,"Revalidation of credentials, implementation of two-factor authentication",8000000,Medium,36 hours,"Temporary loss of users, negative press",GDPR compliance review,"Incident reports, forensic analysis",2003-12-15,"Strengthened security protocols, increased focus on customer data"
F-0513,Thumbtack Network Breach,"Wednesday, 1 January 2003",Thumbtack,SQL Injection,Network vulnerabilities,Hackers,User Data,"Email addresses, payment data",Security audit, hours,"Patching vulnerability, user notification",10000000,High,24 hours,"Decreased user engagement, reduced trust",Consumer protection agency involved,"Forensic report, external media coverage",2003-01-10,Better security practices for code review
F-0514,TaskRabbit Network Breach,"Saturday, 1 February 2003",TaskRabbit,Phishing email / credential stuffing,Network vulnerabilities,Hackers,User Data,": Passwords, contact details","User complaint, monitoring", hours,"Password resets, account locks",8000000,Medium,36 hours,"Loss of client trust, press coverage",Review by FTC,"Incident logs, media reports",2003-02-10,Implemented mandatory two-factor authentication
F-0515,Mydoom Worm,"Thursday, 1 January 2004",Various Organizations,"Worm, mass emailing",Email Attachment Exploit,Unknown,"Email Servers, User Files","Email addresses, local files",Anti-virus alerts, days,"Antivirus software updates, system patches",38000000000,Medium,Several hours to days,Widespread disruption to business activities,"No direct penalties, but global attention to security flaws","Security reports, press releases",2004-01-10,"Improved email security protocols, regular system updates"
F-0516,Sasser Worm,"Thursday, 1 April 2004",Various Organizations,Worm,Windows Vulnerability,Sven Jaschan,Network Infrastructure,"System access, user data",Anti-virus and security monitoring,Hours,"Patching of systems, firewall upgrades",18000000000,High,Up to 48 hours,Significant damage to Microsoft’s image,"Global scrutiny, especially from EU data protection authorities",Global security agencies,2004-04-10,Importance of timely patching
F-0517,Delta Airlines Data Breach,"Monday, 1 March 2004",Delta Airlines,Database breach / unauthorized access,Network vulnerabilities,Hackers,Customer Data,"Payment info, travel details",Database anomaly alerts, days,"System overhaul, encryption protocol",20000000,High,24 hours,Temporary loss of customer trust,Data protection authorities launched investigations,Forensic investigation,2004-03-15,Enhanced database security
F-0518,University of California Data Breach,"Sunday, 1 February 2004",University of California,Insider threat / unauthorized access,Internal security lapse,Unknown,Student and Staff Data,"Social security numbers, academic records",Internal audit, hours,"Security protocol updates, revalidation of access permissions",10000000,Medium,12 hours,"Negative press, loss of trust",Review by education-related privacy agencies,"University reports, media coverage",2004-02-14,Better monitoring of employee activities
F-0519,AOL Data Breach,"Tuesday, 1 June 2004",AOL,"Phishing, weak encryption",Network vulnerabilities,Hackers,User Data,"Email addresses, passwords","Phishing report, monitoring", hours,"Enhanced email verification, system-wide password reset",1000000,High,"$500,000 ",24 hours,Moderate press coverage,FTC investigation,2004-06-10,Stronger authentication methods
F-0520,Citibank Data Breach,"Thursday, 1 July 2004",Citibank,Phishing attack,Network vulnerabilities,Hackers,Customer Accounts,"Bank account details, personal identification","Customer complaints, transaction anomalies", hours,"Notification to users, fraud detection system updates",50000000,Medium,12 hours,Significant customer concerns,Regulatory scrutiny on data protection measures,"Citibank press releases, security analysis",2004-07-10,Improved customer verification processes
F-0521,Paris Hilton Phone Hack,"Sunday, 1 February 2004",Paris Hilton,Social engineering / phone hacking,Weak Password Security,Hackers,"Personal Contacts, Photos","Personal phone numbers, private conversations","Leaked recordings, public reporting", days,"Public awareness campaign, personal security overhaul",500000,Medium,N/A,Significant due to media exposure,Privacy concerns raised,Media reports,2004-02-01,Importance of securing personal communications
F-0522,Operation Cybersnare,"Sunday, 1 August 2004",Various,"Cyber-espionage, malicious software",Social Engineering,FBI,Child Exploitation Networks,"Sensitive government data, intellectual property","etwork anomaly detection, intrusion alarms", hours,"Patching, multi-layer defense systems",10000000,High,48 hours,Increased vulnerability perception,Calls for stronger cybersecurity protocols,"Cybersecurity reports, government advisories",2004-08-15,Advanced persistent threat detection strategies
F-0523,Bank of America Data Breach,"Wednesday, 1 September 2004",Bank of America,Insider threat / unauthorized data access,Network vulnerabilities,Hackers,Customer Data,"Account numbers, personal details",Internal investigation, hours,"Employee audits, security training for staff",1000000,High,24 hours,"Customer concern, press coverage",Investigation by financial regulators,"Bank reports, security consultants",2004-09-10,Strengthening internal data monitoring
F-0524,Boston College Data Breach,"Friday, 1 October 2004",Boston College,Unencrypted student database access,Network vulnerabilities,Hackers,Student Data,"Personal identification information, academic records",Security audit, hours,"Encryption of student data, system upgrades",9000000,High,12 hours,Public trust eroded,University’s compliance with education data laws,"University reports, third-party analysis",2004-10-15,Immediate implementation of robust data encryption policies
F-0525,HP Data Breach,"Monday, 1 November 2004",Hewlett-Packard,Unauthorized acces,Network vulnerabilities,Hackers,Intellectual Property,"Email addresses, passwords, financial detail",Internal security systems, hours,"Strengthened internal controls, password resets",1000000,High,Minimal,Negative press coverage,Privacy law compliance reviewed,"Media coverage, HP statements",2004-11-15,Enhanced monitoring and two-factor authentication
F-0526,Deutsche Bank Data Breach,"Wednesday, 1 December 2004",Deutsche Bank,Phishing email,Network vulnerabilities,Hackers,Customer Data,"Bank account details, personal data",Fraudulent transaction alerts, hours,"Customer notifications, fraud detection enhancements",20000000,Medium,6 hours,Loss of customer trust,Investigated by European regulators,Deutsche Bank press release,2004-12-20,Continuous employee training and phishing simulations
F-0527,eBay Phishing Attack,"Monday, 1 November 2004",eBay,Fake website / phishing emails,Phishing Emails,Unknown,User Accounts,Login credential,Customer complaints, days,"Warning emails, takedown of fake sites",19000000,Medium,None (localized),Moderate due to public warnings,FTC involvement,eBay security team reports,2004-11-10,User education campaigns
F-0528,HSBC UK Data Breach,"Thursday, 1 January 2004",HSBC UK,Insider threat,Network vulnerabilities,Hackers,Financial Data,"Financial records, personal data",Internal audit, hours,"Policy changes, staff monitoring",1000000,High,Minimal,Long-term impact on customer trus,UK data protection review,HSBC reports,2004-01-20,Employee access must be minimized
F-0529,Citibank Phishing Attack,"Sunday, 1 February 2004",Citibank,Phishing emails,Phishing Emails,Unknown,Customer Accounts,Account login details,Fraud reports, days,"Awareness campaigns, anti-phishing tools",8000000,Medium,None,Trust concerns among users,Investigation by US financial regulators,Bank communications,2004-02-15,Continued phishing awareness campaigns
F-0530,Morgan Stanley Data Breach,"Monday, 1 March 2004",Morgan Stanley,External hacking,Network vulnerabilities,Hackers,Financial Data,"Account information, transaction data",System monitoring, hours,"Strengthened firewalls, system patche",9000000,High,24 hours,Minor due to rapid containment,SEC scrutiny,Internal and external security reports,2004-03-10,Importance of regular firewall testing
F-0531,Boeing Data Breach,"Thursday, 1 April 2004",Boeing,Internal leak,Network vulnerabilities,Hackers,Intellectual Property,"Aircraft schematics, technical details",Unusual network activity, days,"Access restrictions, employee termination",10000000,Medium,None (localized data issue),Loss of confidence in internal controls,No major regulatory actions,Boeing statements,2004-04-30,Rigorous insider threat monitoring
F-0532,Royal Bank of Canada Phishing Attack,"Saturday, 1 May 2004",Royal Bank of Canada,Phishing emails,Phishing Emails,Unknown,Customer Accounts,Account credentials and personal banking details,Customer reports and unusual account activity, hours,"Fraud monitoring, public awareness campaigns",10000000,High,Minimal (bank operations unaffected),Moderate (negative media coverage),Reviewed by Canadian financial authorities,RBC internal audit report,2004-06-15,"Improved phishing detection systems, enhanced customer education."
F-0533,Sony Network Breach,"Tuesday, 1 June 2004",Sony,SQL injection,Network vulnerabilities,Hackers,Intellectual Property,"Usernames, passwords, and emails (millions of accounts)",Unusual traffic patterns and server alerts, hours,"Database security patch, account resets",1000000,High,3 days (Sony online services),Significant (customer trust erosion),None reported,Independent forensic audit,2004-07-15,"Regular web app security testing, improved encryption."
F-0534,NASA Data Breach,"Thursday, 1 July 2004",NASA,: Insider threat,Network vulnerabilities,Hackers,Research Data,Space mission research and personnel information,Internal monitoring system flagged suspicious downloads, hours,"Revoked access, updated access policies",15000000,Medium,No significant downtime,Moderate (internal review),None reported,NASA Inspector General report,2004-08-30,"Enhanced contractor vetting, stricter access controls"
F-0535,Yahoo! Data Breach,"Sunday, 1 August 2004",Yahoo!,Credential stuffing,Network vulnerabilities,Hackers,User Data,Email addresses and weakly encrypted passwords,Spike in account lockouts and suspicious login attempts, hours,"Password resets, two-factor authentication rollout",8000000,High,Minimal (services mostly functional),High (negative press and user trust issues),Compliance audit ordered by FTC,Yahoo internal report,2004-09-20,"Mandatory stronger passwords, 2FA adoption."
F-0536,Wells Fargo Phishing Attack,"Wednesday, 1 September 2004",Wells Fargo,Phishing emails,Phishing Emails,Unknown,Customer Accounts,"Account credentials, financial data",Fraudulent transactions detected by internal monitoring, hours,"Public warnings, account freezes",9000000,High,No service disruption reported,Moderate (media coverage),Investigated by US Federal Reserve,Bank fraud investigation report,2004-10-15,"Enhanced fraud detection, phishing awareness campaigns."
F-0537,Goldman Sachs Network Breach,"Friday, 1 October 2004",Goldman Sachs,Spear-phishing attack,Network vulnerabilities,Hackers,Financial Data,"Proprietary trading algorithms, sensitive emails",Anomalous data transfers spotted by IT team, hours,"Secured affected systems, enhanced email filters",1000000,High,Minimal (localized to affected systems),Significant (industry discussions on security risks),SEC investigation,Third-party security audit,2004-11-20,"Improved spear-phishing defense, network segmentation."
F-0538,Pfizer Data Breach,"Monday, 1 November 2004",Pfizer,Malicious insider,Network vulnerabilities,Hackers,Intellectual Property,"Employee personal data, proprietary drug research",Unusual database access patterns, hours,"Terminated access, prosecuted insider",9000000,High,Minimal,High (internal morale issues),Investigated by US Department of Labor,Internal forensic report,2004-12-15,"Stricter access policies, insider threat training"
F-0539,Amazon Data Breach,"Wednesday, 1 December 2004",Amazon,Cloud misconfiguration,Network vulnerabilities,Hackers,Customer Data,"Names, email addresses, payment card details",Security researcher alerted Amazon, hours,"Secured database, informed affected customers",1000000,High,None reported,: High (media and public backlash),GDPR fines (EU customers impacted),Third-party security analysis,2005-01-15,"Proactive security audits, better cloud configuration training."
F-0540,Barclays Bank Phishing Attack,"Thursday, 1 January 2004",Barclays Bank,Malicious insider,Phishing Emails,Unknown,Customer Accounts,"Names, email addresses, payment card details",Unusual database access patterns, hours,"Terminated access, prosecuted insider",6000000,Medium,No significant downtime,High (internal morale issues),None reported,Internal forensic report,2005-01-16,"Proactive security audits, better cloud configuration training."
F-0541,Siemens Data Breach,"Sunday, 1 February 2004",Siemens,Phishing emails,Network vulnerabilities,Hackers,Intellectual Property,"Research data, internal documents (estimated 5GB)",Unusual database access patterns, hours,"Terminated access, prosecuted insider",9000000,High,None reported,High (internal morale issues),None reported,Internal forensic report,2004-12-15,"Proactive security audits, better cloud configuration training."
F-0542,ExxonMobil Network Breach,"Monday, 1 March 2004",ExxonMobil,Spear phishing,Network vulnerabilities,Hackers,Intellectual Property,"Research data, internal documents (estimated 5GB)",Unusual database access patterns, hours,"Terminated access, prosecuted insider",15000000,High,None reported,High (internal morale issues),None reported,Legal investigation report,2004-07-01,"Strict USB device policy, improved access controls."
F-0543,Ford Motor Company Data Breach,"Thursday, 1 April 2004",Ford Motor Company,Malware-infected USB drive,Network vulnerabilities,Hackers,Intellectual Property,Vehicle design blueprints,Anomalous data access alert, hours,"Quarantined infected systems, legal action against insider",19000000,High,5 days for specific design systems,High (competitors gained access to designs,None reported,Legal investigation report,2004-07-01,"Strict USB device policy, improved access controls."
F-0544,Intel Data Breach,"Saturday, 1 May 2004",Intel,Credential stuffing attack,Network vulnerabilities,Hackers,Intellectual Property,"Processor design files, employee PII",Security team flagged unusual login patterns, hours,"Password policy overhaul, two-factor authentication",10000000,High,Minimal (system audits during weekends,Moderate (technical community backlash),Industry compliance review,Internal security report,2004-06-30,"Enforced unique passwords, proactive security measures."
F-0545,GM Network Breach,"Tuesday, 1 June 2004",General Motors,Malware-infected email attachment,Network vulnerabilities,Hackers,Intellectual Property,"Employee credentials, sensitive customer data",Endpoint detection system alert, hours,"Enhanced email scanning, software update policies",5000000,High,24 hours for affected systems,"Low (internal issue, minimal media coverage)",Minor internal policy violations addressed,Vendor report on malware origin,2004-07-15,"Routine email security updates, phishing awareness programs."
F-0546,PepsiCo Data Breach,"Thursday, 1 July 2004",PepsiCo,Cloud misconfiguration,Network vulnerabilities,Hackers,Intellectual Property,"10GB of marketing plans, 500,000 customer records",Security researcher disclosure, hours,"Bucket permissions fixed, internal audit",7000000,High,None reported,Moderate (customer trust issues),Minor GDPR fine,Third-party report,2004-08-30,"Cloud configuration checks, audit routine enforcement."
F-0547,Adobe Network Breach,"Sunday, 1 August 2004",Adobe,Exploited software vulnerability,Network vulnerabilities,Hackers,Intellectual Property,Adobe product source code,Routine security checks, hours,"Patching, upgraded application security",17000000,High,3 days,High (customer security concerns),None directly reported,Third-party report,2004-08-30,"Routine email security updates, phishing awareness programs."
F-0548,AOL Data Breach,"Wednesday, 1 September 2004",AOL,Insider threat,Network vulnerabilities,Hackers,User Data,Financial gain through phishing scams.,Email servers and customer management databases., hours,"Patching, upgraded application security",9000000,High,4 days,High (customer security concerns),None directly reported,Third-party report,2004-08-31,"Routine email security updates, phishing awareness programs."
F-0549,Nokia Data Breach,"Friday, 1 October 2004",Nokia,Nokia Corporation,Network vulnerabilities,Hackers,Intellectual Property,Financial gain through phishing scams.,Email servers and customer management databases., hours,"Patching, upgraded application security",7000000,High,5 days,High (customer security concerns),None directly reported,Third-party report,2004-09-01,"Routine email security updates, phishing awareness programs."
F-0550,HP Network Breach,"Monday, 1 November 2004",Hewlett-Packard,Hewlett-Packard (HP),Network vulnerabilities,Hackers,Intellectual Property,Internal servers and email systems.,Prototype designs and strategic documents., month.,Risk of competitive disadvantage and delayed launches.,2000000,High,None reported.,Moderate among industry partners.,No regulatory fines imposed.,Internal and external security audits.,2004-12-01,Focus on employee phishing awareness and secure authentication.
F-0551,Apple Network Breach,"Wednesday, 1 December 2004",Apple,Exploit of a zero-day vulnerability in internal systems,Network vulnerabilities,Hackers,Intellectual Property,"Prototype designs, employee details",Security monitoring alerts, hours,"Patched software, strengthened authentication, forensic investigation",3000000,Medium,12 hours,Moderate (industry and media attention),None reported,Internal investigation and third-party audit,2005-01-30,Importance of patch management and regular security audits
F-0552,Dell Network Breach,"Thursday, 1 January 2004",Dell,Phishing email targeting employees,Network vulnerabilities,Hackers,Customer Data,"Customer contact details, partial payment data",Routine security scan, hours,"Account lockouts, customer notifications, email filtering updates",2000000,Medium,6 hours,High (customer trust impacted),Investigation by consumer protection agencies,Independent cybersecurity consultancy,2004-02-15,Employee training and email filtering improvements
F-0553,Oracle Data Breach,"Sunday, 1 February 2004",Oracle,SQL injection attack on web-facing applications,Network vulnerabilities,Hackers,Customer Data,"Manufacturing processes, prototype details",Malware discovered during routine maintenance, hours,"Vendor contract reviews, malware removal, process audits",1000000,High,None reported,Moderate (industry-focused scrutiny),None reported,External forensic analysis,2004-04-30,Improved vendor security vetting and monitoring.
F-0554,Samsung Data Breach,"Monday, 1 March 2004",Samsung,Malware embedded in third-party vendor systems,Network vulnerabilities,Hackers,Intellectual Property,"Patents, research data",Irregular login activity flagged by IT team, hours,"Password resets, deployment of MFA, enhanced logging",3000000,Medium,9 hours,Moderate (minor public acknowledgment),None reported,Internal security team investigation,2004-05-30,MFA implementation and phishing awareness programs.
F-0555,LG Data Breach,"Thursday, 1 April 2004",LG,Credential theft through spear-phishing attack,Network vulnerabilities,Hackers,Intellectual Property,"Patents, research data",Irregular login activity flagged by IT team, hours,"Password resets, deployment of MFA, enhanced logging",6000000,Medium,10 hours,Moderate (minor public acknowledgment),None reported,Internal security team investigation,2004-05-31,MFA implementation and phishing awareness programs.
F-0556,IBM Network Breach,"Saturday, 1 May 2004",IBM,"Phishing, malware",Network vulnerabilities,Cybercriminals.,Intellectual Property,"Customer details, emails, proprietary data",Suspicious network activity noticed by internal security team., hours,"Security patching, email filtering upgrades, increased network monitoring.",9000000,High,"Minimal, systems affected for several hours.",Moderate. IBM's brand reputation took a minor hit due to media coverage.,No direct regulatory actions were taken,Internal IBM reports.,2004-05-15,"Better phishing defenses, regular security audits, and proactive monitoring."
F-0557,Cisco Network Breach,"Tuesday, 1 June 2004",Cisco,Ransomware (Yanluowang),Network vulnerabilities,Hackers,Intellectual Property,"Non-sensitive internal files, some technical schematics, and source code.",Internal monitoring detected unusual login attempts and file exfiltration, hours,"MFA improvements, endpoint protection, enhanced monitoring.",10000000,Medium,"Minimal, system operations resumed within 12 hours","Moderate. The breach was publicized, but no critical data was exposed.",No immediate regulatory fines,Cisco's internal security updates and external reports,"June 20, 2004.","Stronger employee training, better credential management practices."
F-0558,JP Morgan Chase Data Breach,"Thursday, 1 July 2004",JP Morgan Chase,Phishing,Network vulnerabilities,Hackers,Financial Data,"Financial details, customer transactions.",Internal fraud detection systems flagged irregularities, hours,"Improved phishing awareness training, stronger access control policies.",6000000,High,"Not significant, with limited operational impact.","High, as the breach involved sensitive customer financial data.",Fines under data protection laws.,Public financial and security disclosures,"July 15, 2004.","Enhanced security awareness for employees, stricter security protocols."
F-0559,BP Data Breach,"Sunday, 1 August 2004",BP,Malware,Network vulnerabilities,Hackers,Intellectual Property,"Sensitive corporate data, oil exploration blueprints.",Anomaly detected by network monitoring tools., hours,"Patching, network segmentation, and better endpoint protection.",4000000,High,Minimal impact on operations.,"Moderate; however, no significant disruption to public operations","No direct fines, but concerns over national security issues.",BP’s official internal reports.,"August 10, 2004.","Strengthened cyber defenses for critical infrastructure, better response protocols."
F-0560,Vodafone Data Breach,"Wednesday, 1 September 2004",Vodafone,Insider access (exploitation of internal IT systems),Network vulnerabilities,Hackers,Customer Data,"Customer names, addresses, dates of birth, account details. No access to credit card data or PINs.",Internal forensic analysis and regulatory reporting obligations, week ,"Enhanced access controls, staff training, and stronger security monitoring mechanisms.",1000000,High,Minimal disruption; focused on data handling procedures.,Moderate damage; significant public apologies and legal scrutiny,Compliance with European data protection laws and fines.,Forensic investigations confirmed the extent of the breach.,October 2004.,Strengthening insider threat detection and customer notification processes.
F-0561,Deutsche Telekom Data Breach,"Friday, 1 October 2004",Deutsche Telekom,Phishing and malware.,Network vulnerabilities,Hackers,Customer Data,"Customer personal data, financial transaction records.",Unusual network traffic analysis by internal security teams., hours,"System patching, firewall reconfiguration, customer notifications.",10000000,Medium,Partial service interruptions for one week.,Significant backlash; customers expressed concerns about data safety.,Subject to European data privacy laws.,Confirmed through internal and external audits.,December 2004.,Regular software updates and stronger phishing countermeasures.
F-0562,T-Mobile Data Breach,"Monday, 1 November 2004",T-Mobile,Unauthorized server access.,Network vulnerabilities,Hackers,Customer Data,"Subscriber data, including contact details and account credentials.",Routine security audit revealed abnormal data queries., hours,"Reconfiguration of databases, system patches, enhanced encryption.",1000000,Medium,Significant interruptions for three days.,High; major media coverage and loss of customer trust.,Heavily fined under consumer protection laws.,Verified by independent third-party cybersecurity firms.,January 2005.,Focus on database security and real-time anomaly detection
F-0563,ING Group Data Breach,"Wednesday, 1 December 2004",ING Group,Phishing emails targeting internal staff.,Network vulnerabilities,"Cybercriminal group ""ShadowCoders"".",Financial Data,"Around 30,000 customer records, including personal identification and account details.",Suspicious activity noticed by internal IT monitoring tools, hours,"Customer notifications, password resets, enhanced email security protocols.",2000000,Medium,Partial disruption for 48 hours.,"Minimal public backlash, given ING's quick response","Fines of €250,000 for data protection lapses.",Internal audit report verified by local data protection authorities.,February 2005.,Introduced phishing training and two-factor authentication for internal systems.
F-0564,Societe Generale Data Breach,"Thursday, 1 January 2004",Societe Generale,Exploited outdated security software on internal servers.,Network vulnerabilities,Insider with malicious intent,Financial Data,"20,000 records, including personal and financial data.",Abnormal data export patterns detected., hours,Updated software patches and improved access controls.,4000000,High,Limited services disrupted for 24 hours.,"Significant media attention, resulting in regulatory scrutiny.","Issued a fine of €500,000 for security negligence",External forensic audit confirmed breach details,2004-04-01,Accelerated the deployment of a company-wide security upgrade.
F-0565,Electronic Arts Data Breach,"Thursday, 1 January 2004",Electronic Arts,SQL injection attack on customer account database,Network vulnerabilities,"Hacker group ""GameMasterZ"".",User Data,"50,000 records, including usernames, hashed passwords, and in-game purchases.",Routine IT audit flagged unusual database queries., hours,"Patched SQL vulnerability, mandatory password updates.",7000000,Medium,Online services affected for 72 hours.,Moderate damage within gaming communities.,No major fines due to lack of data protection laws at the time.,Internal investigation corroborated by independent security consultants,March 2004.,Improved web application security and proactive vulnerability assessments.
F-0566,LinkedIn Data Breach,"Sunday, 1 February 2004",LinkedIn,Phishing emails targeting employee credentials,Network vulnerabilities,Cybercriminal group.,User Data,"Email addresses, passwords, and some profile data.",Network anomaly detection systems flagged unusual activities., hours,"Revoked access, improved credential management, and two-factor authentication.",9000000,High,No major downtime reported; user access issues lasted 24 hours.,Trust impacted among users; prompted public statements.,No immediate fines but heightened scrutiny from regulators.,Multiple cybersecurity forums and breach reporting websites.,"March 15, 2004.",Enhanced employee training and tighter account security protocols
F-0567,Airbnb Network Breach,"Monday, 1 March 2004",Airbnb,Exploitation of unpatched server vulnerabilities.,Network vulnerabilities,"Hacker known as ""Sheriff"" (cybercriminal).",Customer Data,"Names, email addresses, location data, and partial payment details.",Routine server maintenance revealed data exfiltration., hours,"Applied patches, enhanced monitoring, and coordinated with legal authorities.",4000000,Medium,Minor disruptions for 3 hours.,Host and user trust diminished; public backlash ensued.,Investigated under Irish data protection laws.,Reports by cybersecurity entities and public disclosures,"May 10, 2004.",Prioritized updates and proactive vulnerability testing.
F-0568,Twitter Network Breach,"Thursday, 1 April 2004",Twitter,Social engineering targeting admin accounts.,Network vulnerabilities,Hackers,User Data,High-profile account details and private messages.,Reports from compromised accounts led to investigation., hours,Temporary suspension of admin controls and user alerts.,5000000,High,6 hours of reduced functionality.,Global scrutiny over security practices.,US regulators launched an inquiry into data handling.,Public disclosures and investigative reporting.,"May 20, 2004.",Strengthened account recovery and admin protocols.
F-0569,Dropbox Data Breach,"Saturday, 1 May 2004",Dropbox,Unauthorized third-party access via partner systems.,Network vulnerabilities,Hackers,User Data,10 million accounts with associated metadata.,Security logs showed abnormal API activity, hours,"Key revocation, code audits, and user notifications.",9000000,High,Service disruptions for 5 hours.,"Significant, leading to new security assurances.",Class-action lawsuits filed in the US.,Public records and official Dropbox statements.,"June 20, 2004.",Tightened third-party integrations and encryption protocols
F-0570,Evernote Data Breach,"Tuesday, 1 June 2004",Evernote,Credential stuffing attack.,Network vulnerabilities,Organized cybercriminal group.,User Data,"Personal notes, usernames, and hashed passwords.",Alert from third-party monitoring tools., hours,Forced password resets and enhanced encryption.,1000000,High,None; limited account access issues for affected users,"Moderate, with long-term customer loyalty affected.",Fines under European privacy laws,Incident reports and cybersecurity publications.,"July 30, 2004.",Invested in advanced password management tools.
F-0571,Pinterest Data Breach,2004-07-01,Pinterest,Exploitation of network vulnerabilities,Weakness in network configuration and unsecured user data storage,Hackers (unknown group),User accounts and associated personal data,"Usernames, email addresses, passwords, and private pins",Unusual login patterns detected by internal security systems, hours,"Reset user passwords, patch network vulnerabilities, monitor for further breaches",78000000,High,24 hours (partial service disruption),"Severe, as users lost trust in platform security","Investigation by data protection authorities, no significant fines reported","Pinterest internal reports, media coverage, security industry analysis",2004-07-14,"Improve user data storage security, enforce stricter password policies, implement advanced threat detection systems"
F-0572,Reddit Data Breach,2004-08-01,Reddit,Exploitation of network vulnerabilities,Weaknesses in network infrastructure and misconfigured servers,Hackers (unknown group),"User accounts, forums, and associated data","Usernames, passwords, and private messages",Internal network monitoring and unusual access patterns detected, hours,"Apply patches, reset passwords for impacted users, improve firewall and network security configurations",10000000,Medium,16 hours (partial service outage),"Moderate, with backlash from users and press scrutiny","Investigation by data protection authorities, no significant fines","Internal security report, media coverage, and Reddit's public statements",2004-08-14,"Improve network configurations, enforce stronger security measures for account management, conduct regular security audits"
F-0573,Instagram Network Breach,2004-09-01,Instagram,Exploitation of network vulnerabilities,Unsecured network infrastructure and weak authentication protocols,Hackers (unknown group),User accounts and associated personal data,"Usernames, email addresses, and private messages",Internal monitoring systems detected abnormal access patterns, hours,"Lock affected accounts, reset passwords, patch network vulnerabilities, monitor network traffic",1000000,Medium,12 hours (partial service outage),"Moderate, some public backlash over delayed notifications","No major regulatory fines, but raised awareness on social media data privacy","Instagram's internal security report, public statements, industry analysis",2004-09-10,"Improve authentication and network security, enhance response protocols for faster mitigation"
F-0574,Tumblr Data Breach,"Friday, 1 October 2004",Tumblr,Exploitation of network vulnerabilities,Network vulnerabilities,Hackers,User Data,"Usernames, email addresses, and private messages",Internal monitoring systems detected abnormal access patterns, hours,"Lock affected accounts, reset passwords, patch network vulnerabilities, monitor network traffic",7000000,Medium,6 hours of reduced functionality.,"Moderate, some public backlash over delayed notifications","No major regulatory fines, but raised awareness on social media data privacy",Incident reports and cybersecurity publications.,2004-09-11,Invested in advanced password management tools.
F-0575,Slack Data Breach,2004-11-01,Slack,Exploitation of network vulnerabilities,Weakness in Slack's authentication system and misconfigured network settings,Hackers (identity unknown),"User accounts, internal communications, and sensitive files","Usernames, email addresses, direct messages, file attachments",Suspicious login patterns flagged by internal monitoring system, hours,"Reset passwords for affected users, implement two-factor authentication, patch vulnerabilities",4000000,Medium,12 hours (partial service disruption),"Moderate, user trust affected due to sensitive communication being compromised","No major regulatory fines, but raised attention on social media privacy concerns","Slack security reports, media coverage, cybersecurity blogs",2004-11-15,"Strengthened authentication processes, enhanced employee cybersecurity training, and increased focus on internal data security policies"
F-0576,WhatsApp Data Breach,2004-12-01,WhatsApp,Exploitation of network vulnerabilities,Unpatched vulnerabilities in WhatsApp's network infrastructure,Hackers (identity unknown),"User accounts, messages, contact lists","Usernames, phone numbers, encrypted messages (some decrypted)",Abnormal access patterns flagged by intrusion detection systems, hours,"Patch vulnerable systems, reset user passwords, review message encryption protocols",10000000,Medium,8 hours (temporary suspension of services),"High, as user trust was significantly eroded due to breach of encrypted messages","Investigation by data protection authorities, potential GDPR-related fines if data was improperly handled","WhatsApp's internal reports, news articles, cybersecurity advisories",2004-12-15,"Enhanced encryption standards, implemented faster incident response protocols, reinforced user privacy safeguards"
F-0577,TikTok Data Breach,2004-01-01,TikTok,Exploitation of network vulnerabilities,Unsecured APIs and weak authentication protocols,Hackers (unknown group),User accounts and associated data,"Usernames, email addresses, phone numbers, and profile details",Security monitoring and suspicious activity reports, hours,"Patching network vulnerabilities, strengthening API security, and implementing two-factor authentication",2000000,Medium,12 hours (partial service disruption),"Moderate, with increased scrutiny on platform security",Investigation by data protection authorities; no fines reported,"Internal security audit, external vulnerability assessments",2004-01-15,"Enhance API security, improve user authentication mechanisms, and establish a rapid incident response framework"
F-0578,Snapchat Data Breach,2004-02-01,Snapchat,Exploitation of network vulnerabilities,Weaknesses in Snapchat's network authentication protocols,Hackers (identity unknown),"User accounts, images, and videos","Usernames, phone numbers, private messages, multimedia content",Anomalous network traffic patterns and user complaints, hours,"Patch vulnerable systems, implement additional encryption, reset compromised user accounts",7500000,Medium,12 hours (partial service disruption),"Moderate, with significant media attention and user backlash regarding privacy issues","Investigation by data protection authorities, potential fines for user data exposure","Snapchat internal reports, news outlets, cybersecurity community analysis",2004-02-15,"Strengthened data encryption, improved user account protection measures, and enhanced security audits"
F-0579,Venmo Network Breach,2004-03-01,Venmo,Exploitation of network vulnerabilities,Weakness in Venmo's payment processing infrastructure,Hackers (identity unknown),"User transaction data, payment history, and linked financial accounts","Usernames, payment information, transaction history","Automated system alerts, fraud detection tools, user complaints", hours,"Revoke compromised access tokens, enhance encryption, implement fraud monitoring tools",7000000,High,6 hours (temporary suspension of services for investigation),"Moderate to high, especially in terms of user trust and platform security","Compliance scrutiny under financial regulations, potential fines for failure to protect user financial data","Venmo internal reports, financial security news, media coverage",2004-03-15,"Enhanced authentication methods, proactive fraud detection, and increased user security awareness"
F-0580,Robinhood Data Breach,2004-04-01,Robinhood,Exploitation of network vulnerabilities,"Weakness in Robinhood's server infrastructure, unpatched vulnerabilities",Hackers (identity unknown),"User financial data, stock portfolio details, account information","Account credentials, transaction history, portfolio data","User reports of suspicious activity, automated monitoring alerts", hours,"Patch vulnerabilities, require multi-factor authentication, notify affected users",3000000,Medium,4 hours (temporary service disruptions),"High, as user confidence in the platform was significantly impacted","Potential fines due to exposure of sensitive financial data, regulatory scrutiny under SEC and financial laws","Robinhood internal reports, cybersecurity audits, media reports",2004-04-10,"Improved infrastructure security, increased focus on threat detection, and user data protection mechanisms"
F-0581,Coinbase Data Breach,2004-05-01,Coinbase,Exploitation of network vulnerabilities,Weaknesses in Coinbase's authentication protocols and server configurations,Hackers (identity unknown),"Customer data, including sensitive financial information and transactions","Usernames, email addresses, transaction history, financial data","Anomalous network traffic detection, user complaints, security alert systems", hours,"Revoke compromised credentials, implement additional security layers, notify affected users",3000000,Medium,12 hours (temporary disruptions to certain services),"Moderate, affecting customer trust in platform security","Possible scrutiny under financial industry regulations, such as GDPR for European users","Coinbase internal reports, media coverage, cybersecurity industry analysis",2004-05-15,"Reinforced multi-factor authentication, improved network security protocols, and better user communication"
F-0582,Zoom Data Breach,2004-06-01,Zoom,Exploitation of network vulnerabilities,Weakness in Zoom's meeting encryption and authentication systems,Hackers (identity unknown),"User data, including personal profiles, meeting details, and chat logs","Usernames, meeting IDs, passwords, chat logs, personal data","Alerts from users, security monitoring systems, anomaly detection in user activity", hours,"Implement stronger encryption, enforce better meeting password protocols, notify affected users",7000000,Medium,4 hours (temporary service suspension during investigation),"Significant due to high-profile nature of the breach, affecting user trust","Potential fines under GDPR, depending on the exposure of EU users' data","Zoom internal reports, cybersecurity publications, media reports",2004-06-15,"Enhanced meeting security, implemented end-to-end encryption, and focused on user data protection"
F-0583,Shopify Data Breach,2004-07-01,Shopify,Exploitation of network vulnerabilities,Exploited weakness in Shopify's backend database security,Hackers (identity unknown),"Customer data, including payment details, order history, and user profiles","Usernames, payment information, shipping addresses, order history","Network monitoring alerts, anomalous transaction reports from customers", hours,"Patch system vulnerabilities, notify affected users, strengthen database encryption",5000000,High,8 hours (service interruptions for security patching),"Moderate to high, due to concerns over the safety of financial information","Potential regulatory scrutiny, especially under financial data protection regulations like PCI DSS","Shopify internal investigation, media reports, cybersecurity blogs",2004-07-15,"Improved database encryption, stronger access control measures, and better user notification procedures"
F-0584,Square Data Breach,2004-08-01,Square,Exploitation of network vulnerabilities,Weakness in Square's payment processing system,Hackers (identity unknown),"Customer financial data, including payment methods and transaction history","Credit card numbers, transaction records, customer profiles","Alerts from fraud detection systems, anomalous transaction analysis", hours,"Force password resets, implement stronger payment encryption protocols, notify customers",6000000,Medium,10 hours (service downtime during system patching),"High, with significant consumer trust issues following the breach","Scrutiny from financial regulators, potential penalties under consumer protection laws","Square internal investigation reports, media outlets, cybersecurity analysts",2004-08-15,"Strengthened payment processing security, increased customer communication during incidents, and focused on fraud prevention"
F-0585,Stripe Data Breach,2004-09-01,Stripe,Exploitation of network vulnerabilities,Weakness in the platform's authentication systems,Hackers (identity unknown),"Customer payment data, transaction history","Credit card numbers, billing information, transaction records","Anomalous network activity monitoring, fraud detection systems", hours,"Patch vulnerabilities, force password resets, notify affected users",8000000,High,10 hours (service disruption for patching),"Moderate, especially for payment security and customer trust","Possible scrutiny under financial data protection regulations (e.g., PCI DSS)","Stripe internal reports, cybersecurity sources",2004-09-15,"Improved payment data encryption, strengthened authentication mechanisms"
F-0586,Uber Data Breach,2004-10-01,Uber,Exploitation of network vulnerabilities,Weakness in Uber's user authentication and encryption protocols,Hackers (identity unknown),"User data, including ride details, payment information, and personal profiles","Usernames, passwords, payment details, location data","Monitoring security alerts, user complaints regarding suspicious activities", hours,"Enhance encryption, reset passwords, notify affected users",4000000,High,6 hours (service outage during investigation),"Moderate, affecting trust in Uber’s ability to protect user data","Possible fines under data protection laws, including GDPR","Uber internal reports, cybersecurity news outlets",2004-10-15,"Reinforced user data encryption, implemented better monitoring for unusual activity"
F-0587,Lyft Data Breach,2004-11-01,Lyft,Exploitation of network vulnerabilities,Weakness in Lyft’s database configuration and access controls,Hackers (identity unknown),"User data, including personal information, payment details, and ride histories","Usernames, email addresses, phone numbers, payment information","Security alerts from network monitoring tools, reports from users", hours,"Improve database encryption, reset affected user passwords, notify users",9000000,Medium,8 hours (temporary suspension of affected services),"Significant, due to concerns over user data security","Potential fines due to violations of data protection regulations (GDPR, CCPA)","Lyft internal investigation, third-party cybersecurity analysis",2004-11-10,"Improved access control, enhanced monitoring systems, and data encryption"
F-0588,Airbnb Data Breach,2004-12-01,Airbnb,Exploitation of network vulnerabilities,Exploited weaknesses in Airbnb's user authentication and session management,Hackers (identity unknown),"Customer data, including personal and payment information","Names, email addresses, payment information, booking histories","Alert systems, fraud detection, unusual account activity reports", hours,"Force password resets, implement session timeouts, notify affected users",5000000,Medium,5 hours (temporary system outage),"Moderate, with some customer concerns over the safety of financial transactions",Possible scrutiny under data protection laws such as GDPR for European customers,"Airbnb internal reports, cybersecurity industry analysis",2004-12-10,Strengthened user authentication processes and improved session management
F-0589,Grubhub Data Breach,2004-01-01,Grubhub,Exploitation of network vulnerabilities,Weakness in the platform’s order and payment processing system,Hackers (identity unknown),"Customer data, including order histories, payment details, and user accounts","Usernames, payment card numbers, transaction details","Anomalous behavior detection, fraud alerts from financial institutions", hours,"Reinforce payment system security, notify users, block compromised accounts",10000000,Medium,12 hours (disruption in order processing systems),"High, significantly affecting customer confidence in service reliability",Potential investigations under financial data protection laws,"Grubhub internal reports, cybersecurity incident databases",2004-01-10,"Enhanced payment security, better fraud detection mechanisms, improved customer notifications"
F-0590,DoorDash Data Breach,2004-02-01,DoorDash,Exploitation of network vulnerabilities,Weakness in the DoorDash payment gateway system,Hackers (identity unknown),"Customer data, including personal and payment information","Usernames, email addresses, payment information, delivery addresses","Fraud detection systems, network monitoring, customer reports", hours,"Implement stronger encryption, reset passwords, notify affected users",17000000,High,10 hours (temporary service disruption during investigation),"High, with concerns over the safety of payment information",Possible investigations under financial data protection regulations,"DoorDash internal reports, cybersecurity industry analysis",2004-02-10,"Enhanced data protection, improved fraud detection, and user notification processes"
F-0591,Instacart Data Breach,2004-03-01,Instacart,Exploitation of network vulnerabilities,Weakness in the customer database system,Hackers (identity unknown),"Customer data, including shopping history, payment info","Names, email addresses, payment card details, shopping preferences","Anomalous account activity monitoring, fraud alerts", hours,"Patch vulnerabilities, reset passwords, notify affected users",9000000,High,4 hours (temporary suspension of some services),"Moderate, affecting customer trust regarding payment security",Potential scrutiny under data protection regulations like CCPA,"Instacart internal reports, cybersecurity analysis",2004-03-10,"Enhanced database security, more robust customer verification processes"
F-0592,Postmates Data Breach,2004-04-01,Postmates,Exploitation of network vulnerabilities,Weakness in Postmates' internal data storage system,Hackers (identity unknown),"Customer data, including payment details and delivery addresses","Names, phone numbers, addresses, credit card details","Security monitoring tools, user complaints", hours,"Enhance data encryption, reset passwords, notify users",10000000,Medium,8 hours (disruption during investigation),"Moderate, due to concerns about data security and privacy","Scrutiny under various data protection regulations (e.g., GDPR)","Postmates internal investigation, cybersecurity news outlets",2004-04-10,"Strengthened user authentication, improved data encryption protocols"
F-0593,TaskRabbit Data Breach,2004-05-01,TaskRabbit,Exploitation of network vulnerabilities,Weakness in TaskRabbit's payment and user data storage system,Hackers (identity unknown),"Customer data, including personal information and payment data","Usernames, email addresses, payment card details","Security alert systems, fraud detection", hours,"Enhance encryption, reset user credentials, notify affected users",7000000,High,6 hours (temporary system suspension during incident management),"Moderate, primarily due to potential risks to user financial data",Scrutiny under financial data protection regulations,"TaskRabbit internal reports, cybersecurity analysis",2004-05-10,"Improved data encryption, better fraud monitoring, enhanced customer notification systems"
F-0594,Thumbtack Data Breach,2004-06-01,Thumbtack,Exploitation of network vulnerabilities,Weakness in Thumbtack's internal data management systems,Hackers (identity unknown),"Customer data, including personal and payment information","Names, addresses, payment details, service requests","Network monitoring systems, fraud detection tools", hours,"Improve data encryption, reset affected accounts, notify users",5000000,Medium,4 hours (temporary disruption during system review),"Moderate, due to concerns over the exposure of sensitive data",Possible scrutiny under GDPR and other data protection laws,"Thumbtack internal reports, industry analysis",2004-06-10,"Reinforced data security, improved encryption practices, better incident response processes"
F-0595,Upwork Data Breach,2004-07-01,Upwork,Exploitation of network vulnerabilities,Weakness in Upwork’s authentication systems,Hackers (identity unknown),"User data, including freelancer profiles and payment information","Names, email addresses, payment details","Intrusion detection systems, user notifications of suspicious activity", hours,"Improve authentication methods, enforce stronger passwords, notify affected users",3000000,Medium,6 hours (temporary suspension during the breach investigation),"Moderate, with concern about the safety of user data",Scrutiny under global data protection laws,"Upwork internal reports, cybersecurity industry sources",2004-07-15,"Strengthened account security measures, improved user verification protocols"
F-0596,Freelancer Data Breach,2004-08-01,Freelancer,Exploitation of network vulnerabilities,Weakness in Freelancer’s internal user data systems,Hackers (identity unknown),"User data, including account information and transaction history","Usernames, email addresses, payment details","Security alerts, fraud detection systems", hours,"Patch vulnerabilities, notify affected users, reset passwords",2000000,Medium,5 hours (temporary system suspension during investigation),"Moderate, with negative publicity around the breach",Possible legal action due to data protection violations,"Freelancer internal reports, cybersecurity analysis",2004-08-10,"Enhanced security measures, improved monitoring for suspicious activity"
F-0597,Fiverr Data Breach,2004-09-01,Fiverr,Exploitation of network vulnerabilities,Weakness in Fiverr’s payment processing system,Hackers (identity unknown),"User data, including payment information and service records","Usernames, email addresses, payment card details, service history","Fraud detection systems, network traffic analysis", hours,"Patch vulnerabilities, update payment systems, notify affected users",6000000,Medium,3 hours (temporary system disruption during investigation),"Moderate, concerns raised over payment data security",Possible scrutiny under data protection regulations like GDPR,"Fiverr internal reports, cybersecurity news sources",2004-09-10,"Strengthened payment security, improved user notification systems"
F-0598,PeoplePerHour Data Breach,2004-10-01,PeoplePerHour,Exploitation of network vulnerabilities,Weakness in PeoplePerHour’s internal database system,Hackers (identity unknown),"User data, including personal and financial information","Names, email addresses, payment details, project history","Security system alerts, fraud detection mechanisms", hours,"Enhance encryption methods, reset user credentials, notify users",10000000,High,7 hours (service disruptions during breach investigation),"Moderate, with damage to trust regarding data security","Possible violations of data protection laws, increased scrutiny","PeoplePerHour internal investigation, cybersecurity reports",2004-10-15,"Improved data encryption, better detection of unauthorized access, enhanced user notifications"
F-0599,Glassdoor Data Breach,2004-11-01,Glassdoor,Exploitation of network vulnerabilities,Weakness in Glassdoor’s user authentication system,Hackers (identity unknown),"User data, including job-seeker profiles and reviews","Names, email addresses, job search history, reviews","Security system alerts, user reports of suspicious activity", hours,"Strengthen authentication methods, notify users, reset credentials",5000000,High,4 hours (temporary service disruption during investigation),"Moderate, with concerns over user data security",Possible legal scrutiny under data protection laws,"Glassdoor internal reports, cybersecurity sources",2004-11-10,"Improved user verification protocols, better encryption for sensitive data"
F-0600,Indeed Data Breach,2004-12-01,Indeed,Exploitation of network vulnerabilities,Weakness in Indeed’s database and user authentication system,Hackers (identity unknown),"User data, including resumes and job application information","Names, email addresses, job applications, resumes","Internal security alerts, user complaints about unusual activity", hours,"Patch database vulnerabilities, reset passwords, notify affected users",5000000,High,5 hours (system offline during investigation),"High, with significant concern about the safety of job seekers' personal data",Possible implications under GDPR or local data protection regulations,"Indeed internal reports, industry analysis",2004-12-10,"Enhanced database security, improved monitoring of user access logs"
F-0601,CareerBuilder Data Breach,2004-01-01,CareerBuilder,Exploitation of network vulnerabilities,Weakness in CareerBuilder’s internal authentication protocols,Hackers (identity unknown),"User data, including resumes and personal profiles","Names, email addresses, resumes, job preferences","Security system alerts, forensic investigation", hours,"Reset passwords, enhance encryption of user data, notify users",1000000,Medium,3 hours (temporary system suspension),"Moderate, with concerns over the handling of sensitive user data",None reported,"CareerBuilder internal investigation, industry reports",2004-01-05,"Improved data encryption, better authentication practices"
F-0602,Monster Data Breach,2004-02-01,Monster,Exploitation of network vulnerabilities,Weakness in Monster’s user data storage system,Hackers (identity unknown),"User data, including resumes and personal job-seeking information","Names, email addresses, resumes, contact details","Forensic investigation, user reports", hours,"Strengthen data security, notify affected users, offer identity theft protection",5000000,Medium,6 hours (system shutdown during breach investigation),"High, with widespread media coverage",Possible implications under data protection laws,"Monster internal reports, media sources",2004-02-20,"Improved user data encryption, better system monitoring"
F-0603,SimplyHired Data Breach,2004-03-01,SimplyHired,Exploitation of network vulnerabilities,Weakness in SimplyHired’s database encryption,Hackers (identity unknown),"User data, including job applications and search history","Names, email addresses, job preferences, search history","Intrusion detection systems, forensic investigation", hours,"Patch vulnerabilities, notify users, reset passwords",10000000,High,4 hours (temporary system shutdown),"Moderate, concerns about personal data safety",Potential issues with GDPR compliance,"SimplyHired internal investigation, cybersecurity news",2004-03-15,"Strengthened database security, improved user notification processes"
F-0604,AngelList Data Breach,2004-04-01,AngelList,Exploitation of network vulnerabilities,Weakness in AngelList’s user data protection mechanisms,Hackers (identity unknown),"User data, including profiles and investment history","Names, email addresses, investment preferences","Forensic investigation, system alerts", hours,"Patch security vulnerabilities, notify affected users, reset passwords",4000000,Medium,5 hours (temporary service downtime),"Moderate, with concerns raised about user data protection",Possible legal implications under GDPR and other data protection regulations,"AngelList internal reports, cybersecurity industry sources",2004-04-15,"Improved data protection protocols, enhanced user verification systems"
F-0605,Crunchbase Data Breach,2004-05-01,Crunchbase,Exploitation of network vulnerabilities,Weakness in Crunchbase's authentication system,Hackers (identity unknown),"User data, including account information and preferences","Names, email addresses, user activity logs",Security system alerts, hours,"Reset user passwords, improve authentication protocols",3000000,High,3 hours (temporary system shutdown),"Low, with minor concerns about data security",No significant regulatory concerns reported,Crunchbase internal reports,2004-05-10,"Enhanced user authentication measures, continuous monitoring"
F-0606,Glassdoor Network Breach,2004-06-01,Glassdoor,Exploitation of network vulnerabilities,Weakness in Glassdoor’s data storage system,Hackers (identity unknown),"User data, including job-seeker profiles and company reviews","Names, email addresses, job applications, reviews","Security alerts, internal monitoring systems", hours,"Fix vulnerabilities, notify users, offer identity protection services",2000000,High,4 hours (temporary service disruption),"Moderate, user trust concerns due to the breach",Possible GDPR compliance issues,Glassdoor internal reports,2004-06-15,"Improved data storage protocols, stronger encryption"
F-0607,SimplyHired Network Breach,2004-07-01,SimplyHired,Exploitation of network vulnerabilities,Flaw in the user data protection mechanisms,Hackers (identity unknown),"User data, including job applications and user profiles","Names, email addresses, resumes, job search history",Security monitoring systems, hours,"Enhanced encryption, notify users, implement two-factor authentication",4000000,High,6 hours (system shutdown),"High, especially among job seekers",Possible GDPR implications,SimplyHired internal reports,2004-07-15,"Improved encryption, faster response times for user notifications"
F-0608,Monster Network Breach,2004-08-01,Monster,Exploitation of network vulnerabilities,Flaw in Monster’s user authentication system,Hackers (identity unknown),"User data, including job-seeker information","Names, email addresses, job search history, resumes",Internal security system alerts, hours,"Strengthened authentication protocols, user notifications",5000000,High,4 hours (system taken offline during investigation),"Moderate, concerns over user data protection",Legal scrutiny under data protection laws,Monster internal reports,2004-08-15,"Better user authentication, faster breach detection"
F-0609,CareerBuilder Network Breach,2004-09-01,CareerBuilder,Exploitation of network vulnerabilities,Weakness in CareerBuilder’s data encryption system,Hackers (identity unknown),"User data, including resumes and application details","Names, email addresses, resumes, job preferences",Security alerts from monitoring tools, hours,"Patch vulnerabilities, notify users, reset passwords",12000000,High,5 hours (temporary disruption),"Moderate, with increased user concerns",None reported,CareerBuilder internal reports,2004-09-10,"Stronger encryption practices, more robust user notification"
F-0610,Indeed Network Breach,2004-10-01,Indeed,Exploitation of network vulnerabilities,Flaws in Indeed’s user data storage and access systems,Hackers (identity unknown),"User data, including job search histories and account details","Names, email addresses, job preferences, search history",Internal security system detection, hours,"Security patches, reset passwords, user notifications",1000000,High,2 hours (brief system interruption),"Low to moderate, user trust was slightly affected",No significant impact reported,Indeed internal reports,2004-10-10,"Faster breach detection, stronger user notification systems"
F-0611,Freelancer Network Breach,2004-11-01,Freelancer,Exploitation of network vulnerabilities,Weakness in Freelancer’s user data protection systems,Hackers (identity unknown),"User data, including profiles and work histories","Names, email addresses, project details",Security alerts from monitoring systems, hours,"Patch vulnerabilities, notify affected users",6000000,High,3 hours (system shutdown),"Moderate, some trust concerns",None reported,Freelancer internal reports,2004-11-10,Improved system monitoring and user notification
F-0612,Upwork Network Breach,2004-12-01,Upwork,Exploitation of network vulnerabilities,Weakness in Upwork's data access controls,Hackers (identity unknown),"User data, including work profiles and personal information","Names, email addresses, job history, payment details",Security monitoring systems detected unauthorized access, hours,"Enhance security protocols, notify users, reset passwords",5000000,High,6 hours (system downtime during mitigation),"Moderate, especially among users concerned with data privacy",Possible implications under data protection laws,Upwork internal reports,2004-12-15,"Strengthened access controls, quicker breach detection"
F-0613,Thumbtack Network Breach,2004-01-01,Thumbtack,Exploitation of network vulnerabilities,Weakness in Thumbtack’s database access protocols,Hackers (identity unknown),"User data, including personal profiles and service requests","Names, email addresses, service requests, user reviews",Internal security breach detection tools, hours,"Patch vulnerabilities, reset user credentials, notify affected users",1500000,High,5 hours (service downtime during investigation),"High, with significant concern from users",Potential GDPR violations,Thumbtack internal reports,2004-01-15,"Improved database access controls, enhanced user notification"
F-0614,TaskRabbit Network Breach,2004-02-01,TaskRabbit,Exploitation of network vulnerabilities,Flaw in TaskRabbit’s authentication and data storage systems,Hackers (identity unknown),"User data, including task details and personal information","Names, email addresses, task preferences, job requests",Alert from automated security system, hours,"Patch vulnerabilities, notify users, reset passwords",9000000,High,3 hours (service downtime during investigation),"Low, minor impact on brand image",No significant regulatory issues,TaskRabbit internal reports,2004-02-10,Faster detection and patching of security holes
F-0615,Wells Fargo Phishing Scam,2004-01-01,Wells Fargo,Phishing Emails,Human error (social engineering),Unknown,"Customer accounts, login credentials","Account numbers, login information, personal details","Reports from customers, monitoring of suspicious account activity", hours,"Customer notification, enhanced fraud monitoring, takedown of phishing sites",4000000,High,N/A (no system downtime),"Moderate, increased concerns about online security",Potential fines for lack of proactive security measures,"Customer complaints, internal fraud analysis",2004-01-15,"Improved phishing education for customers, faster detection"
F-0616,Bank of America Data Breach,2004-02-01,Bank of America,Exploitation of network vulnerabilities,Weakness in network security,Hackers (identity unknown),"Customer data, including account details","Names, account numbers, transaction history",Unusual network activity detected by monitoring systems, hours,"Patch vulnerabilities, notify customers, enhance encryption",6000000,High,6 hours (partial system outage),"Moderate, public concerns about data security",Scrutiny from financial regulators,"Internal incident reports, external forensic analysis",2004-02-10,Enhanced monitoring and data encryption
F-0617,University of California Data Breach,2004-03-01,University of California,Internal security lapse,Misconfigured security controls,Unknown (potential internal error),Student and staff personal data,"Names, Social Security numbers, contact information",Internal audit identified unauthorized access,days,"Correct misconfigurations, notify affected individuals",5000000,Medium,Minimal (administrative system downtime),"Moderate, increased concerns about privacy",FERPA compliance review,University IT department reports,2004-03-15,Improved access controls and employee training
F-0618,AOL Data Breach,2004-04-01,AOL,Exploitation of network vulnerabilities,Weakness in AOL's legacy systems,Hackers (identity unknown),"User data, including account information","Names, email addresses, subscription details",Alert from intrusion detection systems,hours,"System patching, enhanced monitoring, user notification",38000000000,High,12 hours (service disruption),"High, significant public scrutiny",Possible implications under emerging data protection regulations,"Internal reports, forensic analysis",2004-04-20,"Legacy system modernization, proactive vulnerability scanning"
F-0619,Citibank Data Breach,2004-05-01,Citibank,Exploitation of network vulnerabilities,Weak data protection protocols,Hackers (identity unknown),"Customer accounts, financial information","Account numbers, transaction history, personal details",Suspicious activity reports from financial systems,hours,"Strengthened network security, notified customers",500000,High,8 hours (partial system outage),"Moderate, with increased scrutiny from regulators",Potential impact on compliance audits,"Internal incident reports, external security audit",2004-05-15,Enhanced fraud detection and prevention measures
F-0620,Delta Airlines Data Breach,2004-06-01,Delta Airlines,Exploitation of network vulnerabilities,Weakness in payment processing systems,Hackers (identity unknown),"Customer data, including payment and personal details","Names, credit card information, contact details",Internal security monitoring detected unauthorized access,hours,"Isolated affected systems, notified customers, enhanced firewall configurations",10000000,High,6 hours (service disruption),"Moderate, affected customer trust",Compliance reviews by aviation and cybersecurity regulators,"Internal forensic analysis, external reports",2004-06-20,Improved encryption protocols and incident response mechanisms
F-0621,Sasser Worm,2004-04-01,Various Organizations,Windows vulnerability (LSASS exploit),Unpatched operating systems,Sven Jaschan,"Network infrastructure, PCs running Windows",N/A (Denial of Service and system crashes),Reports of system crashes and network slowdowns,hours,"Apply Windows patches, use antivirus tools",20000000,High,Varied (hours to days),"High, highlighted lack of patching practices","None directly, but emphasized need for cybersecurity legislation","Global incident reports, media coverage",2004-05-15,Importance of timely patch management and threat intelligence
F-0622,Mydoom Worm,2004-01-01,Various Organizations,Email attachment exploit,Human error (opening malicious email attachments),Unknown,"Email servers, user files","Varied (disrupted systems, stolen email addresses)",Global reports of increased email traffic and system disruptions,hours,"Deploy email filtering, remove malicious attachments",5000000,Medium,Varied (hours to weeks),"High, emphasized need for better email security practices","None directly, raised awareness of cyber risks","Global incident reports, media analysis",Ongoing as remnants remain,"Enhanced email security protocols, user training"
F-0623,Boston College Data Breach,2004-07-01,Boston College,Exploitation of network vulnerabilities,Outdated security configurations,Hackers (identity unknown),Student data,"Names, addresses, academic records, Social Security numbers",Internal audit revealed unauthorized data access,hours,"Strengthened access controls, notified affected individuals",15000000,High,Minimal (no significant system outages),"Moderate, increased concerns about student data protection",FERPA compliance review,University IT reports,2004-07-20,Improved monitoring and security awareness training
F-0624,HP Data Breach,2004-08-01,Hewlett-Packard,Exploitation of network vulnerabilities,Weakness in internal systems,Hackers (identity unknown),"Intellectual property, proprietary information","R&D documents, internal communications",Unusual network activity detected by internal tools,hours,"Patch vulnerabilities, strengthen internal monitoring",500000000,High,6 hours (isolated systems),"High, concerns among stakeholders",Potential scrutiny over IP protection practices,Internal and external forensic analysis,2004-08-20,Enhanced IP protection measures and network monitoring
F-0625,Deutsche Bank Data Breach,2004-09-01,Deutsche Bank,Exploitation of network vulnerabilities,Weak authentication protocols,Hackers (identity unknown),Customer data,"Account information, personal identifiers, financial records",Anomaly detected in transaction monitoring system,hours,"Enhanced authentication systems, customer notification",1000000,High,2 days (isolated services),"High, raised questions about financial institution security",Compliance reviews by financial authorities,Internal audit and regulatory findings,2004-09-30,Adopted robust cybersecurity framework and monitoring tools
F-0626,eBay Phishing Attack,2004-10-01,eBay,Phishing emails,User gullibility (social engineering),Unknown,User accounts,"Login credentials, linked payment methods",Reports of fraudulent transactions by users,hours,"Issued warnings, blocked suspicious activities",2000000,High,None (ongoing operations),"Moderate, impacted user trust",Heightened scrutiny of user protection policies,Customer complaints and internal investigations,2004-10-30,"Improved user education, strengthened anti-phishing defenses"
F-0627,HSBC UK Data Breach,2004-11-01,HSBC UK,Exploitation of network vulnerabilities,Weak server configurations,Hackers (identity unknown),Financial data,"Customer accounts, transaction records",Unusual login activity flagged by monitoring systems,hours,Improved encryption and firewall rules,4000000,Medium,12 hours,"High, raised concerns among account holders",Reviewed compliance with financial data protection laws,Internal and external forensic reviews,2004-11-30,"Strengthened access controls, regular security audits"
F-0628,Citibank Phishing Attack,2004-12-01,Citibank,Phishing emails,Social engineering via deceptive emails,Unknown,Customer accounts,"Banking credentials, transactional data",Customer reports of unauthorized transactions,hours,"Blocked fraudulent accounts, conducted awareness campaigns",5000000,High,None,"Severe, due to the scale of the attack",Intensified oversight by banking regulators,Incident reports and external investigations,2004-12-31,"Introduced multifactor authentication, regular phishing simulations"
F-0629,Morgan Stanley Data Breach,2004-01-01,Morgan Stanley,Exploitation of network vulnerabilities,Weak database configurations,Hackers (identity unknown),Financial data,"Client portfolios, financial statements",Monitoring detected unauthorized queries,hours,"Reinforced database security, notified clients",5550000,High,Minimal (isolated systems for 6 hours),"Moderate, limited customer impact",Compliance checks by financial regulators,Internal monitoring and external audits,2004-01-15,"Regular database reviews, enhanced monitoring tools"
F-0630,Boeing Data Breach,2004-02-01,Boeing,Exploitation of network vulnerabilities,Weak endpoint protection,Hackers (identity unknown),Intellectual property,"Design blueprints, research documents",Unusual data transfers identified by IT team,hours,"Restricted data access, improved endpoint security",10000000,High,6 hours,"Moderate, raised concerns about IP security",Potential scrutiny over defense-related IP protections,Internal forensic investigations,2004-02-20,"Enhanced encryption for sensitive data, zero-trust approach"
F-0631,Royal Bank of Canada Phishing Attack,2004-03-01,Royal Bank of Canada,Phishing emails,Social engineering tactics,Unknown,Customer accounts,"Banking credentials, transaction records",Customer complaints of unauthorized access,hours,"Issued alerts, suspended compromised accounts",5000000,High,None (ongoing operations),"Moderate, increased concern among customers",Banking compliance review,Customer service reports and fraud detection systems,2004-03-20,Enhanced email filtering and user education
F-0632,Sony Network Breach,2004-04-01,Sony,Exploitation of network vulnerabilities,Outdated security protocols,Hackers (identity unknown),Intellectual property,"Product designs, proprietary algorithms",IT audit revealed abnormal data traffic,hours,"Secured servers, implemented intrusion prevention systems",10000000,High,12 hours,"High, due to potential competitive impact",Compliance checks for intellectual property protection,Internal and external cybersecurity investigations,2004-04-30,"Regular security audits, stronger endpoint protections"
F-0633,NASA Data Breach,2004-05-01,NASA,Exploitation of network vulnerabilities,Weak perimeter defense,Hackers (identity unknown),Research data,"Project files, scientific research",Real-time monitoring detected unusual access patterns,hours,"Tightened access controls, enhanced logging",5000000,High,6 hours,"Moderate, with implications for national research programs",Federal cybersecurity review,Forensic investigation and federal oversight,2004-05-15,"Implemented zero-trust architecture, conducted employee training"
F-0634,Yahoo! Data Breach,2004-06-01,Yahoo!,Exploitation of network vulnerabilities,Insufficient encryption of sensitive data,Hackers (identity unknown),User data,"Email addresses, hashed passwords",User complaints of compromised accounts,hours,"Forced password resets, improved encryption standards",1000000,Medium,12 hours,"Severe, affected user trust globally",Scrutiny under emerging digital privacy laws,Incident reports and forensic reviews,2004-06-30,"Encryption overhaul, comprehensive vulnerability assessments"
F-0635,Pfizer Data Breach,2004-07-01,Pfizer,Exploitation of network vulnerabilities,Weak application security,Hackers (identity unknown),Intellectual property,"Drug formulas, research documentation",Routine audit revealed unauthorized data access,hours,"Restricted access, increased endpoint protection",1000000,Medium,6 hours,"Moderate, with industry-wide implications",Scrutiny under pharmaceutical compliance standards,Internal review and industry analysis,2004-07-20,"Adopted stricter data classification policies, increased investment in cybersecurity"
F-0636,Amazon Data Breach,2004-08-01,Amazon,Exploitation of network vulnerabilities,Weak security configurations,Hackers (identity unknown),Customer data,"Purchase history, payment details",Anomalies in user activity logs,hours,"Enhanced monitoring, customer notifications",8000000,High,None (isolated breaches),"High, affected customer trust",Investigations under consumer protection laws,External audits and cybersecurity reports,2004-08-31,"Adopted advanced threat detection systems, improved user data encryption"
F-0637,Barclays Bank Phishing Attack,2004-09-01,Barclays Bank,Phishing Emails,Social engineering tactics,Unknown,Customer Accounts,"Banking credentials, personal details",Reports from affected customers,hours,"Customer alerts, blocked unauthorized access",9000000,High,None (continuing operations),"Moderate, with increased scrutiny from customers",Review of phishing prevention measures,Customer complaints and anti-fraud systems,2004-09-20,Improved anti-phishing awareness and email filtering
F-0638,Siemens Data Breach,2004-10-01,Siemens,Network vulnerabilities,Weak endpoint defenses,Hackers,Intellectual Property,"Design documents, proprietary algorithms",Routine security audit,hours,"Upgraded endpoint protections, tightened access controls",10000000,High,4 hours,"Low, due to internal containment","Minimal, due to limited data scope",Internal and external cybersecurity reviews,2004-10-20,"Enhanced R&D security protocols, regular training for staff"
F-0639,ExxonMobil Network Breach,2004-11-01,ExxonMobil,Network vulnerabilities,Outdated software,Hackers,Intellectual Property,"Exploration data, proprietary technologies",Unusual traffic patterns detected during network monitoring,hours,"Isolated affected systems, improved firewall settings",1000000,High,2 hours,"Low, due to prompt containment",Compliance review for industrial cybersecurity,Third-party cybersecurity assessment,2004-11-15,"Proactive patching, implemented threat intelligence tools"
F-0640,Ford Motor Company Data Breach,2004-12-01,Ford Motor Company,Network vulnerabilities,Inadequate encryption measures,Hackers,Intellectual Property,"Vehicle designs, manufacturing processes",Abnormal access logs reviewed during audit,hours,"Restricted access, updated encryption protocols",8000000,High,6 hours,"Moderate, due to potential competitive impacts",Compliance review under industrial data standards,Internal and external investigation findings,2004-12-31,Stronger encryption and regular penetration testing
F-0641,Intel Data Breach,2004-01-01,Intel,Network vulnerabilities,Outdated access controls,Hackers,Intellectual Property,"Chip designs, R&D documents",Automated alert for large data exports,hours,"Enhanced access monitoring, re-secured key systems",9000000,High,4 hours,"High, as it affected industry standing",Scrutiny under IP protection laws,Cybersecurity firm analysis,2004-01-31,"Implemented zero-trust security framework, increased R&D security training"
F-0642,GM Network Breach,2004-02-01,General Motors,Network vulnerabilities,Unpatched systems,Hackers,Intellectual Property,"Autonomous vehicle research, production plans",Advanced monitoring system detected anomalies,hours,"Closed access loopholes, upgraded firewalls",10000000,High,8 hours,"High, due to sensitivity of compromised data",Industry-wide call for improved cybersecurity,Forensic analysis and threat intelligence reports,2004-02-28,"Greater investment in cybersecurity R&D, mandated security drills"
F-0643,PepsiCo Data Breach,2004-03-01,PepsiCo,Network vulnerabilities,Weak perimeter defenses,Hackers,Intellectual Property,"Product formulations, marketing strategies",Threat intelligence feed detection,hours,"Strengthened perimeter defenses, enhanced endpoint monitoring",6000000,Medium,4 hours,"Moderate, due to competitive risks",Review under trade secret protection laws,Forensic investigation by a third party,2004-03-20,"Bolstered trade secret protections, stricter vendor access controls"
F-0644,Adobe Network Breach,2004-04-01,Adobe,Network vulnerabilities,Weak authentication measures,Hackers,Intellectual Property,Source code for proprietary software,Unusual data exfiltration detected by SOC,hours,"Improved encryption, enforced two-factor authentication",9000000,High,6 hours,"High, due to loss of sensitive source code",No significant regulatory penalties,Independent cybersecurity firm analysis,2004-04-30,Advanced network monitoring and developer environment security
F-0645,AOL Data Breach,2004-05-01,AOL,Network vulnerabilities,Outdated access protocols,Hackers,User Data,"Usernames, email addresses, hashed passwords",Security audit revealed data leaks,hours,"Forced password reset, system patches",4000000,Medium,3 hours,"Moderate, due to user dissatisfaction",Data protection compliance review,Incident reports and internal logs,2004-05-20,Enhanced user authentication and regular security testing
F-0646,Nokia Data Breach,2004-06-01,Nokia,Network vulnerabilities,Legacy systems with weak defenses,Hackers,Intellectual Property,"Mobile phone designs, proprietary technologies",Unusual network activity flagged by IT team,hours,"Decommissioned legacy systems, implemented SIEM solutions",5000000,Medium,8 hours,"Moderate, affecting business partnerships",No regulatory action reported,Incident reports and forensic reviews,2004-06-25,"Phased upgrades for legacy systems, better threat intelligence integration"
F-0647,HP Network Breach,2004-07-01,Hewlett-Packard,Network vulnerabilities,Unsecured API endpoints,Hackers,Intellectual Property,"Product prototypes, R&D data",Unusual API traffic detected during routine checks,hours,"Strengthened API security, restricted access privileges",15000000,High,12 hours,"High, due to the sensitivity of the data",Triggered industry-wide review for API security,Internal and third-party forensic analysis,2004-07-30,"API hardening, real-time anomaly detection for critical systems"
F-0648,Apple Network Breach,2004-08-01,Apple,Network vulnerabilities,Unsecured developer environment,Hackers,Intellectual Property,"Product designs, unreleased software builds",Automated alerts for large data transfers,hours,"Re-secured developer environment, enhanced DLP measures",10000000,High,8 hours,"High, due to high-profile nature of the breach",Intellectual property concerns raised,Third-party analysis and internal logs,2004-08-28,"Stronger environment segmentation, regular red team exercises"
F-0649,Dell Network Breach,2004-09-01,Dell,Network vulnerabilities,Misconfigured database access,Hackers,Customer Data,Customer records including payment information,Anomaly in database queries detected by monitoring tools,hours,"Database access hardening, real-time query monitoring",19000000,High,5 hours,"High, affecting customer trust",Investigation under data protection laws,Audit by an external cybersecurity firm,2004-09-30,"Proactive database security measures, stringent audits"
F-0650,Oracle Data Breach,2004-10-01,Oracle,Network vulnerabilities,Unpatched third-party software,Hackers,Customer Data,Enterprise customer contact and operational details,Proactive vulnerability scanning identified breach indicators,hours,"Patch management, third-party software risk assessments",8000000,High,6 hours,"Moderate, primarily within B2B sector",Reported under privacy regulations,Internal security operations and vendor reports,2004-10-28,"Continuous patch management, third-party risk governance"
F-0651,Samsung Data Breach,2004-11-01,Samsung,Network vulnerabilities,Weak encryption protocols,Hackers,Intellectual Property,Product designs and R&D data,Alert from data exfiltration monitoring,hours,"Enhanced encryption, restricted R&D network access",15000000,High,4 hours,"High, due to loss of competitive edge",Reported for compliance purposes,Internal investigation corroborated by external forensic experts,2004-11-29,"Increased encryption standards, better R&D access controls"
F-0652,LG Data Breach,2004-12-01,LG,Network vulnerabilities,Lack of network segmentation,Hackers,Intellectual Property,Future product blueprints and patents,SOC alerted by unusual network traffic,hours,"Network segmentation, better monitoring tools",20000000,High,7 hours,"High, with competitive risks",Potential intellectual property disputes,Forensic audit by cybersecurity consultants,2004-12-31,"Critical asset isolation, rapid anomaly response mechanisms"
F-0653,IBM Network Breach,2004-01-01,IBM,Network vulnerabilities,Insufficient endpoint security,Hackers,Intellectual Property,"AI model prototypes, source codes",Behavioral anomaly flagged by EDR solution,hours,"Endpoint security enhancements, staff training",5000000,Medium,3 hours,"Moderate, due to strong brand resilience",Reported under industry cybersecurity frameworks,Incident analysis by internal team,2004-01-29,"Strengthened endpoint defenses, improved detection capabilities"
F-0654,Cisco Network Breach,2004-02-01,Cisco,Network vulnerabilities,Outdated firmware on critical systems,Hackers,Intellectual Property,Networking product designs and firmware blueprints,Firmware integrity checks identified tampering,hours,"Firmware updates, stricter device inventory control",8000000,Medium,5 hours,"Moderate, with customer concerns on product security",Compliance reports submitted,Internal investigations supported by firmware vendors,2004-02-28,"Regular firmware updates, enhanced device integrity monitoring"
F-0655,JP Morgan Chase Data Breach,2004-03-01,JP Morgan Chase,Network vulnerabilities,Insufficient perimeter security,Hackers,Financial Data,Account details and transaction history,Real-time monitoring detected unauthorized access attempts,hours,"Perimeter firewall upgrades, enhanced multi-factor authentication",5000000,High,4 hours,"High, significant trust erosion",Investigations under financial data protection laws,External forensic examination,2004-03-28,"Strengthened perimeter defenses, stricter authentication protocols"
F-0656,BP Data Breach,2004-04-01,BP,Network vulnerabilities,Outdated server configurations,Hackers,Intellectual Property,Proprietary operational data and plans,Network anomaly alerts,hours,"Updated server configurations, comprehensive server audits",5000000,Medium,5 hours,"Moderate, contained within the industry",Compliance investigations,Internal and external audit collaboration,2004-04-25,"Regular server audits, dynamic configuration management"
F-0657,Vodafone Data Breach,2004-05-01,Vodafone,Network vulnerabilities,Misconfigured APIs,Hackers,Customer Data,Customer profiles and call records,API usage logs flagged anomalies,hours,"API gateway restrictions, better log analysis tools",5000000,High,6 hours,"High, due to public exposure",Investigations under telecom data privacy laws,Independent security reviews,2004-05-29,"API security prioritization, refined logging practices"
F-0658,Deutsche Telekom Data Breach,2004-06-01,Deutsche Telekom,Network vulnerabilities,Lack of database encryption,Hackers,Customer Data,Customer contact information,Unusual traffic from the database flagged,hours,"Data encryption, enhanced database access controls",5000000,Medium,3 hours,"Moderate, due to swift containment",Reported under GDPR equivalent laws,Database activity logs analysis,2004-06-25,"Database encryption criticality, proactive traffic analysis"
F-0659,T-Mobile Data Breach,2004-07-01,T-Mobile,Network vulnerabilities,Weak employee authentication measures,Hackers,Customer Data,Billing records and contact details,Unusual access patterns detected by SOC,hours,"Improved authentication, real-time access monitoring",1000000,High,4 hours,"High, with widespread customer concerns",Investigation by telecom regulators,Forensic analysis from SOC tools,2004-07-28,"Strong employee authentication, ongoing monitoring"
F-0660,ING Group Data Breach,2004-08-01,ING Group,Network vulnerabilities,Unprotected customer service portals,Hackers,Financial Data,Customer transactions and account details,Automated vulnerability scans,hours,Customer portal security enhancements,5000000,Medium,5 hours,"Moderate, due to quick remediation",Regulatory fines under financial privacy laws,Third-party security assessments,2004-08-28,"Prioritizing customer portal security, ongoing vulnerability checks"
F-0661,Societe Generale Data Breach,2004-09-01,Societe Generale,Network vulnerabilities,Inadequate network segmentation,Hackers,Financial Data,Account balances and sensitive transaction data,Network segmentation monitoring tools flagged access,hours,Enhanced segmentation and monitoring,5000000,High,3 hours,"Moderate, with limited public impact",Compliance reviews by financial authorities,Independent verification by network experts,2004-09-30,"Network segmentation prioritization, active monitoring"
F-0662,Electronic Arts Data Breach,2004-10-01,Electronic Arts,Network vulnerabilities,Unpatched systems,Hackers,User Data,Gaming profiles and account credentials,Unusual activity flagged on user accounts,hours,"Patching affected systems, increased monitoring",5000000,High,6 hours,"High, due to gamer backlash",Review under gaming data protection laws,Independent security firm,2004-10-29,Regular patching critical for user-heavy platforms
F-0663,LinkedIn Data Breach,2004-11-01,LinkedIn,Network vulnerabilities,Weak user account protections,Hackers,User Data,Email addresses and hashed passwords,Dark web leak detection,hours,Enhanced password hashing and security measures,15000000,High,3 hours,"Moderate, with concerns over data handling",Compliance reviews,Internal SOC investigation,2004-11-30,"Proactive dark web monitoring, stronger hashing"
F-0664,Airbnb Network Breach,2004-12-01,Airbnb,Network vulnerabilities,Misconfigured access controls,Hackers,Customer Data,Customer booking details,Access control log audits,hours,Revised access protocols and penetration testing,5000000,Medium,2 hours,"Moderate, with customer inquiries",Compliance fines for data privacy,Third-party audit,2004-12-28,Access control management essential for user platforms
F-0665,AT&T Network Breach,2004-01-01,AT&T,Network vulnerabilities,Inadequate firewall protections,Hackers,Customer Data,Billing records and contact information,Firewall monitoring alerts,hours,Firewall upgrades and stricter traffic controls,5000000,High,5 hours,"High, with customer trust issues",Investigations under telecom data laws,Independent forensic review,2004-01-27,Proactive firewall management critical for telecoms
F-0666,Cisco Data Breach,2004-02-01,Cisco,Network vulnerabilities,Unpatched systems,Hackers,Intellectual Property,Proprietary networking technologies,Internal system integrity checks,hours,Urgent patch deployment and IP monitoring,10000000,High,4 hours,"Moderate, with industry concern",Patent IP reviews,Internal validation and SOC reports,2004-02-24,Accelerated patch cycle for proprietary data protection
F-0667,Sprint Data Breach,2004-03-01,Sprint,Network vulnerabilities,Weak data segmentation,Hackers,Customer Data,Customer service records,Data flow monitoring systems,hours,"Segmentation updates, encryption deployments",5000000,Medium,7 hours,"High, with widespread service disruptions",Investigations by telecom regulators,Forensic incident review,2004-03-30,Robust segmentation and advanced encryption critical
F-0668,EDS Network Breach,2004-04-01,Electronic Data Systems,Network vulnerabilities,Insufficient network monitoring,Hackers,Internal Data,Operational processes and vendor details,Post-breach forensic analysis,hours,Improved network visibility and threat detection,25000000,High,6 hours,"Low, with minimal public knowledge",Internal compliance reviews,Forensic firm analysis,2004-04-28,Proactive network monitoring crucial
F-0669,Siemens Data Breach,2004-05-01,Siemens,Network vulnerabilities,Unprotected file shares,Hackers,Intellectual Property,Proprietary industrial designs,Unusual file access alerts,hours,Encrypted file storage and controlled access,5000000,Medium,5 hours,"Moderate, industry-specific concerns",Regulatory reviews under industrial confidentiality laws,Internal monitoring and external audit,2004-05-27,Enhanced access management critical for proprietary designs
F-0670,Accenture Data Breach,"Tuesday, 1 June 2004",Accenture,Network vulnerabilities,Hackers exploited unpatched vulnerabilities in Accenture’s network,Hackers,Client Data,Client Data,Internal monitoring and network traffic analysis,hours,"Network patching, increased security monitoring, external audits",5000000,Medium,Minimal due to prompt response,"Moderate, primarily due to compromised client data","None directly, but likely raised awareness in the industry","Accenture internal reports, industry analysis","Ongoing mitigation efforts, with enhanced security protocols in place","Importance of proactive vulnerability management, network segmentation, and timely patching"
F-0671,Lufthansa Data Breach,"Thursday, 1 July 2004",Lufthansa,Network vulnerabilities,Hackers exploited vulnerabilities in Lufthansa's internal network,Hackers,Customer Data,Customer Data,"Internal network monitoring, intrusion detection systems",hours,"Security patching, monitoring, improved encryption of customer data",1000000,High,Short downtime due to swift action,"Minor impact on reputation, especially within the affected customer base","No regulatory fines, but heightened scrutiny on network security","Lufthansa internal security reports, news articles",Mitigation completed with ongoing monitoring to prevent recurrence,"Strengthened internal security, increased investment in cybersecurity tools"
F-0672,Sun Microsystems Data Breach,2004-08-01,Sun Microsystems,Network vulnerabilities,Exploited network vulnerabilities,Hackers,Intellectual Property,Intellectual Property,"Network monitoring, security audit",hours,"Patch network vulnerabilities, improve encryption",1000000,High,36 hours,Severe,Possible legal and compliance implications,"Internal security reports, media reports",2004-08-04,"Strengthen network security, enhance encryption of sensitive data"
F-0673,T-Mobile Network Breach,2004-09-01,T-Mobile,Network vulnerabilities,Exploited network vulnerabilities,Hackers,Customer Data,Customer Data,"Network monitoring, security audit",hours,"Apply patches, improve customer data encryption",7000000,Medium,72 hours,High,Potential customer protection regulations,"Internal reports, media reports",2004-09-04,"Enhance network security, better data protection policies"
F-0674,Nortel Networks Data Breach,2004-10-01,Nortel Networks,Network vulnerabilities,Exploited network vulnerabilities,Hackers,Intellectual Property,Intellectual Property,"Security audit, intrusion detection system",hours,"Patch vulnerabilities, improve network monitoring",9000000,High,48 hours,Moderate,None,"Incident reports, vendor advisories",2004-10-03,"Strengthen IP protection, improve network vulnerability scanning"
F-0675,Vodafone Data Breach,2004-11-01,Vodafone,Network vulnerabilities,Exploited network vulnerabilities,Hackers,Customer Data,Customer Data,"Security audit, anomaly detection system",hours,"Patch network vulnerabilities, improve encryption",5000000,Medium,60 hours,High,Possible regulatory investigations,"Security reports, customer complaints",2004-11-04,"Enhance data security, improve monitoring for vulnerabilities"
F-0676,Lockheed Martin Data Breach,2004-12-01,Lockheed Martin,Network vulnerabilities,Exploited network vulnerabilities,Hackers,Intellectual Property,Intellectual Property,"Intrusion detection system, security audit",hours,"Patch vulnerabilities, improve network defense mechanisms",5000000,High,72 hours,Moderate,Possible national security implications,"Internal reports, media reports",2004-12-04,"Strengthen security protocols, implement stronger monitoring systems"
F-0677,Merrill Lynch Data Breach,2004-01-01,Merrill Lynch,Network vulnerabilities,Exploited network vulnerabilities,Hackers,Financial Data,Financial Data,"Network monitoring, security audit",hours,"Patch vulnerabilities, enhance encryption of financial data",6000000,Medium,48 hours,High,Possible financial regulatory investigations,"Internal security reports, regulatory agencies",2004-01-04,"Improve data security practices, enhance vulnerability management"
F-0678,Goldman Sachs Data Breach,2004-02-01,Goldman Sachs,Network vulnerabilities,Exploited network vulnerabilities,Hackers,Financial Data,Financial Data,"Security audit, anomaly detection systems",hours,"Apply security patches, improve encryption",8000000,High,72 hours,Severe,Potential legal and regulatory scrutiny,"Incident reports, media coverage",2004-02-04,"Enhance encryption protocols, strengthen overall network security"
F-0679,AIG Data Breach,2004-03-01,AIG,Network vulnerabilities,Exploited network vulnerabilities,Hackers,Financial Data,Financial Data,"Security monitoring, intrusion detection systems",hours,"Patch vulnerabilities, improve monitoring for financial data",9000000,High,60 hours,High,Regulatory reporting requirements for financial institutions,"Security reports, incident logs",2004-03-04,"Strengthen data protection strategies, enhance vulnerability detection systems"
F-0680,Citigroup Data Breach,2004-04-01,Citigroup,Network vulnerabilities,Exploited network vulnerabilities,Hackers,Financial Data,Financial Data,"Intrusion detection system, security monitoring",hours,"Patch vulnerabilities, strengthen data encryption",8000000,High,48 hours,Moderate,Potential financial regulatory investigations,"Internal reports, media coverage",2004-04-04,"Improve network security, enhance financial data protection"
F-0681,Bank of America Data Breach,2004-05-01,Bank of America,Network vulnerabilities,Exploited network vulnerabilities,Hackers,Financial Data,Financial Data,"Network monitoring, anomaly detection",hours,"Patch vulnerabilities, improve encryption of sensitive data",7000000,Medium,60 hours,High,Regulatory investigations into customer protection,"Internal reports, media reports",2004-05-04,"Enhance data security, strengthen monitoring tools"
F-0682,JPMorgan Chase Data Breach,2004-06-01,JPMorgan Chase,Network vulnerabilities,Exploited network vulnerabilities,Hackers,Financial Data,Financial Data,"Security monitoring, security audits",hours,"Patch vulnerabilities, improve encryption and monitoring",7000000,Medium,72 hours,Severe,Regulatory scrutiny from financial oversight bodies,"Internal reports, media sources",2004-06-04,"Improve encryption, strengthen vulnerability scanning"
F-0683,American Express Data Breach,2004-07-01,American Express,Network vulnerabilities,Exploited network vulnerabilities,Hackers,Financial Data,Financial Data,"Anomaly detection, network monitoring",hours,"Patch vulnerabilities, improve encryption of customer data",9000000,High,84 hours,Severe,Possible investigations into financial institution practices,"Incident reports, external investigations",2004-07-04,"Strengthen financial data protection, improve internal security protocols"
F-0684,Visa Data Breach,2004-08-01,Visa,Network vulnerabilities,Exploited network vulnerabilities,Hackers,Credit Card Information,Credit Card Information,"Anomaly detection, network monitoring",hours,"Patch vulnerabilities, enhance encryption and fraud detection systems",11000000,Medium,72 hours,High,Potential financial and consumer protection investigations,"Internal reports, industry reports",2004-08-04,"Enhance encryption protocols, strengthen fraud prevention measures"
F-0685,Mastercard Data Breach,2004-09-01,Mastercard,Network vulnerabilities,Exploited network vulnerabilities,Hackers,Credit Card Information,Credit Card Information,"Security monitoring, anomaly detection",hours,"Patch network vulnerabilities, improve encryption of payment systems",10000000,High,60 hours,Moderate,Potential for regulatory investigations related to data security,"Security reports, media coverage",2004-09-04,"Strengthen data protection measures, enhance monitoring for vulnerabilities"
F-0686,PayPal Data Breach,2004-10-01,PayPal,Network vulnerabilities,Exploited network vulnerabilities,Hackers,Customer Data,Customer Data,"Intrusion detection, security audit",hours,"Apply patches, improve customer data encryption",6000000,High,48 hours,Moderate,None,"Internal reports, third-party investigations",2004-10-04,"Improve encryption protocols, reinforce vulnerability management"
F-0687,eBay Data Breach,2004-11-01,eBay,Network vulnerabilities,Exploited network vulnerabilities,Hackers,Customer Data,Customer Data,"Network monitoring, anomaly detection systems",hours,"Patch network vulnerabilities, enhance customer data security measures",4000000,High,72 hours,High,Potential consumer protection inquiries,"Security reports, customer feedback",2004-11-04,"Strengthen network security, enhance customer data protection strategies"
F-0688,Amazon Data Breach,2004-12-01,Amazon,Network vulnerabilities,Exploited network vulnerabilities,Hackers,Customer Data,Customer Data,"Intrusion detection, network monitoring",hours,"Patch vulnerabilities, improve customer data security",4000000,High,36 hours,Moderate,None,"Incident reports, internal investigations",2004-12-04,Strengthen data protection and enhance vulnerability monitoring
F-0689,Yahoo Data Breach,2004-01-01,Yahoo,Network vulnerabilities,Exploited network vulnerabilities,Hackers,User Data,User Data,"Security audit, anomaly detection",hours,"Patch vulnerabilities, implement stronger encryption for user data",4000000,High,48 hours,High,Possible inquiries from privacy regulators,"Security reports, media coverage",2004-01-04,"Improve user data encryption, enhance monitoring of network vulnerabilities"
F-0690,Google Data Breach,2004-02-01,Google,Network vulnerabilities,Exploited network vulnerabilities,Hackers,User Data,User Data,"Security monitoring, intrusion detection systems",hours,"Apply patches, improve encryption of user data",7000000,High,24 hours,Moderate,None,"Internal security reports, media sources",2004-02-04,"Enhance encryption practices, strengthen network defense systems"
F-0691,Microsoft Data Breach,2004-03-01,Microsoft,Network vulnerabilities,Exploited network vulnerabilities,Hackers,Intellectual Property,Intellectual Property,"Intrusion detection system, security monitoring",hours,"Patch vulnerabilities, improve monitoring of intellectual property",2000000,Medium,72 hours,High,Possible intellectual property security regulations,"Security reports, external investigations",2004-03-04,"Strengthen intellectual property protection, improve security protocols"
F-0692,Intel Data Breach,2004-04-01,Intel,Network vulnerabilities,Exploited network vulnerabilities,Hackers,Intellectual Property,Intellectual Property,"Security monitoring, anomaly detection",hours,"Patch vulnerabilities, enhance intellectual property protection",8000000,High,60 hours,Moderate,Possible intellectual property security reviews,"Internal reports, industry reports",2004-04-04,"Strengthen IP protection, improve vulnerability scanning"
F-0693,AMD Data Breach,2004-05-01,AMD,Network vulnerabilities,Exploited network vulnerabilities,Hackers,Intellectual Property,Intellectual Property,"Intrusion detection system, security audit",hours,"Patch vulnerabilities, enhance security protocols for IP",5000000,Medium,72 hours,High,Possible intellectual property theft inquiries,"Incident reports, third-party investigations",2004-05-04,Strengthen intellectual property monitoring and protection
F-0694,Oracle Data Breach,2004-06-01,Oracle,Network vulnerabilities,Exploited network vulnerabilities,Hackers,Customer Data,Customer Data,"Network monitoring, security alerts",hours,"Apply patches, improve customer data encryption",10000000,High,48 hours,Moderate,None,"Security reports, internal communications",2004-06-04,Improve data encryption and vulnerability management
F-0695,Sun Microsystems Data Breach,2004-07-01,Sun Microsystems,Network vulnerabilities,Exploited network vulnerabilities,Hackers,Intellectual Property,Intellectual Property,"Intrusion detection systems, network security audits",hours,"Patch network vulnerabilities, improve monitoring of intellectual property",1000000,High,96 hours,High,Regulatory scrutiny on IP security,"Incident reports, media sources",2004-07-04,"Strengthen intellectual property security, improve detection capabilities"
F-0696,Apple Data Breach,2004-08-01,Apple,Network vulnerabilities,Exploited network vulnerabilities,Hackers,Intellectual Property,Intellectual Property,"Network monitoring, intrusion detection systems",hours,"Patch vulnerabilities, enhance intellectual property protection",10000000,High,72 hours,Moderate,None,"Internal security reports, media sources",2004-08-04,"Enhance IP monitoring, improve patch management processes"
F-0697,HP Data Breach,2004-09-01,Hewlett-Packard,Network vulnerabilities,Exploited network vulnerabilities,Hackers,Intellectual Property,Intellectual Property,"Security monitoring, intrusion detection",hours,"Apply patches, enhance network security protocols",5000000,Medium,96 hours,High,Possible investigations into IP theft,"Incident reports, security audits",2004-09-04,"Strengthen IP security measures, conduct regular vulnerability assessments"
F-0698,IBM Data Breach,2004-10-01,IBM,Network vulnerabilities,Exploited network vulnerabilities,Hackers,Intellectual Property,Intellectual Property,"Intrusion detection, security monitoring",hours,"Patch vulnerabilities, improve internal IP security measures",20000000,Medium,48 hours,Low,None,"Internal reports, industry sources",2004-10-04,"Enhance internal IP monitoring, ensure prompt vulnerability patching"
F-0699,Dell Data Breach,2004-11-01,Dell,Network vulnerabilities,Exploited network vulnerabilities,Hackers,Customer Data,Customer Data,"Network monitoring, security alerts",hours,"Apply patches, improve data protection measures for customer data",1000000,Medium,72 hours,High,None,"Incident reports, company communications",2004-11-04,"Improve customer data security, enhance detection and monitoring systems"
F-0700,EMC Data Breach,2004-12-01,EMC,Network vulnerabilities,Exploited network vulnerabilities,Hackers,Customer Data,Customer Data,"Security monitoring, intrusion detection systems",hours,"Patch vulnerabilities, strengthen data encryption for customer data",11000000,Medium,48 hours,Moderate,"Possible privacy concerns, regulatory inquiries","Internal incident reports, third-party investigations",2004-12-04,"Strengthen data encryption, enhance vulnerability detection"
F-0701,Xerox Data Breach,2004-01-01,Xerox,Network vulnerabilities,Exploited network vulnerabilities,Hackers,Customer Data,Customer Data,"Security monitoring, anomaly detection",hours,"Apply patches, improve customer data security measures",9000000,High,72 hours,Moderate,None,"Incident reports, internal security reviews",2004-01-04,"Enhance data protection protocols, improve response time"
F-0702,Samsung Data Breach,2004-02-01,Samsung,Network vulnerabilities,Exploited network vulnerabilities,Hackers,Intellectual Property,Intellectual Property,"Intrusion detection systems, network monitoring",hours,"Patch vulnerabilities, enhance IP security protocols",7000000,High,96 hours,High,Possible IP theft investigation,"Incident reports, third-party reviews",2004-02-04,Strengthen intellectual property protection and monitoring
F-0703,LG Data Breach,2004-03-01,LG,Network vulnerabilities,Exploited network vulnerabilities,Hackers,Intellectual Property,Intellectual Property,"Security monitoring, anomaly detection systems",hours,"Apply patches, enhance intellectual property encryption",7000000,Medium,72 hours,High,Possible legal inquiries into IP theft,"Incident reports, media sources",2004-03-04,Improve IP protection and vulnerability management
F-0704,Sony Data Breach,2004-04-01,Sony,Network vulnerabilities,Exploited network vulnerabilities,Hackers,Intellectual Property,Intellectual Property,"Intrusion detection, network monitoring",hours,"Patch vulnerabilities, improve monitoring of intellectual property",8000000,Medium,96 hours,High,None,"Incident reports, media sources",2004-04-04,"Strengthen IP monitoring, improve breach response times"
F-0705,Panasonic Data Breach,2004-05-01,Panasonic,Network vulnerabilities,Exploited network vulnerabilities,Hackers,Intellectual Property,Intellectual Property,"Security monitoring, network alerts",hours,"Apply patches, enhance IP protection systems",9000000,High,48 hours,Low,None,"Internal security reports, vendor advisories",2004-05-04,Improve vulnerability management and IP protection
F-0706,Sharp Data Breach,2004-06-01,Sharp,Network vulnerabilities,Exploited network vulnerabilities,Hackers,Intellectual Property,Intellectual Property,"Network security monitoring, IDS",hours,"Patch network vulnerabilities, enhance IP protection systems",1000000,High,24 hours,Low,None,"Internal security reports, vendor advisories",2004-06-04,"Improve network monitoring, implement stronger IP protection"
F-0707,Toshiba Data Breach,2004-07-01,Toshiba,Network vulnerabilities,Exploited network vulnerabilities,Hackers,Intellectual Property,Intellectual Property,"Network monitoring, anomaly detection systems",hours,"Patch vulnerabilities, enhance network security protocols",1000000,High,96 hours,High,None,"Incident reports, media sources",2004-07-04,"Strengthen vulnerability management, improve breach response times"
F-0708,Hitachi Data Breach,2004-08-01,Hitachi,Network vulnerabilities,Exploited network vulnerabilities,Hackers,Intellectual Property,Intellectual Property,"Intrusion detection systems, network alerts",hours,"Patch vulnerabilities, enhance monitoring of IP assets",10000000,Medium,72 hours,Moderate,None,"Incident reports, internal audits",2004-08-04,"Improve breach detection, strengthen IP protection mechanisms"
F-0709,Fujitsu Data Breach,2004-09-01,Fujitsu,Network vulnerabilities,Exploited network vulnerabilities,Hackers,Intellectual Property,Intellectual Property,"Intrusion detection systems, anomaly detection",Days,"Patch vulnerabilities, improve IP security practices",2000000,Medium,120 hours,High,Possible legal action due to IP theft,"Incident reports, third-party investigation",2004-09-04,"Strengthen IP protection measures, improve vulnerability management"
F-0710,Mitsubishi Data Breach,2004-10-01,Mitsubishi,Network vulnerabilities,Exploited network vulnerabilities,Hackers,Intellectual Property,Intellectual Property,"Network monitoring, security audits",Hours,"Patch vulnerabilities, improve intellectual property protection",20000000,High,96 hours,Moderate,None,"Incident reports, vendor security advisories",2004-10-04,"Enhance IP protection, increase monitoring of network vulnerabilities"
F-0711,NEC Data Breach,2004-11-01,NEC,Network vulnerabilities,Exploited network vulnerabilities,Hackers,Intellectual Property,Intellectual Property,"Network monitoring, security audits",Hours,"Patch vulnerabilities, enhance monitoring",10000000,Medium,96 hours,High,None,"Incident reports, security assessments",2004-11-04,"Improve network security measures, enhance data protection"
F-0712,Canon Data Breach,2004-12-01,Canon,Network vulnerabilities,Exploited network vulnerabilities,Hackers,Intellectual Property,Intellectual Property,"IDS systems, network monitoring",Hours,"Patch vulnerabilities, improve monitoring systems",20000000,High,48 hours,Moderate,None,"Incident reports, internal audits",2004-12-04,"Strengthen vulnerability management, improve breach detection"
F-0713,Nikon Data Breach,2004-01-01,Nikon,Network vulnerabilities,Exploited network vulnerabilities,Hackers,Intellectual Property,Intellectual Property,Network intrusion detection systems,Hours,"Apply patches, improve security protocols",9000000,High,72 hours,High,None,"Internal incident reports, security audits",2004-01-04,"Improve network protection, implement real-time monitoring systems"
F-0714,Olympus Data Breach,2004-02-01,Olympus,Network vulnerabilities,Exploited network vulnerabilities,Hackers,Intellectual Property,Intellectual Property,"Security monitoring, network audits",Days,"Patch vulnerabilities, increase security posture",9000000,Medium,120 hours,Severe,None,"Incident reports, third-party investigations",2004-02-04,"Improve network security protocols, enhance breach detection systems"
F-0715,Zotob Worm,2005-08-01,Various Organizations,Windows Vulnerability,Windows MS05-039 vulnerability,Unknown,Network Infrastructure,None,"Network monitoring, antivirus software",Hours,"Patch systems, isolate affected systems",30000000,High,48 hours,Moderate,None,"Incident reports, vendor advisories",2005-08-04,"Enhance patch management, improve incident response capabilities"
F-0716,CardSystems Data Breach,2005-06-01,CardSystems Solutions,Network vulnerabilities,Exploited network vulnerabilities,Hackers,Credit Card Information,40 million card details exposed,"Network monitoring, forensic analysis",Hours,"Isolate affected systems, notify stakeholders, improve security practices",20000000,High,72 hours,Severe,"Compliance investigations, legal actions","Incident reports, forensic analysis",2005-06-04,"Enhance encryption, implement stronger network security"
F-0717,Operation Cybersnare,Various 2005,Various,Social Engineering,Manipulation of human behavior,FBI,Child Exploitation Networks,Numerous arrests made,"FBI undercover operations, intelligence gathering",Hours,"Ongoing investigation, arrests",40000000,Medium,N/A,High due to severity of crime,Ongoing legal actions,"FBI reports, law enforcement updates",Ongoing,Importance of collaboration with law enforcement
F-0718,US Bank Data Breach,2005-01-01,US Bank,Insider Threat,Rogue employee actions,Rogue Employee,Customer Data,Sensitive customer data exposed,"Internal audits, forensic investigation",Hours,"Terminate employment, enhance monitoring, strengthen access controls",40000000,High,48 hours,High,"Regulatory investigations, compliance scrutiny","Incident reports, internal audits",2005-01-04,"Strengthen insider threat detection, tighten data access protocols"
F-0719,MySpace Phishing Attack,2005-02-01,MySpace,Phishing Emails,Manipulation through deceptive emails,Unknown,User Accounts,User account credentials exposed,"User complaints, internal investigation",Hours,"Alert users, reset compromised accounts, improve email filtering",30000000,Medium,24 hours,Moderate,None,"Incident reports, user complaints",2005-02-04,"Improve phishing prevention, enhance user education"
F-0720,Citibank ATM Heist,2005-03-01,Citibank,ATM Network Vulnerabilities,Exploited ATM network vulnerabilities,Hackers,ATM Network,"ATM transaction data, stolen funds","Transaction monitoring, forensic investigation",Hours,"Close affected ATM networks, strengthen ATM security",2000000,High,36 hours,Moderate,None,"Incident reports, security assessments",2005-03-03,"Enhance ATM security, improve transaction monitoring"
F-0721,Boston College Network Breach,2005-04-01,Boston College,Network vulnerabilities,Exploited network vulnerabilities,Hackers,Student Data,Student personal data exposed,"Network monitoring, forensic analysis",Hours,"Close affected network segments, notify students, improve network security",350000,High,48 hours,Moderate,"Possible compliance issues, investigation","Incident reports, internal security assessments",2005-04-03,Enhance network monitoring and student data protection
F-0722,LexisNexis Data Breach,2005-05-01,LexisNexis,Network vulnerabilities,Exploited network vulnerabilities,Hackers,Personal Information,"310,000 records compromised","Network monitoring, forensic investigation",Hours,"Apply security patches, notify affected individuals, enhance encryption",2000000,High,72 hours,High,"Compliance scrutiny, legal actions","Incident reports, vendor advisories",2005-05-04,"Strengthen data encryption, implement more stringent access controls"
F-0723,Paris Hilton Phone Hack,2005-02-01,Paris Hilton,Weak Password Security,Exploited weak password security,Hackers,"Personal Contacts, Photos",Celebrity personal contacts and photos exposed,"Forensic investigation, user report",Hours,"Secure accounts, reset passwords, notify affected individuals",5000000,High,24 hours,High due to privacy concerns,None,"Incident reports, media coverage",2005-02-02,"Implement stronger password policies, enhance account security"
F-0724,Boeing Data Breach,2005-06-01,Boeing,Network vulnerabilities,Exploited network vulnerabilities,Hackers,Intellectual Property,Sensitive intellectual property exposed,"Network monitoring, forensic analysis",Hours,"Isolate affected systems, apply patches, improve network security",2000000,High,48 hours,Moderate,Possible investigation depending on the exposure,"Incident reports, vendor advisories",2005-06-03,"Enhance protection of intellectual property, improve network defenses"
F-0725,ChoicePoint Data Breach,2005-02-01,ChoicePoint,Social Engineering,Manipulation through social engineering,Identity Thieves,Personal Information,"145,000 records compromised","Internal monitoring, forensic analysis",Hours,"Notify affected individuals, improve identity verification processes",2000000,High,72 hours,Severe,"Regulatory investigations, possible fines","Incident reports, media coverage",2005-02-04,Enhance employee training to recognize social engineering attacks
F-0726,Scottrade Data Breach,2005-07-01,Scottrade,Network vulnerabilities,Exploited network vulnerabilities,Hackers,Customer Data,Sensitive customer data exposed,"Internal monitoring, forensic investigation",Hours,"Apply security patches, notify affected individuals",10000000,High,72 hours,Moderate,None reported,"Incident reports, internal security assessments",2005-07-03,Enhance network security and customer data protection
F-0727,Cisco IOS Source Code Leak,2005-05-01,Cisco Systems,Insider Threat,Former employee leaked source code,Former Employee,Source Code,Sensitive source code leaked,"Internal monitoring, investigation",Hours,"Investigate leak, strengthen access controls",2000000,High,N/A,Moderate,None reported,"Internal security reports, industry sources",2005-05-02,Improve insider threat detection and access control policies
F-0728,San Diego Data Processing Corporation Data Breach,2005-04-01,San Diego Data Processing,Insider Threat,Rogue employee stole data,Rogue Employee,Customer Data,Sensitive customer information exposed,"Internal monitoring, employee investigation",Hours,"Terminate access for involved employees, notify affected customers",2000000,High,N/A,Severe,"Potential legal action, fines","Internal investigations, law enforcement",2005-04-04,Implement stronger access controls and employee monitoring
F-0729,University of Southern California Data Breach,2005-06-01,University of Southern California,Network vulnerabilities,Exploited network vulnerabilities,Hackers,Student Data,Student personal information exposed,"Network monitoring, security audit",Hours,"Patch vulnerabilities, notify affected students",20000000,High,48 hours,Moderate,None reported,"Incident reports, university security team",2005-06-03,Improve network security and encryption for student data
F-0730,Time Warner Data Breach,2005-03-01,Time Warner,Lost Backup Tapes,Physical loss of unencrypted backup tapes,Unknown,Customer Data,"600,000 customer records exposed",Notification by affected individuals,Hours,"Retrieve lost tapes, notify affected customers",1000000,Medium,N/A,High,"Fines, compliance audits","Incident reports, media coverage",2005-03-02,Implement more secure data backup processes
F-0731,MCI Data Breach,2005-10-01,MCI,Network vulnerabilities,Exploited network vulnerabilities,Hackers,Customer Data,Sensitive customer data exposed,"Network monitoring, incident investigation",Hours,"Apply patches, notify customers, improve security infrastructure",5000000,Medium,48 hours,Moderate,None reported,"Internal security reports, vendor advisories",2005-10-02,Improve detection of network vulnerabilities and customer data protection
F-0732,Wachovia Bank Phishing Attack,2005-08-01,Wachovia Bank,Phishing Emails,Phishing scam to obtain customer credentials,Unknown,Customer Accounts,Customer account information compromised,"Customer reports, internal fraud detection systems",Hours,"Warn customers, enhance email filters, improve training",2000000,High,N/A,Moderate,None reported,"Incident reports, internal investigation",2005-08-03,Improve phishing awareness training and email security
F-0733,Pfizer Data Breach,2005-11-01,Pfizer,Network vulnerabilities,Exploited network vulnerabilities,Hackers,Intellectual Property,Sensitive intellectual property exposed,Network intrusion detection system,Hours,"Patch vulnerabilities, improve network security",10000000,High,N/A,Moderate,None reported,"Internal security reports, industry advisories",2005-11-02,Strengthen network monitoring and vulnerability management
F-0734,Amazon Data Breach,2005-12-01,Amazon,Network vulnerabilities,Exploited network vulnerabilities,Hackers,Customer Data,Customer personal and payment information exposed,"Internal network monitoring, third-party security audits",Hours,"Enhance security protocols, notify affected customers",2000000,High,24 hours,High,Possible fines under data protection regulations,"Incident reports, security advisories",2005-12-03,Implement multi-layered security controls and customer data encryption
F-0735,Barclays Bank Phishing Attack,2005-01-01,Barclays Bank,Phishing Emails,Phishing scam targeting bank customers,Unknown,Customer Accounts,Customer financial data compromised,"Customer fraud detection, internal investigation",Hours,"Customer notifications, enhance phishing filters",9000000,High,N/A,Moderate,None reported,"Incident reports, media coverage",2005-01-02,Increase focus on educating customers about phishing risks
F-0736,Siemens Data Breach,2005-02-01,Siemens,Network vulnerabilities,Exploited network vulnerabilities,Hackers,Intellectual Property,Sensitive intellectual property compromised,"Internal monitoring, security audits",Hours,"Patch vulnerabilities, notify relevant parties",9000000,Medium,N/A,Moderate,None reported,"Incident reports, internal security team",2005-02-02,Enhance network security and intellectual property protection
F-0737,ExxonMobil Network Breach,2005-03-01,ExxonMobil,Network vulnerabilities,Exploited network vulnerabilities,Hackers,Intellectual Property,Sensitive intellectual property exposed,Network monitoring and alerts,Hours,"Patch vulnerabilities, secure network",9000000,Medium,N/A,Low,None reported,Internal security reports,2005-03-02,Improve network security and internal monitoring
F-0738,Ford Motor Company Data Breach,2005-04-01,Ford Motor Company,Network vulnerabilities,Exploited network vulnerabilities,Hackers,Intellectual Property,Sensitive intellectual property exposed,"Internal security tools, third-party audits",Hours,"Enhanced security protocols, internal investigations",1000000,Medium,48 hours,Moderate,None reported,"Incident reports, third-party security audits",2005-04-03,Focus on securing intellectual property and improving breach detection
F-0739,Intel Data Breach,2005-05-01,Intel,Network vulnerabilities,Exploited network vulnerabilities,Hackers,Intellectual Property,Sensitive intellectual property exposed,Security breach detection tools,Hours,"Patch vulnerabilities, enhance network defense",9000000,Medium,N/A,Moderate,None reported,"Internal investigation, security reports",2005-05-02,Strengthen network security and monitoring systems
F-0740,GM Network Breach,2005-06-01,General Motors,Network vulnerabilities,Exploited network vulnerabilities,Hackers,Intellectual Property,Sensitive intellectual property exposed,Internal monitoring and alert systems,Hours,"Patch vulnerabilities, improve security infrastructure",9000000,High,72 hours,High,Possible fines and regulatory scrutiny,Internal and third-party security reports,2005-06-03,Invest in robust cybersecurity measures and employee training
F-0741,PepsiCo Data Breach,2005-07-01,PepsiCo,Network vulnerabilities,Exploited network vulnerabilities,Hackers,Intellectual Property,Sensitive intellectual property exposed,"Internal security tools, network traffic analysis",Hours,"Patch network vulnerabilities, increase monitoring",10000000,Medium,N/A,Moderate,None reported,"Security incident logs, internal investigations",2005-07-02,Enhance network defense mechanisms and secure intellectual property
F-0742,Adobe Network Breach,2005-08-01,Adobe,Network vulnerabilities,Exploited network vulnerabilities,Hackers,Intellectual Property,Sensitive intellectual property exposed,Network intrusion detection systems,Hours,"Network patches, enhanced monitoring",7000000,Medium,N/A,Moderate,None reported,Internal security reports,2005-08-02,Improve network security and real-time monitoring
F-0743,AOL Data Breach,2005-09-01,AOL,Network vulnerabilities,Exploited network vulnerabilities,Hackers,User Data,Personal user data exposed,Internal security monitoring,Hours,"Enhanced network security protocols, patching vulnerabilities",9000000,Medium,48 hours,Moderate,None reported,Incident investigation reports,2005-09-02,Strengthen data protection policies and user data encryption
F-0744,Nokia Data Breach,2005-10-01,Nokia,Network vulnerabilities,Exploited network vulnerabilities,Hackers,Intellectual Property,Sensitive intellectual property exposed,Internal monitoring systems,Hours,"Patch vulnerabilities, enhance security infrastructure",4000000,High,N/A,High,None reported,Security audit reports,2005-10-02,Review network security policies and improve breach response protocols
F-0745,HP Network Breach,2005-11-01,Hewlett-Packard,Network vulnerabilities,Exploited network vulnerabilities,Hackers,Intellectual Property,Sensitive intellectual property exposed,Continuous network monitoring,Hours,"Patch vulnerabilities, increase monitoring systems",9000000,Medium,48 hours,Moderate,None reported,Internal and third-party investigations,2005-11-02,Strengthen cybersecurity infrastructure and enhance real-time detection
F-0746,Apple Network Breach,2005-12-01,Apple,Network vulnerabilities,Exploited network vulnerabilities,Hackers,Intellectual Property,Sensitive intellectual property exposed,Internal security systems and monitoring tools,Hours,"Network patches, internal investigations",5000000,Medium,N/A,Moderate,None reported,Internal incident reports,2005-12-02,Enhance network security protocols and monitoring
F-0747,Dell Network Breach,2005-01-01,Dell,Network vulnerabilities,Exploited network vulnerabilities,Hackers,Customer Data,Customer data exposed,Automated intrusion detection systems,Hours,"Enhanced security protocols, system patches",5000000,Medium,72 hours,High,None reported,Internal security investigations,2005-01-02,Improve customer data protection measures and breach response times
F-0748,Oracle Data Breach,2005-02-01,Oracle,Network vulnerabilities,Exploited network vulnerabilities,Hackers,Customer Data,Customer data exposed,Internal monitoring systems,Hours,"Patch vulnerabilities, increase monitoring",5000000,Medium,24 hours,Moderate,None reported,Incident reports and investigation,2005-02-03,Improve network security and customer data protection
F-0749,Samsung Data Breach,2005-03-01,Samsung,Network vulnerabilities,Exploited network vulnerabilities,Hackers,Intellectual Property,Sensitive intellectual property exposed,Network security alerts,Hours,"Apply patches, enhance internal network security",4500000,Medium,N/A,High,None reported,Internal and external security reports,2005-03-02,Strengthen intellectual property protection measures
F-0750,LG Data Breach,2005-04-01,LG,Network vulnerabilities,Exploited network vulnerabilities,Hackers,Intellectual Property,Sensitive intellectual property exposed,Internal network monitoring,Hours,"Patch vulnerabilities, improve monitoring tools",9000000,Medium,72 hours,Moderate,None reported,Internal investigation reports,2005-04-02,Enhance breach detection systems and response time
F-0751,IBM Network Breach,2005-05-01,IBM,Network vulnerabilities,Exploited network vulnerabilities,Hackers,Intellectual Property,Sensitive intellectual property exposed,Internal security monitoring tools,Hours,"Security patch implementation, enhanced network security",6000000,Medium,N/A,High,None reported,Security breach reports,2005-05-02,Improve proactive monitoring and response strategies
F-0752,Cisco Network Breach,2005-06-01,Cisco,Network vulnerabilities,Exploited network vulnerabilities,Hackers,Intellectual Property,Intellectual property exposed,Intrusion detection systems,Hours,"Patching vulnerabilities, internal audits",6000000,Medium,N/A,Moderate,None reported,Security audit and forensic analysis,2005-06-02,Increase internal audit frequency and enhance employee security training
F-0753,JP Morgan Chase Data Breach,2005-07-01,JP Morgan Chase,Network vulnerabilities,Exploited network vulnerabilities,Hackers,Financial Data,Sensitive financial data exposed,Internal fraud detection system,Hours,"Increased network monitoring, forensic investigation",7000000,High,48 hours,High,None reported,Incident response reports,2005-07-02,Improve response time for data protection incidents
F-0754,BP Data Breach,2005-08-01,BP,Network vulnerabilities,Exploited network vulnerabilities,Hackers,Intellectual Property,Sensitive intellectual property exposed,Continuous network monitoring,Hours,"Patch vulnerabilities, internal system audits",7000000,Medium,72 hours,Moderate,None reported,Forensic investigation,2005-08-02,Strengthen breach detection and response protocols
F-0755,Vodafone Data Breach,2005-09-01,Vodafone,Network vulnerabilities,Exploited network vulnerabilities,Hackers,Customer Data,Customer data exposed,Internal network monitoring,Hours,"Patch vulnerabilities, enhance monitoring systems",8000000,Medium,N/A,Moderate,None reported,Incident reports,2005-09-02,Strengthen data protection systems
F-0756,Deutsche Telekom Data Breach,2005-10-01,Deutsche Telekom,Network vulnerabilities,Exploited network vulnerabilities,Hackers,Customer Data,Customer data exposed,Internal security alert systems,Hours,"Increase network monitoring, implement security patches",4000000,Medium,N/A,Low,None reported,Security audit and reports,2005-10-02,Enhance internal monitoring and response protocols
F-0757,T-Mobile Data Breach,2005-11-01,T-Mobile,Network vulnerabilities,Exploited network vulnerabilities,Hackers,Customer Data,Sensitive customer data exposed,Intrusion detection system alerts,Hours,"Patch vulnerabilities, enhance security protocols",1000000,Medium,72 hours,High,None reported,Security breach analysis,2005-11-02,Improve network security and data protection
F-0758,ING Group Data Breach,2005-12-01,ING Group,Network vulnerabilities,Exploited network vulnerabilities,Hackers,Financial Data,Sensitive financial data exposed,Real-time network monitoring,Hours,"Apply patches, implement more stringent security measures",10000000,Medium,N/A,High,None reported,Security investigation reports,2005-12-02,Strengthen financial data security measures
F-0759,Societe Generale Data Breach,2005-01-01,Societe Generale,Network vulnerabilities,Exploited network vulnerabilities,Hackers,Financial Data,Financial data exposed,Internal security monitoring tools,Hours,Improve network security protocols and patch vulnerabilities,9000000,Medium,N/A,High,None reported,Incident reports and analysis,2005-01-02,Increase financial data protection measures
F-0760,Electronic Arts Data Breach,2005-02-01,Electronic Arts,Network vulnerabilities,Exploited network vulnerabilities,Hackers,User Data,User data exposed,Intrusion detection systems,Hours,"Patch vulnerabilities, enhance internal security protocols",10000000,High,48 hours,Moderate,None reported,Incident investigation reports,2005-02-02,Improve user data protection measures
F-0761,LinkedIn Data Breach,2005-03-01,LinkedIn,Network vulnerabilities,Exploited network vulnerabilities,Hackers,User Data,User data exposed,Security monitoring systems,Hours,"Patch vulnerabilities, implement enhanced security measures",9000000,High,72 hours,Moderate,None reported,Incident investigation and media reports,2005-03-02,Increase user data protection and network security
F-0762,Airbnb Network Breach,2005-04-01,Airbnb,Network vulnerabilities,Exploited network vulnerabilities,Hackers,Customer Data,Customer data exposed,Internal network monitoring,Hours,"Enhance network security, patch vulnerabilities",8000000,Medium,72 hours,High,None reported,Incident reports,2005-04-02,Strengthen network protection and data security measures
F-0763,Twitter Network Breach,2005-05-01,Twitter,Network vulnerabilities,Exploited network vulnerabilities,Hackers,User Data,User data exposed,Security alerts and monitoring systems,Hours,"Implement enhanced security protocols, patch vulnerabilities",20000000,High,48 hours,Moderate,None reported,Security breach analysis,2005-05-02,Improve internal security monitoring and protection
F-0764,Dropbox Data Breach,2005-06-01,Dropbox,Network vulnerabilities,Exploited network vulnerabilities,Hackers,User Data,User data exposed,Real-time intrusion detection system,Hours,"Patch vulnerabilities, strengthen data encryption",10000000,High,72 hours,High,None reported,Incident reports,2005-06-02,Enhance encryption methods and network security
F-0765,TJX Data Breach,"Thursday, 1 December 2005",TJX Companies, ,Network vulnerabilities,Hackers,Customer Data,User data exposed,Real-time intrusion detection system,Hours,"Patch vulnerabilities, strengthen data encryption",20000000,Medium, , , , , , 
F-0766,Polo Ralph Lauren Data Breach,2005-04-01,Polo Ralph Lauren,Network vulnerabilities,Exploited network vulnerabilities,Hackers,Customer Data,Customer data exposed,Security breach detection systems,Hours,Strengthen network defenses and patch vulnerabilities,20000000,High,48 hours,Moderate,None reported,Incident reports and analysis,2005-04-02,Improve data protection and network monitoring
F-0767,USAA Phishing Attack,2005-02-01,USAA,Phishing Emails,Exploited human vulnerability through phishing,Unknown,Customer Accounts,Customer account data exposed,Phishing detection system,Hours,Enhance email filtering and customer education,2000000,Medium,N/A,High,None reported,Incident reports and analysis,2005-02-02,Improve phishing prevention systems and user education
F-0768,DSW Shoe Warehouse Data Breach,2005-03-01,DSW Shoe Warehouse,Network vulnerabilities,Exploited network vulnerabilities,Hackers,Customer Data,1.4 million records compromised,Internal security monitoring,Hours,Enhance security monitoring and patch vulnerabilities,21000000,Medium,72 hours,Moderate,None reported,Security breach investigation reports,2005-03-02,Improve security controls and incident response protocols
F-0769,University of California Data Breach,2005-06-01,University of California,Internal security lapse,Human error or insider threat,Unknown,Student and Staff Data,Personal information of students and staff,Internal audit and system review,Hours,"Enhance internal security training, conduct regular audits",5000000,High,N/A,Low,None reported,Internal investigation and external reports,2005-06-02,Improve internal security measures and prevent human error
F-0770,Cisco Router Breach,2005-05-01,Cisco Systems,Network vulnerabilities,Exploited network vulnerabilities in routers,Hackers,Network Infrastructure,Compromise of router network infrastructure,Network monitoring and anomaly detection,Hours,Patch router vulnerabilities and enhance network defenses,2000000,Medium,48 hours,High,None reported,Internal incident response reports,2005-05-02,Strengthen router security and proactive vulnerability scanning
F-0771,Scottrade Data Breach,2005-07-01,Scottrade,Network vulnerabilities,Exploited network vulnerabilities,Hackers,Customer Data,Customer account information exposed,Monitoring systems and intrusion detection,Days,Improve network monitoring and patch vulnerabilities,2000000,Medium,72 hours,Moderate,None reported,Incident reports,2005-07-02,Improve data encryption and incident monitoring
F-0772,LexisNexis Data Breach,2005-03-01,LexisNexis,Network vulnerabilities,Exploited network vulnerabilities,Hackers,Personal Information,"310,000 records compromised",Security breach detection systems,Hours,Enhance security protocols and patch vulnerabilities,2000000,Medium,N/A,Moderate,None reported,Internal investigation,2005-03-02,Strengthen network security and data protection measures
F-0773,Citibank ATM Heist,2005-04-01,Citibank,ATM Network Vulnerabilities,Exploited vulnerabilities in the ATM network,Hackers,ATM Network,"ATM network compromised, funds stolen",ATM monitoring and fraud detection systems,Hours,"Patch vulnerabilities, improve ATM security",2000000,High,48 hours,Moderate,None reported,Incident reports,2005-04-02,Enhance ATM security protocols and real-time monitoring
F-0774,ChoicePoint Data Breach,2005-02-01,ChoicePoint,Social Engineering,Exploited social engineering techniques,Identity Thieves,Personal Information,"145,000 records compromised",Internal security monitoring,Hours,"Enhance customer verification processes, increase employee awareness",350000,High,N/A,High,FTC investigation and fines,External investigation and press reports,2005-02-03,Improve social engineering awareness and security protocols
F-0775,San Diego Data Processing Corporation,2005-04-01,San Diego Data Processing,Insider Threat,Rogue employee,Rogue Employee,Customer Data,Customer data accessed and stolen by insider,Employee monitoring and audits,Hours,Implement stronger internal access controls and employee training,10000000,High,N/A,Moderate,Potential breach of privacy regulations,Internal audit reports,2005-04-02,Strengthen insider threat detection and response measures
F-0776,University of Southern California,2005-06-01,USC,Network vulnerabilities,Exploited network vulnerabilities,Hackers,Student Data,Student personal data exposed,Security breach detection system,Hours,Enhance network security and implement encryption for sensitive data,2000000,Medium,72 hours,High,Potential compliance issues with student data protection laws,Incident response reports,2005-06-02,Increase focus on network security and personal data protection
F-0777,Time Warner Data Breach,2005-03-01,Time Warner,Lost Backup Tapes,Lost physical media containing unencrypted data,Unknown,Customer Data,"600,000 records compromised",Customer notification and investigation,Days,Improve data backup encryption and secure handling processes,2000000,Medium,N/A,High,Potential violation of data protection regulations,Press reports and incident investigation,2005-03-02,Strengthen physical media security and encryption practices
F-0778,MCI Data Breach,2005-10-01,MCI,Network vulnerabilities,Exploited network vulnerabilities,Hackers,Customer Data,Customer data exposed through compromised systems,Network monitoring and alert systems,Hours,"Patch network vulnerabilities, improve security monitoring",5000000,High,72 hours,Moderate,None reported,Incident response reports,2005-10-02,Improve proactive network defense measures
F-0779,Wachovia Bank Phishing Attack,2005-08-01,Wachovia Bank,Phishing Emails,Phishing emails targeting customer accounts,Unknown,Customer Accounts,Sensitive customer account information compromised,Customer reports and internal monitoring,Hours,Improve phishing detection and educate customers about security practices,2000000,Medium,N/A,Moderate,None reported,Incident response and press reports,2005-08-02,Enhance phishing protection and customer awareness programs
F-0780,Pfizer Data Breach,2005-11-01,Pfizer,Network vulnerabilities,Exploited network vulnerabilities,Hackers,Intellectual Property,Intellectual property stolen from the network,Security monitoring systems,Hours,"Strengthen network defense mechanisms, implement encryption",2000000,High,72 hours,High,None reported,Incident response reports,2005-11-02,Enhance intellectual property security and monitoring systems
F-0781,Amazon Data Breach,2005-12-01,Amazon,Network vulnerabilities,Exploited network vulnerabilities,Hackers,Customer Data,Customer personal and payment data exposed,Intrusion detection systems and customer reports,Hours,"Patch vulnerabilities, increase data encryption",2000000,Medium,N/A,Moderate,None reported,Press reports and internal investigation,2005-12-02,Implement stronger protection measures for customer data
F-0782,Polo Ralph Lauren Data Breach,2005-04-01,Polo Ralph Lauren,Network vulnerabilities,Exploited network vulnerabilities,Hackers,Customer Data,Customer payment information compromised,Internal security monitoring,Hours,Upgrade network defenses and improve fraud detection systems,2000000,High,72 hours,Moderate,Potential for consumer protection violations,Incident response reports,2005-04-02,Strengthen data protection measures and enhance internal monitoring
F-0783,SunTrust Bank Data Breach,2005-07-01,SunTrust Bank,Network vulnerabilities,Exploited network vulnerabilities,Hackers,Customer Data,Personal and financial customer data exposed,Security monitoring systems and customer alerts,Hours,"Strengthen security protocols, increase monitoring",2000000,Medium,N/A,High,Potential consumer protection laws violation,Incident response documentation,2005-07-02,Increase focus on preventing data leaks through better security measures
F-0784,MasterCard Data Breach,2005-06-01,MasterCard,Network vulnerabilities,Exploited network vulnerabilities,Hackers,Credit Card Information,40 million card details exposed,Security monitoring and customer complaints,Hours,"Improved fraud detection, card reissue and security measures",2000000,High,N/A,Very High,Financial institutions and compliance authorities involved,Press and internal investigations,2005-06-02,Enhance fraud detection systems and strengthen card security protocols
F-0785,Chevron Data Breach,2005-09-01,Chevron,Network vulnerabilities,Exploited network vulnerabilities,Hackers,Intellectual Property,Sensitive corporate and research data stolen,Security monitoring systems and external alerts,Hours,"Upgrade network defenses, implement stronger encryption",50000000,Medium,N/A,High,None reported,External investigation and press reports,2005-09-02,Reinforce intellectual property protection and network security
F-0786,Delta Airlines Data Breach,2005-12-01,Delta Airlines,Network vulnerabilities,Exploited network vulnerabilities,Hackers,Customer Data,Customer personal information exposed,Security monitoring systems,Hours,"Patch vulnerabilities, enhance security protocols",25000000,High,72 hours,Moderate,Potential consumer protection violations,Press reports and internal incident review,2005-12-02,Improve customer data protection and monitoring systems
F-0787,Boeing Data Breach,2005-10-01,Boeing,Network vulnerabilities,Exploited network vulnerabilities,Hackers,Intellectual Property,Research and design data stolen,Security monitoring and external reports,Hours,Enhance encryption and monitoring protocols,5000000,High,N/A,Moderate,None reported,Press and internal investigation,2005-10-02,Improve network defenses against targeted attacks
F-0788,Capital One Data Breach,2005-11-01,Capital One,Network vulnerabilities,Exploited network vulnerabilities,Hackers,Customer Data,Customer financial and personal data exposed,Intrusion detection systems,Hours,"Patch vulnerabilities, improve customer data security",2000000,High,N/A,Moderate,Consumer protection and financial institution regulations,Press and internal reports,2005-11-02,Strengthen data security measures for financial information
F-0789,Ford Motor Company Data Breach,2005-04-01,Ford Motor Company,Network vulnerabilities,Exploited network vulnerabilities,Hackers,Intellectual Property,Design and manufacturing data stolen,Security monitoring systems,Hours,"Patch vulnerabilities, enhance internal monitoring",5000000,High,N/A,High,None reported,Incident response documentation,2005-04-02,Implement stricter controls for intellectual property protection
F-0790,Intel Data Breach,2005-05-01,Intel,Network vulnerabilities,Exploited network vulnerabilities,Hackers,Intellectual Property,Proprietary research and chip designs exposed,Security monitoring and external alerts,Hours,Strengthen security protocols and internal monitoring,25000000,High,N/A,High,None reported,Press and internal investigations,2005-05-02,Enhance defense systems for proprietary research
F-0791,GM Network Breach,2005-06-01,General Motors,Network vulnerabilities,Exploited network vulnerabilities,Hackers,Intellectual Property,Product designs and manufacturing data stolen,Internal investigation and security monitoring,Hours,Upgrade network defenses and internal monitoring systems,25000000,High,N/A,High,None reported,Incident reports and press releases,2005-06-02,Strengthen intellectual property protection and security monitoring
F-0792,PepsiCo Data Breach,2005-07-01,PepsiCo,Network vulnerabilities,Exploited network vulnerabilities,Hackers,Intellectual Property,Confidential product design data exposed,Security monitoring systems,Hours,Strengthen network defenses and monitor access points,25000000,High,N/A,Low,None reported,Press and internal incident reports,2005-07-02,Enhance data encryption and network defense strategies
F-0793,Adobe Network Breach,2005-08-01,Adobe,Network vulnerabilities,Exploited network vulnerabilities,Hackers,Intellectual Property,Software source code and product designs exposed,Security alerts and internal investigation,Hours,"Patch vulnerabilities, enhance monitoring systems",1000000,High,N/A,Moderate,None reported,Internal reports and media coverage,2005-08-02,Improve intellectual property protection and network security
F-0794,AOL Data Breach,2005-09-01,AOL,Network vulnerabilities,Exploited network vulnerabilities,Hackers,User Data,User email addresses and personal data exposed,Intrusion detection system,Hours,"Update security patches, improve internal controls",5000000,High,N/A,Moderate,Potential consumer protection violations,Press and internal investigation,2005-09-02,Strengthen email security and data protection systems
F-0795,Nokia Data Breach,2005-10-01,Nokia,Network vulnerabilities,Exploited network vulnerabilities,Hackers,Intellectual Property,Mobile phone technology and patents exposed,Security monitoring systems,Hours,Enhance network defenses and encryption,2000000,High,N/A,Moderate,None reported,Press and internal incident reports,2005-10-02,Improve intellectual property protection systems
F-0796,HP Network Breach,2005-11-01,Hewlett-Packard,Network vulnerabilities,Exploited network vulnerabilities,Hackers,Intellectual Property,Research data and proprietary software exposed,Security monitoring systems and external alerts,Hours,"Patch vulnerabilities, strengthen encryption",5000000,High,N/A,High,None reported,Press and internal reports,2005-11-02,Enhance research data protection and internal monitoring
F-0797,Apple Network Breach,2005-12-01,Apple,Network vulnerabilities,Exploited network vulnerabilities,Hackers,Intellectual Property,Product design data and software codes exposed,Intrusion detection and monitoring systems,Hours,"Patch vulnerabilities, enhance internal security protocols",25000000,High,N/A,High,None reported,Press and internal reports,2005-12-02,Strengthen product design security and network defenses
F-0798,Dell Network Breach,2005-01-01,Dell,Network vulnerabilities,Exploited network vulnerabilities,Hackers,Customer Data,Customer personal and financial data exposed,Network monitoring systems,Hours,Patch vulnerabilities and strengthen data encryption,15000000,High,N/A,Moderate,Financial data protection regulations,Internal investigation and press reports,2005-01-02,Enhance customer data protection and network security
F-0799,Oracle Data Breach,2005-02-01,Oracle,Network vulnerabilities,Exploited network vulnerabilities,Hackers,Customer Data,Customer personal and financial information exposed,Internal monitoring and security alert systems,Hours,"Fix vulnerabilities, implement enhanced security monitoring",6000000,High,N/A,Low,Data privacy and consumer protection regulations,Press releases and internal reports,2005-02-02,Increase security monitoring and data encryption measures
F-0800,Samsung Data Breach,2005-03-01,Samsung,Network vulnerabilities,Exploited network vulnerabilities,Hackers,Intellectual Property,Proprietary product designs and technology exposed,Security monitoring systems,Hours,"Strengthen network defenses, enhance encryption",2000000,High,N/A,High,None reported,Press and internal reports,2005-03-02,Improve intellectual property protection and network security
F-0801,LG Data Breach,2005-04-01,LG,Network vulnerabilities,Exploited network vulnerabilities,Hackers,Intellectual Property,Product designs and patents exposed,Security monitoring systems,Hours,"Patch vulnerabilities, enhance internal security",7000000,High,N/A,High,None reported,Internal investigation and press reports,2005-04-02,Strengthen internal security measures for intellectual property
F-0802,IBM Network Breach,"Sunday, 1 May 2005",IBM, ,Network vulnerabilities,Hackers,Intellectual Property, , ,Hours, ,9000000,High, , , , , , 
F-0803,Cisco Network Breach,2005-06-01,Cisco,Network vulnerabilities,Exploited network vulnerabilities,Hackers,Intellectual Property,Product designs and patents exposed,Intrusion detection system,Hours,"Patch vulnerabilities, enhance encryption",5000000,High,N/A,Moderate,None reported,Internal investigation and press reports,2005-06-02,Strengthen product design security and network defenses
F-0804,JP Morgan Chase Data Breach,2005-07-01,JP Morgan Chase,Network vulnerabilities,Exploited network vulnerabilities,Hackers,Financial Data,Banking and financial transaction data exposed,Network security systems and monitoring,Hours,"Patch vulnerabilities, enhance monitoring systems",2000000,High,N/A,Low,Financial industry regulations,Press and internal reports,2005-07-02,Strengthen security protocols and data monitoring
F-0805,BP Data Breach,2005-08-01,BP,Network vulnerabilities,Exploited network vulnerabilities,Hackers,Intellectual Property,Proprietary energy exploration data exposed,Internal investigation and security alerts,Hours,Enhance data security and implement encryption,1000000,High,N/A,Moderate,None reported,Press reports and internal investigation,2005-08-02,Improve energy data protection and internal security
F-0806,Vodafone Data Breach,2005-09-01,Vodafone,Network vulnerabilities,Exploited network vulnerabilities,Hackers,Customer Data,Personal and contact details of millions of customers exposed,Network monitoring systems,Hours,Strengthen network defenses and customer data protection,2000000,High,N/A,High,Data privacy regulations in multiple countries,Press and internal reports,2005-09-02,Improve customer data security and network monitoring
F-0807,Deutsche Telekom Data Breach,2005-10-01,Deutsche Telekom,Network vulnerabilities,Exploited network vulnerabilities,Hackers,Customer Data,Customer personal and billing data exposed,Network security systems,Hours,"Patch vulnerabilities, enhance encryption and monitoring",25000000,High,N/A,High,Data privacy and consumer protection laws,Internal investigation and press reports,2005-10-02,Strengthen data security and customer protection systems
F-0808,T-Mobile Data Breach,2005-11-01,T-Mobile,Network vulnerabilities,Exploited network vulnerabilities,Hackers,Customer Data,Customer personal and billing information exposed,Network monitoring and alerts,Hours,Strengthen network defenses and customer data encryption,10000000,High,N/A,High,None reported,Press reports and internal investigation,2005-11-02,Enhance customer data security and internal defenses
F-0809,ING Group Data Breach,2005-12-01,ING Group,Network vulnerabilities,Exploited network vulnerabilities,Hackers,Financial Data,Customer financial data and transaction history exposed,Network security systems,Hours,Strengthen network security and enhance monitoring systems,10000000,High,N/A,High,Financial industry regulations,Press reports and internal investigation,2005-12-02,Improve financial data protection and network defenses
F-0810,Societe Generale Data Breach,2005-01-01,Societe Generale,Network vulnerabilities,Exploited network vulnerabilities,Hackers,Financial Data,Banking and financial transaction data exposed,Security monitoring systems,Hours,Strengthen network defenses and monitoring,10000000,High,N/A,Moderate,Financial regulations and consumer protection laws,Press reports and internal investigation,2005-01-02,Enhance security for financial data and improve monitoring systems
F-0811,Electronic Arts Data Breach,2005-02-01,Electronic Arts,Network vulnerabilities,Exploited network vulnerabilities,Hackers,User Data,"Personal gaming data, including player profiles and in-game purchases exposed",Intrusion detection systems,Hours,Strengthen network security and implement additional data encryption,2000000,High,N/A,High,None reported,Internal reports and press coverage,2005-02-02,Improve user data protection and security measures for gaming platforms
F-0812,LinkedIn Data Breach,2005-03-01,LinkedIn,Network vulnerabilities,Exploited network vulnerabilities,Hackers,User Data,"User profiles, including personal information, job history, and connections exposed",Security monitoring systems,Hours,"Patch vulnerabilities, enhance security for user data",15500000,High,N/A,High,Data privacy laws,Press reports and internal investigation,2005-03-02,Strengthen user data protection measures and improve detection systems
F-0813,Airbnb Network Breach,2005-04-01,Airbnb,Network vulnerabilities,Exploited network vulnerabilities,Hackers,Customer Data,Customer booking and payment information exposed,Internal monitoring systems,Hours,Enhance network defenses and payment data protection,10000000,High,N/A,Moderate,Data privacy regulations,Press and internal investigation,2005-04-02,"Improve network security, especially for payment systems"
F-0814,Twitter Network Breach,2005-05-01,Twitter,Network vulnerabilities,Exploited network vulnerabilities,Hackers,User Data,"User account details, including tweets and personal information exposed",Intrusion detection and monitoring,Hours,Strengthen network defenses and improve account security,10000000,High,N/A,High,Data privacy regulations,Press and internal investigation,2005-05-02,Improve security measures for social media platforms and user data
F-0815,University of Colorado Data Breach,2005-01-01,University of Colorado,Network vulnerabilities,Exploited network vulnerabilities,Hackers,Student Data,"Student records, including personal and academic information exposed",Internal monitoring systems,Hours,Enhanced cybersecurity measures and data encryption,10000000,High,N/A,Moderate,Compliance with educational data protection laws,Internal reports and press coverage,2005-01-02,Improve security measures for educational institutions
F-0816,San Jose Medical Group Data Breach,2005-02-01,San Jose Medical Group,Network vulnerabilities,Exploited network vulnerabilities,Hackers,Patient Data,"Medical records of 185,000 patients exposed",Security monitoring systems,Hours,Strengthen network security and implement advanced data protection,6000000,High,N/A,High,HIPAA compliance and healthcare data regulations,Press reports and internal investigation,2005-02-02,Ensure stronger security measures for patient data
F-0817,Boston College Data Breach,2005-03-01,Boston College,Network vulnerabilities,Exploited network vulnerabilities,Hackers,Student Data,"Student records, including personal, academic, and financial data exposed",Internal security monitoring,Hours,Improve network defenses and student data encryption,10000000,High,N/A,High,Educational data protection regulations,Press coverage and internal investigation,2005-03-02,Enhance cybersecurity for higher education institutions
F-0818,Ameriprise Financial Data Breach,2005-04-01,Ameriprise Financial,Network vulnerabilities,Exploited network vulnerabilities,Hackers,Customer Data,"Customer financial data, including account details and transactions",Intrusion detection systems,Hours,Implement stronger encryption and network security measures,20000000,High,N/A,Severe,Financial data protection regulations,Internal reports and public statements,2005-04-02,Improve financial data protection and breach response measures
F-0819,Ameritrade Data Breach,2005-05-01,Ameritrade,Network vulnerabilities,Exploited network vulnerabilities,Hackers,Customer Data,"Customer records, including financial data and transaction history exposed",Network intrusion monitoring,Hours,Enhance network security and protect customer data,25000000,High,N/A,High,Financial data privacy laws,Press coverage and internal investigation,2005-05-02,Strengthen customer data protection and breach response protocols
F-0820,California State University Data Breach,2005-06-01,California State University,Network vulnerabilities,Exploited network vulnerabilities,Hackers,Student Data,"59,000 student records, including personal and academic information",Network security monitoring,Hours,Improved network security measures and stronger encryption,20000000,High,N/A,Moderate,Compliance with education data protection laws,Internal investigation,2005-06-02,Enhance cybersecurity protocols for academic institutions
F-0821,ChoicePoint Data Breach,2005-02-01,ChoicePoint,Social Engineering,Manipulated employees to gain unauthorized access,Identity Thieves,Personal Information,"145,000 personal records, including sensitive identity data",Audit of system anomalies,Hours,Enhanced employee training and stricter access controls,25000000,High,N/A,High,Data privacy laws compliance,Public and internal reports,2005-02-03,Implement robust identity verification protocols
F-0822,LexisNexis Data Breach,2005-03-01,LexisNexis,Network vulnerabilities,Exploited network vulnerabilities,Hackers,Personal Information,"310,000 personal records, including sensitive and legal information",Security monitoring,Hours,Strengthened network defenses and updated security policies,25000000,High,N/A,Severe,Compliance with privacy protection regulations,Public statements and investigations,2005-03-03,Improve threat detection and response mechanisms
F-0823,Bank of America Data Breach,2005-06-01,Bank of America,Network vulnerabilities,Exploited network vulnerabilities,Hackers,Customer Data,"Customer financial data, including account information and transactions",Intrusion detection systems,Hours,Enhanced encryption and monitoring of financial systems,10000000,High,N/A,High,Financial data protection and compliance,Internal reports and media coverage,2005-06-03,Strengthen monitoring and customer data protection measures
F-0824,US Bank Data Breach,2005-01-01,US Bank,Insider Threat,Unauthorized access by rogue employee,Rogue Employee,Customer Data,"Customer financial records, including account balances and transactions",Employee activity audit,Hours,Enhanced employee oversight and access control measures,25000000,High,N/A,High,Financial regulations compliance,Internal investigation,2005-01-04,Implement stronger internal controls and employee monitoring
F-0825,T-Mobile Network Breach,2005-09-01,T-Mobile,Network vulnerabilities,Exploited network vulnerabilities,Hackers,Customer Data,"Customer account details, including personal and service data",Security systems monitoring,Hours,Improved encryption and network defense mechanisms,20000000,High,N/A,Moderate,Telecom data protection compliance,Press coverage and company statements,2005-09-03,Enhance cybersecurity practices and improve data protection
F-0826,Pfizer Data Breach,2005-11-01,Pfizer,Network vulnerabilities,Unsecured network infrastructure,Hackers,Intellectual Property,Confidential research and proprietary information,"Intrusion detection system, incident reporting",Hours,"Secured network infrastructure, deployed advanced monitoring tools",15000000,High,16 hours,High,Potential IP theft litigation,"Internal investigation, cybersecurity audit",2005-11-15,"Enhance IP security protocols, strengthen network perimeter defenses, conduct regular cybersecurity audits"
F-0827,Cisco IOS Source Code Leak,2005-05-01,Cisco Systems,Insider Threat,Weak access controls and monitoring,Former Employee,Source Code,Cisco IOS Source Code,"Code leak discovered online, internal investigation",Hours,"Enhanced access control policies, insider threat detection systems",30000000,High,"None (source code exposure, not operational disruption)",High,Potential legal action and increased scrutiny from clients,"Leak reports, forensic investigation",2005-06-15,"Improve internal access policies, conduct regular audits, strengthen insider threat management"
F-0828,United Parcel Service Data Breach,2005-12-01,United Parcel Service,Network vulnerabilities,Unpatched systems,Hackers,Customer Data,Customer contact and delivery details,"Security monitoring tools, customer complaints",Hours,"Patching systems, improving endpoint security, customer notification",20000000,High,12 hours,Moderate,Customer privacy compliance review,"Internal security logs, forensic analysis",2005-12-20,"Timely patch management, enhance customer data protection strategies"
F-0829,MySpace Phishing Attack,2005-02-01,MySpace,Phishing Emails,User susceptibility to phishing scams,Unknown,User Accounts,Login credentials,"Reports from affected users, monitoring anomalies",Hours,"User education campaigns, enhanced email filtering",10000000,High,None (platform operational but user risk persisted),High,User privacy investigations,"User reports, security analysis",2005-02-28,"Strengthen phishing awareness, implement multifactor authentication"
F-0830,CardSystems Solutions Data Breach,2005-06-01,CardSystems Solutions,Network vulnerabilities,Unsecured database,Hackers,Credit Card Information,40 million card details exposed,"Payment anomalies, audit findings",Hours,"Database encryption, enhanced intrusion detection systems",30000000,High,72 hours,Severe,"PCI compliance review, fines","Audit reports, third-party investigation",2005-07-30,"Adopt stricter PCI DSS compliance, enforce real-time transaction monitoring"
F-0831,Sun Microsystems Data Breach,2005-08-01,Sun Microsystems,Network vulnerabilities,Outdated network infrastructure,Hackers,Intellectual Property,Proprietary software and research,Unusual outbound data traffic detected,Hours,"Reinforced firewalls, implemented advanced threat detection",50000000,High,None (data exfiltration without operational impact),High,Potential IP theft litigation,"Network traffic logs, forensic analysis",2005-09-15,"Enhance network segmentation, prioritize IP security, adopt zero-trust architecture"
F-0832,Bank of America ATM Heist,2005-03-01,Bank of America,ATM Network Vulnerabilities,Weak network encryption and authentication,Hackers,ATM Network,"None, funds stolen directly",Unusual ATM transaction patterns,Hours,"Strengthened encryption protocols, real-time fraud detection systems",30000000,High,6 hours for affected ATMs,Moderate,Review by financial oversight bodies,"Transaction logs, forensic investigation",2005-03-15,"Implement end-to-end encryption, regularly audit ATM network security"
F-0833,Time Warner Data Breach,2005-03-01,Time Warner,Lost Backup Tapes,Physical security lapses,Unknown,Backup Tapes,Customer Data,Inventory reconciliation,Hours,"Encryption of backup tapes, enhanced physical security protocols",350000,High,"None (data loss, not operational impact)",High,Potential privacy law penalties,Internal audit reports,2005-03-31,"Enforce encryption on all stored data, adopt secure transportation for backups"
F-0834,TJX Data Breach,2005-12-01,TJX Companies,Network vulnerabilities,Weak wireless network encryption,Hackers,Customer Data,94 million records,Anomalous database access detected,Hours,"Upgrade to WPA2 encryption, improve access controls",60000000,High,48 hours for remediation,Severe,"Class-action lawsuits, regulatory fines",External forensic audit,2006-02-28,"Adopt strong encryption standards, conduct regular network security reviews"
F-0835,Polo Ralph Lauren Data Breach,2005-04-01,Polo Ralph Lauren,Network vulnerabilities,Unpatched web servers,Hackers,Customer Data,Payment information of customers,Unusual payment processor logs,days,"Patching systems, replacing vulnerable software, notifying customers",20000000,High,24 hours,Moderate,PCI compliance investigation,"Third-party audit, internal investigation",2005-05-15,"Maintain current patches, enforce regular vulnerability assessments"
F-0836,Scottrade Data Breach,2005-07-01,Scottrade,Network vulnerabilities,Database misconfigurations,Hackers,Customer Data,Account details of customers,Intrusion detection systems flagged abnormal activity,Hours,"Database reconfiguration, customer communication, enhanced network monitoring",30000000,High,36 hours,High,Potential SEC investigations,"Forensic analysis, customer reports",2005-07-30,"Harden database security, implement continuous monitoring for anomalies"
F-0837,Boeing Data Breach,2005-10-01,Boeing,Network vulnerabilities,Insecure system configurations,Hackers,Intellectual Property,Proprietary aerospace designs,Intrusion detection system alerts,Hours,"Patch critical systems, improve network segmentation",20000000,High,48 hours,Moderate,Government security review,"Forensic analysis, internal audit",2005-10-31,"Implement advanced threat detection, regularly test defenses"
F-0838,Citibank Data Breach,2005-02-01,Citibank,Network vulnerabilities,Weak authentication mechanisms,Hackers,Customer Accounts,Customer financial data,Anomalous account activity flagged by systems,Hours,"Enhance authentication, strengthen database security",25000000,High,12 hours,High,"Compliance reviews, financial penalties",External investigation,2005-03-01,"Adopt multi-factor authentication, enforce access controls"
F-0839,ExxonMobil Network Breach,2005-03-01,ExxonMobil,Network vulnerabilities,Legacy systems with unpatched flaws,Hackers,Intellectual Property,Energy exploration data,Proactive threat hunting,Hours,"Upgrade infrastructure, conduct routine vulnerability scans",30000000,High,36 hours,Moderate,Energy sector security evaluations,"Incident reports, external audit",2005-03-31,"Deploy comprehensive endpoint protection, prioritize updates"
F-0840,Amazon Data Breach,2005-12-01,Amazon,Network vulnerabilities,Improper API security,Hackers,Customer Data,"Customer names, addresses, and order histories",API monitoring flagged unusual patterns,Hours,"Strengthen API authentication, limit data exposure",30000000,High,8 hours,High,Privacy investigations,"Customer reports, internal investigation",2005-12-15,"Improve API security protocols, invest in continuous monitoring"
F-0841,Wachovia Bank Phishing Attack,2005-08-01,Wachovia Bank,Phishing Emails,User susceptibility to social engineering,Unknown,Customer Accounts,Bank account credentials,Customer complaints about fraudulent activity,Hours,"Educate users, deploy anti-phishing software",15000000,High,None (operationally unaffected),Moderate,Banking sector compliance review,"Fraud analysis, phishing site takedowns",2005-08-15,"Promote awareness, implement robust fraud detection systems"
F-0842,Capital One Data Breach,2005-11-01,Capital One,Network vulnerabilities,Misconfigured web application firewall,Hackers,Customer Data,Customer personal and financial details,Anomalous network activity detected,Hours,"Fix firewall configurations, review access policies",30000000,High,24 hours,Moderate,Financial sector compliance review,"External audit, internal forensic investigation",2005-11-30,"Conduct regular configuration reviews, enforce least privilege principles"
F-0843,Delta Airlines Data Breach,2005-12-01,Delta Airlines,Network vulnerabilities,Insufficient endpoint protection,Hackers,Customer Data,"Passenger information, travel records",Endpoint detection and response (EDR) alerts,Hours,"Enhance endpoint protection, deploy security patches",10000000,High,16 hours,High,Data protection investigations,"External consultancy review, threat intelligence reports",2005-12-20,"Upgrade endpoint security solutions, improve threat intelligence integration"
F-0844,Citigroup Data Breach,2005-04-01,Citigroup,Network vulnerabilities,Unpatched system software,Hackers,Financial Data,"Transaction histories, account details",Log analysis revealed unauthorized access,Hours,"Update systems, restrict admin privileges",25000000,Medium,20 hours,Moderate,Banking compliance reviews,Internal risk assessment,2005-04-15,"Automate patch management, conduct regular security audits"
F-0845,MasterCard Data Breach,2005-06-01,MasterCard,Network vulnerabilities,Weak encryption protocols,Hackers,Credit Card Information,40 million card details exposed,Credit card fraud spikes,Hours,"Upgrade encryption, conduct card reissuance",10000000,High,None (transactions continued),High,Payment card industry (PCI) compliance investigation,"External forensic analysis, customer reports",2005-06-30,"Enhance encryption standards, improve fraud detection systems"
F-0846,Chevron Data Breach,2005-09-01,Chevron,Network vulnerabilities,Outdated security protocols,Hackers,Intellectual Property,Exploration and drilling research data,Unusual data transfer activity,Hours,"Update security systems, enhance access controls",10000000,Medium,12 hours,Moderate,Energy sector cybersecurity review,"Threat intelligence reports, internal review",2005-09-15,"Strengthen network security, prioritize asset monitoring"
F-0847,SunTrust Bank Data Breach,2005-07-01,SunTrust Bank,Network vulnerabilities,Unsecured database,Hackers,Customer Data,"Account details, personal information",Unusual database access patterns,Hours,"Secure database configurations, enhance access monitoring",10000000,Medium,14 hours,Moderate,Financial sector compliance investigations,"Internal forensic investigation, customer reports",2005-07-15,"Strengthen database security, conduct regular vulnerability scans"
F-0848,GM Network Breach,2005-06-01,General Motors,Network vulnerabilities,Inadequate firewall rules,Hackers,Intellectual Property,Proprietary design and production data,Traffic anomaly detection,Hours,"Strengthen firewall configurations, enhance network monitoring",1000000,Medium,10 hours,Low,Automotive industry compliance check,"Threat intelligence, internal investigation",2005-06-20,"Improve firewall rules, enhance cybersecurity awareness"
F-0849,Intel Data Breach,2005-05-01,Intel,Network vulnerabilities,Weak VPN security,Hackers,Intellectual Property,Chip design blueprints,VPN access anomaly,Hours,"Upgrade VPN security, enforce multifactor authentication",10000000,Menimal,8 hours,Low,None,"Internal investigation, log analysis",2005-05-15,"Improve VPN security, enforce strict access controls"
F-0850,Ford Motor Company Data Breach,2005-04-01,Ford Motor Company,Network vulnerabilities,Outdated system software,Hackers,Intellectual Property,Vehicle prototype designs,System integrity checks,Hours,"Apply critical software updates, improve access monitoring",14000000,Medium,18 hours,Moderate,Automotive industry data protection review,"External forensic analysis, internal logs",2005-04-20,"Upgrade legacy systems, enhance monitoring processes"
F-0851,Adobe Network Breach,2005-08-01,Adobe,Network vulnerabilities,Inadequate patching of web applications,Hackers,Intellectual Property,Software source codes,Web application monitoring,Hours,"Patch web applications, restrict access",10000000,High,12 hours,High,Tech sector compliance audit,"Third-party forensic team, internal review",2005-08-25,"Improve web application security, implement regular patch management"
F-0852,AOL Data Breach,2005-09-01,AOL,Network vulnerabilities,Weak authentication mechanisms,Hackers,User Data,User account credentials,Account compromise reports,Hours,"Strengthen authentication, reset compromised accounts",10000000,High,16 hours,Moderate,None,"Internal logs, user complaints",2005-09-20,"Enforce strong authentication, improve user awareness"
F-0853,Nokia Data Breach,2005-10-01,Nokia,Network vulnerabilities,Unpatched server software,Hackers,Intellectual Property,Product development blueprints,Anomalous data transfer detection,Hours,"Apply software patches, improve network access controls",10000000,Medium,10 hours,Moderate,None,"Internal forensic team, external audit",2005-10-20,"Improve patch management, enhance monitoring systems"
F-0854,HP Network Breach,2005-11-01,Hewlett-Packard,Network vulnerabilities,Misconfigured access permissions,Hackers,Intellectual Property,Proprietary software code,Access anomaly monitoring,Hours,"Restrict access permissions, update access policies",10000000,Medium,12 hours,High,None,"Third-party cybersecurity analysis, internal review",2005-11-25,"Enhance access controls, conduct regular security audits"
F-0855,Apple Network Breach,2005-12-01,Apple,Network vulnerabilities,Weak intrusion detection systems,Hackers,Intellectual Property,Software and hardware designs,System anomaly detection,Hours,"Implement stronger IDS/IPS systems, strengthen encryption",10000000,Medium,8 hours,Moderate,Tech industry compliance audit,"Internal logs, forensic investigation",2005-12-20,"Enhance IDS/IPS systems, conduct periodic penetration testing"
F-0856,Dell Network Breach,2005-01-01,Dell,Network vulnerabilities,Insufficient endpoint security,Hackers,Customer Data,User accounts and financial details,Customer reports of fraudulent activity,Hours,"Enhance endpoint protection, reset compromised accounts",10000000,Medium,12 hours,Moderate,Financial sector compliance investigation,"Internal security audit, customer feedback",2005-01-15,"Strengthen endpoint security, improve incident response protocols"
F-0857,Oracle Data Breach,2005-02-01,Oracle,Network vulnerabilities,Unencrypted data transfers,Hackers,Customer Data,Customer account details,Traffic monitoring,Hours,"Enforce encryption policies, restrict data flow",6000000,Medium,8 hours,Moderate,Financial sector compliance check,"Internal monitoring, external threat intelligence",2005-02-20,"Mandate data encryption, review data handling protocols"
F-0858,Samsung Data Breach,2005-03-01,Samsung,Network vulnerabilities,Weak database security,Hackers,Intellectual Property,Product designs and R&D data,Database monitoring tools,Hours,"Strengthen database encryption, enforce multi-factor authentication",8000000,Medium,10 hours,Low,None,"Internal investigation, third-party forensic team",2005-03-15,"Enhance database security, improve R&D data handling"
F-0859,LG Data Breach,2005-04-01,LG,Network vulnerabilities,Unpatched software,Hackers,Intellectual Property,Product development information,System intrusion alerts,Hours,"Apply software patches, restrict access to development data",10000000,High,6 hours,Moderate,None,"Internal security team, external audit",2005-04-15,"Improve patch management processes, enhance access controls"
F-0860,IBM Network Breach,2005-05-01,IBM,Network vulnerabilities,Unprotected network ports,Hackers,Intellectual Property,Proprietary software code,Network intrusion detection systems,Hours,"Close unprotected ports, enhance firewall rules",1000000,Medium,4 hours,High,None,"Network logs, internal investigations",2005-05-10,"Strengthen network access controls, conduct regular vulnerability scans"
F-0861,Cisco Network Breach,2005-06-01,Cisco,Network vulnerabilities,Unpatched system flaws,Hackers,Intellectual Property,Confidential product development data,Network traffic monitoring,Hours,"Install security patches, restrict access to internal systems",19000000,Medium,2 hours,Low,None,"Incident reports, internal IT team",2005-06-10,"Improve patch management, enhance network monitoring tools"
F-0862,JP Morgan Chase Data Breach,2005-07-01,JP Morgan Chase,Network vulnerabilities,Weak access controls,Hackers,Financial Data,Bank account details and transactions,Fraud detection systems,Hours,"Strengthen authentication mechanisms, monitor transactions more closely",10000000,Medium,12 hours,High,Financial compliance review,"Internal security logs, external investigation",2005-07-15,"Improve access control systems, enhance fraud detection measures"
F-0863,BP Data Breach,2005-08-01,BP,Network vulnerabilities,Unsecured database connections,Hackers,Intellectual Property,Internal financial projections and proprietary data,Database monitoring tools,Hours,"Secure database connections, implement stronger encryption",10000000,Medium,6 hours,Moderate,None,"Database logs, incident report",2005-08-20,"Enhance database security, use stronger encryption protocols"
F-0864,Vodafone Data Breach,2005-09-01,Vodafone,Network vulnerabilities,Exploited VPN weakness,Hackers,Customer Data,Customer account and billing information,"Customer complaints, monitoring systems",Hours,"Improve VPN security, notify affected customers",10000000,High,10 hours,High,Data protection regulation compliance,"Customer feedback, security audit",2005-09-15,"Enhance VPN security, establish better customer communication protocols"
F-0865,AOL Data Breach,2004-01-01,AOL,Network vulnerabilities,Unpatched software vulnerabilities,Hackers,User Data,User account information,"User complaints, system alerts",Hours,"Patch vulnerabilities, enhance user authentication methods",67000000,Medium,5 hours,High,None,"Internal incident report, security audit",2004-01-15,"Improve vulnerability management, enhance user verification protocols"
F-0866,eBay Data Breach,2004-02-01,eBay,Network vulnerabilities,SQL injection attack,Hackers,User Data,Customer payment details,Intrusion detection systems,Hours,"Patch database vulnerabilities, improve data encryption",10000000,Medium,12 hours,Severe,"Financial industry regulations, consumer protection","Security logs, external forensic report",2004-02-15,"Strengthen database security, ensure better encryption practices"
F-0867,University of Texas Data Breach,2004-03-01,University of Texas,Network vulnerabilities,Unpatched software,Hackers,Student Data,Student records,Network monitoring,Hours,"Patch vulnerabilities, limit network access",10000000,High,4 hours,Moderate,None,"Internal security logs, external investigation",2004-03-10,"Enhance software patching processes, improve access controls"
F-0868,Bank of America Data Breach,2004-04-01,Bank of America,Network vulnerabilities,Weak authentication systems,Hackers,Customer Data,Customer account details,Fraud detection systems,Hours,"Implement stronger authentication methods, monitor account activity",15000000,Medium,8 hours,Moderate,Compliance with financial industry regulations,"Internal security team, external audit",2004-04-10,"Strengthen authentication processes, enhance fraud monitoring systems"
F-0869,Citibank Phishing Attack,2004-05-01,Citibank,Phishing Emails,Customer susceptibility to phishing,Unknown,Customer Accounts,Customer financial details,"Customer complaints, internal monitoring",Hours,"User education, implement email filtering, stronger security measures",15000000,Medium,3 hours,High,None,"Incident reports, fraud alerts",2004-05-10,"Improve phishing awareness, implement better email security tools"
F-0870,T-Mobile Data Breach,2004-06-01,T-Mobile,Network vulnerabilities,Unpatched system vulnerabilities,Hackers,Customer Data,Customer account and billing information,Network intrusion detection systems,Hours,"Patch vulnerabilities, limit access to sensitive data",10000000,High,6 hours,Moderate,Data protection compliance,"Internal security team, external audits",2004-06-10,"Improve patch management, enhance network security protocols"
F-0871,IBM Data Breach,2004-07-01,IBM,Network vulnerabilities,Unpatched system vulnerabilities,Hackers,Intellectual Property,Research and proprietary data,Security monitoring systems,Hours,"Patch vulnerabilities, increase encryption",2000000,Medium,4 hours,Moderate,None,Internal incident reports,2004-07-10,"Enhance vulnerability management processes, improve data protection"
F-0872,Pfizer Data Breach,2004-08-01,Pfizer,Network vulnerabilities,Unpatched software,Hackers,Intellectual Property,Research and development data,Routine system checks,Hours,"Patch software, strengthen access controls",25000000,Medium,3 hours,Low,None,"Security logs, internal audit",2004-08-10,"Improve patching schedules, restrict access to critical data"
F-0873,NASA Data Breach,2004-09-01,NASA,Network vulnerabilities,Exploited unpatched vulnerabilities,Hackers,Research Data,Sensitive research and mission data,Intrusion detection system,Hours,"Implement patch management, enhance system monitoring",2000000,Medium,16 hours,High,Potential loss of government contracts,"Forensic investigation, security team",2004-09-15,Enhance system security and monitoring tools
F-0874,Wells Fargo Phishing Attack,2004-10-01,Wells Fargo,Phishing Emails,Customer susceptibility to phishing,Unknown,Customer Accounts,Customer financial information,"Customer complaints, internal fraud alerts",Hours,"Improve email security, increase user education",25000000,Medium,2 hours,Moderate,None,Internal investigation,2004-10-10,"Increase phishing awareness campaigns, strengthen email filtering"
F-0875,Delta Airlines Data Breach,2004-11-01,Delta Airlines,Network vulnerabilities,Unpatched vulnerabilities,Hackers,Customer Data,Customer reservation and personal data,Internal security monitoring,Hours,"Patch vulnerabilities, strengthen user verification systems",25000000,Medium,8 hours,High,None,"Security logs, external forensics",2004-11-15,"Improve patch management, enhance customer data protection"
F-0876,Cisco IOS Source Code Leak,2004-12-01,Cisco Systems,Insider Threat,Insider leak of sensitive source code,Former Employee,Source Code,Confidential Cisco IOS source code,Internal monitoring and whistleblower report, day,"Conduct internal security reviews, strengthen insider threat controls",2000000,Medium,None,High,Potential violation of trade secrets protection laws,"Internal audit, external investigation",2004-12-10,"Tighten access to sensitive materials, improve employee exit processes"
F-0877,Boston College Network Breach,2004-01-01,Boston College,Network vulnerabilities,Unpatched system vulnerabilities,Hackers,Student Data,Student personal information,Security monitoring system,Hours,"Apply patches, strengthen network security",1000000,Medium,4 hours,Moderate,None,Internal incident reports,2004-01-10,Improve vulnerability management and network defenses
F-0878,LexisNexis Data Breach,2004-02-01,LexisNexis,Network vulnerabilities,Unpatched vulnerabilities,Hackers,Personal Information,"310,000 records of personal information",Security monitoring and anomaly detection,Hours,"Patch vulnerabilities, enhance access control",25000000,High,3 hours,Moderate,None,Forensic investigation,2004-02-10,Strengthen network security and employee training
F-0879,University of Southern California Data Breach,2004-03-01,USC,Network vulnerabilities,Unpatched vulnerabilities,Hackers,Student Data,Sensitive student data,Routine system checks,Hours,"Improve system patching, enforce encryption",25000000,Medium,12 hours,High,None,Security audit,2004-03-15,Enhance patching and monitoring systems
F-0880,San Diego Data Processing Corporation Insider Threat,2004-04-01,San Diego Data Processing Corporation,Insider Threat,Malicious actions by rogue employee,Rogue Employee,Customer Data,Customer personal data,"Employee report, internal investigation",day,"Conduct thorough background checks, monitor employee activity",10000000,Medium,None,High,Potential regulatory fines for data misuse,Internal investigation and forensics,2004-04-10,Tighten access controls and internal security procedures
F-0881,ChoicePoint Data Breach,2004-05-01,ChoicePoint,Social Engineering,Identity Thieves using social engineering,Identity Thieves,Personal Information,"145,000 records of personal information",Customer notification and investigation,Hours,"Improve verification procedures, strengthen security",2000000,Medium,None,High,None,Internal investigation,2004-05-10,Enhance customer verification and fraud prevention mechanisms
F-0882,Time Warner Data Breach,2004-06-01,Time Warner,Lost Backup Tapes,Physical loss of backup tapes,Unknown,Customer Data,"600,000 records of customer data",Routine inventory check, week,"Improve physical security, encrypt backup tapes",25000000,Medium,None,Moderate,None,Internal audits,2004-06-10,Tighten security for backup storage and physical access
F-0883,MCI Data Breach,2004-07-01,MCI,Network vulnerabilities,Unpatched network vulnerabilities,Hackers,Customer Data,Customer personal and billing information,Network monitoring tools,Hours,"Update security systems, enhance access controls",25000000,Medium,4 hours,High,Potential fines and regulatory scrutiny,Internal reports,2004-07-15,Increase vulnerability scanning and network security measures
F-0884,Wachovia Bank Phishing Attack,2004-08-01,Wachovia Bank,Phishing Emails,Phishing emails tricking customers,Unknown,Customer Accounts,Customer account credentials and personal details,Customer complaints and internal monitoring,Hours,"Email filtering, customer awareness programs",2000000,Medium,None,High,Potential consumer protection actions,Internal investigation,2004-08-15,Improve phishing detection systems and customer education
F-0885,Electronic Arts Data Breach,2004-09-01,Electronic Arts,Network vulnerabilities,Unpatched system vulnerabilities,Hackers,User Data,User personal information,Security system alerts,Hours,"Patch vulnerabilities, strengthen data encryption",2000000,High,3 hours,Moderate,None,Internal security reports,2004-09-10,Focus on system patching and user data protection
F-0886,LinkedIn Data Breach,2004-10-01,LinkedIn,Network vulnerabilities,Unpatched security flaws,Hackers,User Data,User profiles and connection data,Network security alerts,Hours,"Enhance user authentication, apply security patches",25000000,Medium,None,Moderate,None,Forensic investigation,2004-10-15,Increase focus on patch management and user data protection
F-0887,Airbnb Network Breach,2004-11-01,Airbnb,Network vulnerabilities,Unpatched system vulnerabilities,Hackers,Customer Data,Customer personal and booking data,Security breach alerts,Hours,"Patch vulnerabilities, improve system monitoring",25000000,High,6 hours,High,Potential regulatory fines and legal action,Internal investigation,2004-11-15,Strengthen security testing and network defense mechanisms
F-0888,Twitter Network Breach,2004-12-01,Twitter,Network vulnerabilities,Unpatched security vulnerabilities,Hackers,User Data,User personal and account data,Internal security monitoring,Hours,"Improve vulnerability scanning, encryption protocols",20000000,Medium,None,High,Potential consumer protection investigations,Incident logs and security reports,2004-12-10,Improve proactive network security measures and response times
F-0889,Dropbox Data Breach,2004-01-01,Dropbox,Network vulnerabilities,Unpatched network vulnerabilities,Hackers,User Data,User personal data and files,Internal security monitoring,Hours,"Security patching, user data encryption",25000000,Medium,None,High,None,Security reports,2004-01-10,Increase focus on vulnerability patching and data encryption
F-0890,Facebook Data Breach,2004-02-01,Facebook,Network vulnerabilities,Unpatched vulnerabilities in systems,Hackers,User Data,User profile information and personal details,Intrusion detection system alerts,Hours,"Enhanced security scanning, patching vulnerabilities",1000000,Medium,None,High,Consumer protection investigations,Incident logs and internal investigation,2004-02-15,Improve patch management and system monitoring
F-0891,Google Data Breach,2004-03-01,Google,Network vulnerabilities,Exploited flaws in server security,Hackers,User Data,Limited user data,Automated security alert system,Hours,"Security updates, improved monitoring",10000000,High,None,Low,None,Internal analysis,2004-03-10,Increase system security monitoring
F-0892,Microsoft Data Breach,2004-04-01,Microsoft,Network vulnerabilities,Exploited internal network vulnerability,Hackers,Intellectual Property,Company code and internal documents,Security breach detection system,Hours,"Patching systems, data encryption",10000000,High,4 hours,Moderate,Potential regulatory review,Internal audit,2004-04-10,Improve internal security protocols
F-0893,Yahoo Data Breach,2004-05-01,Yahoo,Network vulnerabilities,Unpatched system vulnerabilities,Hackers,User Data,User emails and personal data,Suspicious activity alerts,Hours,"Apply patches, monitor user data access",21000000,Medium,None,Moderate,Possible regulatory scrutiny,Internal investigation,2004-05-10,Strengthen patch management and monitoring
F-0894,Amazon Data Breach,2004-06-01,Amazon,Network vulnerabilities,Exploited network vulnerabilities,Hackers,Customer Data,Customer payment and personal information,Automated breach detection system,Hours,Enhanced network monitoring and data protection,15000000,Medium,5 hours,High,Potential fines and investigations,Forensic investigation,2004-06-10,Improve breach detection and encryption methods
F-0895,Intel Data Breach,2004-01-07,Intel,Network vulnerabilities,Unpatched network vulnerabilities,Hackers,Intellectual Property,Company source code and research,Automated intrusion detection system,Hours,"Security patching, improved monitoring",25000000,High,None,Moderate,None,Internal reports,2004-01-15,Strengthen internal security protocols
F-0896,Apple Data Breach,2004-01-08,Apple,Network vulnerabilities,Exploited unpatched security flaws,Hackers,Intellectual Property,Company product designs and plans,Security alerts from internal systems,Hours,"Immediate patching, network segmentation",25000000,High,None,High,Possible investigation,Incident logs,2004-02-01,Improve vulnerability management and monitoring
F-0897,Hewlett-Packard Data Breach,2004-01-09,Hewlett-Packard,Network vulnerabilities,Security flaws in network infrastructure,Hackers,Intellectual Property,Product designs and confidential documents,External breach monitoring service,Hours,"Network fortification, encryption",5000000,High,None,High,None,Forensic investigation,2004-09-15,Improve incident detection and data protection
F-0898,Oracle Data Breach,2004-01-10,Oracle,Network vulnerabilities,Unpatched software vulnerability,Hackers,Customer Data,Customer personal and billing information,Customer complaints and system alerts,Hours,"Patching systems, customer notification",25000000,High,None,Moderate,None,Internal investigation,2004-10-10,Increase system patching frequency
F-0899,Samsung Data Breach,2004-01-11,Samsung,Network vulnerabilities,Weakness in internal systems,Hackers,Intellectual Property,Product designs and software code,Internal breach detection system,Hours,Enhanced encryption and security audits,25000000,High,None,High,None,Security logs,2004-11-15,Focus on internal security reviews
F-0900,LG Data Breach,2004-01-12,LG,Network vulnerabilities,Exploited network infrastructure vulnerabilities,Hackers,Intellectual Property,Company product designs and specifications,Intrusion detection system alerts,Hours,"Reinforced network security, encryption",10000000,High,None,High,None,Incident response documentation,2004-12-15,Improve proactive security measures and response times
F-0901,Sony Data Breach,2004-01-01,Sony,Network vulnerabilities,Unpatched network flaws,Hackers,Intellectual Property,Product designs and business plans,Automated intrusion detection system,Hours,Patching and improved firewall security,3000000,High,None,Moderate,None,Internal investigation,2004-01-15,Strengthen vulnerability management and monitoring
F-0902,Panasonic Data Breach,2004-01-02,Panasonic,Network vulnerabilities,Exploited unpatched vulnerabilities,Hackers,Intellectual Property,Product research and development data,Internal security monitoring,Hours,System patches and network security upgrade,6000000,Medium,None,Moderate,None,Incident logs,2004-02-15,Enhance patch management procedures
F-0903,Siemens Data Breach,2004-01-03,Siemens,Network vulnerabilities,Exploited weak access control measures,Hackers,Intellectual Property,Technical designs and confidential information,Automated breach detection system,Hours,Security patching and stronger authentication,25000000,Medium,None,Moderate,None,Incident reports,2004-03-15,Strengthen authentication mechanisms
F-0904,Dell Data Breach,2004-01-04,Dell,Network vulnerabilities,Weakness in network infrastructure,Hackers,Customer Data,Personal and financial information of customers,External breach detection service,Hours,"Enhanced data encryption, firewall upgrades",8000000,Medium,None,High,None,Forensic investigation,2004-04-15,Improve proactive breach detection and response
F-0905,Xerox Data Breach,2004-01-05,Xerox,Network vulnerabilities,Exploited unpatched security flaws,Hackers,Customer Data,Sensitive customer information,Incident response system alerts,Hours,"Patching systems, encrypted communications",9000000,Medium,None,Moderate,None,Security logs,2004-05-15,Review internal patching and monitoring processes
F-0906,SAP Data Breach,2004-01-06,SAP,Network vulnerabilities,Weak network security measures,Hackers,Customer Data,Customer transaction and billing details,Internal monitoring and external reports,Hours,"Patching, enhanced monitoring, and audits",9000000,Medium,None,High,None,Incident reports and logs,2004-06-15,Tighten network security and improve breach detection
F-0907,Accenture Data Breach,2004-01-07,Accenture,Network vulnerabilities,Unpatched network vulnerabilities,Hackers,Client Data,Confidential client information,Security monitoring tools,Hours,Security patching and enhanced firewalls,10000000,Medium,None,Moderate,None,Internal investigation,2004-07-15,Enhance vulnerability management
F-0908,Unisys Data Breach,2004-01-08,Unisys,Network vulnerabilities,Exploited network flaws,Hackers,Customer Data,Sensitive customer information,Network monitoring system,Hours,Patching systems and adding intrusion detection,11000000,Medium,None,Moderate,None,Internal security logs,2004-08-15,Strengthen monitoring and patch management
F-0909,AT&T Data Breach,2004-01-09,AT&T,Network vulnerabilities,Weak security protocols,Hackers,Customer Data,Personal and billing data,Internal security system alert,Hours,Improved network security and encryption,9000000,Medium,None,High,None,Incident response team,2004-09-15,Review network security protocols
F-0910,Verizon Data Breach,2004-01-10,Verizon,Network vulnerabilities,Exploited weaknesses in the system,Hackers,Customer Data,Personal and account information,Breach detection system,Hours,Enhanced security measures and patching,9000000,Medium,None,Moderate,None,Investigation report,2004-10-15,Strengthen breach detection and response
F-0911,Sprint Data Breach,2004-01-11,Sprint,Network vulnerabilities,Weaknesses in access control,Hackers,Customer Data,Personal account data,Security alerts and internal monitoring,Hours,Enhanced authentication and patching,7000000,Medium,None,Moderate,None,Incident analysis,2004-11-15,Improve access control measures
F-0912,EMC Data Breach,2004-01-12,EMC,Network vulnerabilities,Exploited software vulnerability,Hackers,Customer Data,Customer business information,Automated breach detection,Hours,Patching and network upgrades,10000000,Medium,None,Moderate,None,Security audits,2004-12-15,Enhance system vulnerability assessments
F-0913,Motorola Data Breach,2004-01-01,Motorola,Network vulnerabilities,Unpatched security holes,Hackers,Intellectual Property,Sensitive research and development data,Internal network monitoring,Hours,Security patching and increased monitoring,20000000,Medium,None,Moderate,None,Internal investigation,2004-01-15,Improve patch management practices
F-0914,Nortel Networks Data Breach,2004-01-02,Nortel Networks,Network vulnerabilities,Exploited system flaws,Hackers,Intellectual Property,Sensitive business data,Network traffic analysis,Hours,Enhanced encryption and network upgrades,2000000,High,None,Moderate,None,Internal breach response,2004-02-15,Enhance security testing before deployment
F-0915,MySpace Data Breach,2006-01-10,MySpace,Network vulnerabilities,System vulnerabilities,Hackers,User Data,"230,000 user records",Security alert system,Hours,System patching and tighter access controls,10000000,Medium,None,Moderate,None,Security team investigation,2006-10-15,Strengthen security monitoring
F-0916,Veterans Affairs Data Breach,2006-01-05,U.S. Department of Veterans Affairs,Stolen Laptop,Lack of data encryption,Unknown,Personal Data,26.5 million records,Discovery of stolen device,day,Data encryption and better data handling protocols,10000000,High,None,High,HIPAA violations,Public report,2006-05-15,Implement full device encryption
F-0917,TJX Companies Data Breach,2006-01-12,TJX Companies,Network vulnerabilities,Weaknesses in wireless networks,Hackers,Credit Card Data,45.7 million records,Internal network monitoring,Hours,Enhanced encryption and network security,2000000,High,None,High,PCI-DSS compliance issues,Internal investigation,2006-12-15,Strengthen wireless network security
F-0918,UCLA Data Breach,2006-01-11,UCLA,Network vulnerabilities,Exploited system flaws,Hackers,Student Data,"800,000 student records",Network traffic analysis,Hours,Security patches and increased encryption,2000000,Medium,None,Moderate,None,Incident response report,2006-11-15,Improve data protection policies
F-0919,CardSystems Solutions Data Breach,2006-01-06,CardSystems Solutions,Network vulnerabilities,Weak security controls,Hackers,Credit Card Data,"263,000 credit card records",Internal monitoring systems,Hours,Patch vulnerabilities and implement stronger controls,25000000,Medium,None,High,PCI-DSS compliance failure,Incident response team,2006-06-15,Strengthen network defense and compliance
F-0920,ICICI Bank Phishing Attack,2006-01-04,ICICI Bank,Phishing Emails,Email security flaws,Unknown,Customer Accounts,Bank account details,Customer complaints and internal alerts,Hours,Enhanced email filtering and customer awareness training,15000000,Medium,None,Moderate,Financial regulations compliance review,Internal investigation,2006-04-15,Strengthen email security protocols
F-0921,Boeing Data Breach,2006-01-12,Boeing,Network vulnerabilities,Exploited system flaws,Hackers,Intellectual Property,Sensitive engineering and design data,Internal network monitoring,Hours,Enhanced network security and data encryption,40000000,High,None,High,None,Internal breach response,2006-12-15,Tighten internal network controls
F-0922,New York Presbyterian Hospital Data Breach,2006-01-08,New York Presbyterian Hospital,Insider Threat,Employee misconduct,Employee,Patient Data,Personal health information of patients,Internal audit and employee investigation,Hours,Stronger access controls and staff training,20000000,Medium,None,High,HIPAA compliance review,Internal investigation,2006-08-15,Strengthen background checks for staff
F-0923,Fidelity National Information Services,2006-01-05,Fidelity National Information Services,Insider Threat,Employee misconduct,Employee,Customer Data,Customer personal and financial data,Internal monitoring systems,day,Improved background checks and monitoring systems,20000000,High,None,Moderate,Compliance with financial regulations,Internal report,2006-05-15,Enhanced internal security policies
F-0924,Ohio University Data Breach,2006-01-04,Ohio University,Network vulnerabilities,Unpatched system vulnerabilities,Hackers,Student Data,Student personal information,Network monitoring alerts,Hours,System patching and network security improvements,10000000,Medium,None,Moderate,None,Internal investigation,2006-04-15,Improve system patch management
F-0925,University of Texas Data Breach,2006-01-02,University of Texas,Network vulnerabilities,Exploited system flaws,Hackers,Student Data,Student personal data,Internal network monitoring,Hours,Enhanced security protocols and monitoring,10000000,Medium,None,Moderate,None,Internal investigation,2006-02-15,Improve vulnerability scanning and network monitoring
F-0926,Department of Revenue of Georgia,2006-01-06,Georgia Department of Revenue,Lost Backup Tape,Tape storage security issue,Unknown,Taxpayer Data,Personal taxpayer information,Audit of missing tape,Hours,Improved storage protocols for sensitive data,20000000,High,None,High,Review of data protection laws,Internal audit,2006-06-15,Enhance backup data security
F-0927,AT&T Data Breach,2006-01-07,AT&T,Network vulnerabilities,Exploited system flaws,Hackers,Customer Data,Customer personal and financial data,Network monitoring,Hours,Improved network security protocols,20000000,Medium,None,High,None,Internal breach response,2006-07-15,Strengthen perimeter security and monitoring
F-0928,ABN AMRO Data Breach,2006-01-10,ABN AMRO,Lost Backup Tape,Tape storage security flaw,Unknown,Customer Data,Sensitive customer information,Audit of missing backup tapes,days,Improved encryption and storage security for backup tapes,15000000,Medium,None,Moderate,Review of data protection laws,Internal audit,2006-10-15,Strengthen backup storage protocols
F-0929,Countrywide Data Breach,2006-01-11,Countrywide,Network vulnerabilities,Exploited system flaws,Hackers,Customer Data,Customer personal and financial data,Internal monitoring systems,Hours,Enhanced network security and system patching,16000000,Medium,None,High,Financial data protection review,Internal breach report,2006-11-15,Tighten internal network security
F-0930,University of California Data Breach,2006-01-08,University of California,Network vulnerabilities,System flaws exploited by hackers,Hackers,Student Data,Student personal and academic data,Network intrusion detection systems,Hours,System updates and additional security protocols,25000000,High,None,High,Compliance review of student data protection,Internal response to breach,2006-08-15,Improve vulnerability scanning and patching processes
F-0931,Equifax Data Breach,2006-01-01,Equifax,Network vulnerabilities,Exploited system vulnerabilities,Hackers,Credit Data,Credit data of customers,Network monitoring systems,Hours,Enhanced system monitoring and network defense,2000000,Medium,None,Moderate,None,Internal investigation,2006-01-15,Improve network monitoring and security auditing
F-0932,ING Data Breach,2006-01-03,ING Group,Network vulnerabilities,Exploited system flaws,Hackers,Customer Data,Personal and financial customer data,Network monitoring and audits,Hours,Enhanced network security,25000000,High,None,High,None,Internal investigation,2006-03-15,Strengthen network defenses and monitoring systems
F-0933,AOL Data Breach,2006-01-05,AOL,Insider Threat,Employee misused access,Employee,User Data,92 million user records,Internal audit and system monitoring,day,Improved access control and monitoring,50000000,High,None,Very High,Review of internal security protocols,Internal investigation,2006-05-15,Improve internal access control and monitoring
F-0934,CitiFinancial Data Breach,2006-01-07,CitiFinancial,Network vulnerabilities,Exploited system vulnerabilities,Hackers,Customer Data,3.9 million customer records,Network monitoring,Hours,Strengthened cybersecurity measures,10000000,Medium,None,High,None,Internal investigation,2006-07-15,Enhance cybersecurity practices
F-0935,Boeing Data Breach,2006-01-12,Boeing,Network vulnerabilities,Exploited system flaws,Hackers,Intellectual Property,Sensitive company intellectual property,Network intrusion detection,Hours,Increased network security and monitoring,25000000,High,None,High,None,Internal response team,2006-12-15,Strengthen intellectual property protection
F-0936,T-Mobile Network Breach,2006-01-09,T-Mobile,Network vulnerabilities,Exploited network flaws,Hackers,Customer Data,Personal and financial customer data,Network monitoring,Hours,Enhanced network defenses and encryption,10000000,Medium,None,Moderate,None,Internal breach report,2006-09-15,Improvement in network defense strategies
F-0937,Pfizer Data Breach,2006-01-11,Pfizer,Network vulnerabilities,Exploited network security flaws,Hackers,Intellectual Property,Company intellectual property,Internal security audits,Hours,Strengthened network security,10000000,Medium,None,Moderate,None,Internal investigation,2006-11-15,Enhance protection for intellectual property
F-0938,Wells Fargo Data Breach,2006-01-10,Wells Fargo,Network vulnerabilities,Exploited system flaws,Hackers,Customer Data,Sensitive customer information,Network security monitoring,Hours,Enhanced network security and monitoring,35000000,High,None,High,None,Internal response team,2006-10-15,Improvement in network security and threat detection
F-0939,Wachovia Data Breach,2006-01-08,Wachovia,Network vulnerabilities,Exploited network flaws,Hackers,Customer Data,Customer information,Internal monitoring and alerts,Hours,Strengthened cybersecurity measures,25000000,Medium,None,Moderate,None,Internal response team,2006-08-15,Enhanced security monitoring
F-0940,AIG Data Breach,2006-01-02,AIG,Network vulnerabilities,Exploited system flaws,Hackers,Customer Data,Customer personal data,Network intrusion detection,Hours,Enhanced data protection and encryption,25000000,Medium,None,High,None,Internal audit,2006-02-15,Improve network defenses and encryption
F-0941,Capital One Data Breach,2006-01-12,Capital One,Network vulnerabilities,Exploited vulnerabilities,Hackers,Customer Data,Sensitive customer financial data,Security systems and audits,Hours,Strengthened network security,10000000,Medium,None,Moderate,None,Internal investigation,2006-12-15,Enhance cybersecurity measures
F-0942,SunTrust Bank Data Breach,2006-01-03,SunTrust Bank,Network vulnerabilities,Exploited network security gaps,Hackers,Customer Data,Customer financial data,Internal monitoring,Hours,Enhanced cybersecurity and monitoring,25000000,High,None,High,None,Internal response,2006-03-15,Reinforce network security defenses
F-0943,MasterCard Data Breach,2006-01-06,MasterCard,Network vulnerabilities,Exploited system vulnerabilities,Hackers,Credit Card Information,40 million credit card records,Internal audits and monitoring,Hours,Improved encryption and security protocols,50000000,High,None,Very High,None,Internal investigation,2006-06-15,Enhance encryption and transaction security
F-0944,Sun Microsystems Data Breach,2006-01-08,Sun Microsystems,Network vulnerabilities,Exploited system flaws,Hackers,Intellectual Property,Proprietary company information,Internal security monitoring,Hours,Enhanced network security,15000000,Medium,None,Moderate,None,Internal investigation,2006-08-15,Strengthen cybersecurity defenses
F-0945,Chevron Data Breach,2006-01-09,Chevron,Network vulnerabilities,Exploited security weaknesses,Hackers,Intellectual Property,Corporate intellectual property,Security system logs,Hours,Network security upgrade,25000000,Medium,None,Moderate,None,Internal security team,2006-09-15,Reinforce security infrastructure
F-0946,Delta Airlines Data Breach,2006-01-12,Delta Airlines,Network vulnerabilities,Exploited system vulnerabilities,Hackers,Customer Data,Personal customer information,Internal security systems,Hours,Enhanced data security protocols,25000000,High,None,High,None,Internal investigation,2006-12-15,Strengthened data protection and monitoring
F-0947,Amazon Data Breach,2006-01-10,Amazon,Network vulnerabilities,Exploited vulnerabilities in the system,Hackers,Customer Data,Customer financial and personal information,Security alerts and monitoring,Hours,Enhanced cybersecurity and threat detection,25000000,Medium,None,High,None,Internal audit,2006-10-15,Reinforced system security
F-0948,eBay Phishing Attack,2006-01-11,eBay,Phishing Emails,Phishing attack targeting users,Unknown,Customer Accounts,Customer account information,User-reported suspicious emails,Hours,User alerts and email security enhancements,25000000,High,None,Moderate,None,User reports and internal monitoring,2006-11-15,Improved user education and email security
F-0949,Sony Data Breach,2006-01-01,Sony,Network vulnerabilities,Exploited system flaws,Hackers,Intellectual Property,Sensitive intellectual property,Network security monitoring,Hours,Enhanced network defenses,20000000,High,None,Moderate,None,Internal investigation,2006-01-15,Improve network security systems
F-0950,Apple Data Breach,2006-01-02,Apple,Network vulnerabilities,Exploited security flaws,Hackers,Intellectual Property,Company’s proprietary technology,Internal monitoring systems,Hours,Enhanced network security,20000000,Medium,None,High,None,Internal security audit,2006-02-15,Strengthened cybersecurity defenses
F-0951,Microsoft Data Breach,2006-01-04,Microsoft,Network vulnerabilities,Exploited security vulnerabilities,Hackers,Intellectual Property,Company technology and proprietary data,Internal security alerts,Hours,Reinforced network security,25000000,Medium,None,Moderate,None,Internal monitoring,2006-04-15,Improve detection and response mechanisms
F-0952,Intel Data Breach,2006-01-05,Intel,Network vulnerabilities,Exploited flaws in the system,Hackers,Intellectual Property,Company’s proprietary technologies,Security logs and alerts,Hours,Network security enhancements,20000000,Medium,None,High,None,Internal investigation,2006-05-15,Increase security monitoring and response
F-0953,Google Data Breach,2006-01-07,Google,Network vulnerabilities,Security loopholes,Hackers,User Data,User account and personal information,Internal alerts,Hours,Strengthened data protection mechanisms,25000000,High,None,High,None,Internal audit,2006-07-15,Implement stronger access controls
F-0954,Yahoo Data Breach,2006-01-09,Yahoo,Network vulnerabilities,Exploited security vulnerabilities,Hackers,User Data,User account information,Security breach alerts,Hours,Enhanced network defense systems,25000000,Medium,None,High,None,Internal audit,2006-09-15,Upgrade user authentication systems
F-0955,Dell Data Breach,2006-01-06,Dell,Network vulnerabilities,Security flaws in network,Hackers,Customer Data,Customer personal information,Internal monitoring systems,Hours,Reinforced security and encryption,28000000,Medium,None,High,None,Internal report,2006-06-15,Strengthen data encryption and protection
F-0956,Hewlett-Packard Data Breach,2006-01-08,Hewlett-Packard,Network vulnerabilities,Exploited network security flaws,Hackers,Intellectual Property,Company's proprietary technology,Internal security monitoring,Hours,Enhanced network defenses,28000000,Medium,None,High,None,Internal audit,2006-08-15,Improve internal monitoring systems
F-0957,Oracle Data Breach,2006-01-10,Oracle,Network vulnerabilities,Exploited system vulnerabilities,Hackers,Customer Data,Customer account information,Internal monitoring alerts,Hours,Security patches and upgrades,25000000,High,None,High,None,Internal investigation,2006-10-15,Strengthen access controls
F-0958,IBM Data Breach,2006-01-12,IBM,Network vulnerabilities,Exploited weaknesses in network security,Hackers,Intellectual Property,Company’s proprietary technologies,Security logs and alerts,Hours,Enhanced network defense,26000000,Medium,None,High,None,Internal investigation,2006-12-15,Enhance network monitoring
F-0959,Adobe Data Breach,2006-01-01,Adobe,Network vulnerabilities,Exploited system flaws,Hackers,Intellectual Property,Company's proprietary software,Security system alerts,Hours,Improved security protocols,20000000,Medium,None,High,None,Internal report,2006-01-15,Strengthen security measures
F-0960,Symantec Data Breach,2006-01-02,Symantec,Network vulnerabilities,Exploited flaws in security systems,Hackers,Intellectual Property,Company's proprietary security technologies,Internal monitoring,Hours,Enhanced encryption and firewalls,15000000,High,None,Moderate,None,Internal investigation,2006-02-15,Improve encryption strategies
F-0961,Cisco Network Breach,2006-01-03,Cisco,Network vulnerabilities,Exploited security loopholes,Hackers,Intellectual Property,Company’s proprietary technologies,Internal security monitoring,Hours,Network defense improvements,25000000,Medium,None,High,None,Internal reports,2006-03-15,Enhance vulnerability management
F-0962,AT&T Data Breach,2006-01-07,AT&T,Network vulnerabilities,Exploited security flaws in the network,Hackers,Customer Data,"19,000 customer accounts",Internal monitoring system alerts,Hours,Improved network security measures,10000000,High,None,Moderate,None,Internal reports,2006-07-15,Enhance monitoring of network traffic
F-0963,Verizon Data Breach,2006-01-10,Verizon,Network vulnerabilities,Exploited security gaps in the network,Hackers,Customer Data,Sensitive customer data,Security monitoring,Hours,"Security enhancements, network monitoring",25000000,High,None,High,None,Internal investigation,2006-10-15,Strengthen vulnerability management systems
F-0964,Sprint Data Breach,2006-01-11,Sprint,Network vulnerabilities,Hackers exploited weaknesses in the network,Hackers,Customer Data,Sensitive customer data,Security alerts,Hours,Enhanced security protocols,25000000,High,None,Moderate,None,Internal report,2006-11-15,Implement more robust access controls
F-0965,ChoicePoint Data Breach,2006-01-01,ChoicePoint,Insider Threat,Rogue employee,Employee,Personal Information,"145,000 individuals' personal information",Internal audit,Hours,Internal security review and disciplinary actions,10000000,High,None,Moderate,None,Internal reports,2006-01-10,Stronger employee monitoring systems
F-0966,Boston College Network Breach,2006-01-02,Boston College,Network vulnerabilities,Exploited network security flaws,Hackers,Student Data,Student information,Internal security monitoring,Hours,Reinforced network defenses,10000000,High,None,Moderate,None,Internal investigation,2006-02-15,Implement stronger data encryption methods
F-0967,LexisNexis Data Breach,2006-01-03,LexisNexis,Network vulnerabilities,Exploited system flaws,Hackers,Personal Information,"310,000 individuals' personal data",Internal monitoring system,Hours,Upgraded security defenses,25000000,Medium,None,High,None,Internal audit,2006-03-15,Implement more rigorous identity protection systems
F-0968,Bank of America Data Breach,2006-01-04,Bank of America,Network vulnerabilities,Exploited network security flaws,Hackers,Customer Data,Sensitive customer account data,Internal security alert,Hours,Security enhancements,25000000,Medium,None,Moderate,None,Internal audit,2006-04-15,Strengthen internal monitoring systems
F-0969,CardSystems Solutions Data Breach,2006-01-05,CardSystems Solutions,Network vulnerabilities,Exploited system flaws,Hackers,Credit Card Data,40 million credit card records,Internal system alerts,Hours,"Increased network defenses, credit monitoring",20000000,Medium,None,High,None,Internal investigation,2006-05-15,Implement enhanced encryption for financial data
F-0970,ABN AMRO Data Breach,2006-01-06,ABN AMRO,Lost Backup Tape,Tape loss due to mishandling,Unknown,Customer Data,2 million customer records,Manual discovery,week,Improved data handling and storage policies,20000000,High,None,High,None,Internal reports,2006-06-15,Implement better encryption and secure backup handling
F-0971,Equifax Data Breach,2006-01-07,Equifax,Network vulnerabilities,Exploited security flaws in the network,Hackers,Credit Data,"300,000 credit records",Security monitoring, hours,Enhanced network security and monitoring,1000000,Medium,None,High,None,Internal investigation,2006-07-15,Strengthen network security infrastructure
F-0972,AOL Data Breach,2006-01-08,AOL,Insider Threat,Employee mishandling of data,Employee,User Data,92 million user records,Internal audit,day,Employee training and internal data monitoring,1000000,Medium,None,High,None,Internal investigation,2006-08-15,Tighten employee access controls and data handling
F-0973,CitiFinancial Data Breach,2006-01-09,CitiFinancial,Network vulnerabilities,Exploited flaws in the network security,Hackers,Customer Data,3.9 million customer records,Internal security system alerts, hours,Improved network defense mechanisms,1000000,Medium,None,High,None,Internal report,2006-09-15,Enhanced vulnerability management
F-0974,Pfizer Data Breach,2006-01-10,Pfizer,Network vulnerabilities,Hackers exploited system vulnerabilities,Hackers,Intellectual Property,Not disclosed,Internal security alert, hours,Enhanced network defenses,25000000,Medium,None,High,None,Internal investigation,2006-10-15,Strengthen intellectual property protection systems
F-0975,T-Mobile Network Breach,2006-01-11,T-Mobile,Network vulnerabilities,Exploited flaws in network security,Hackers,Customer Data,Not disclosed,Internal monitoring, hours,Network security improvements,15000000,Medium,None,Moderate,None,Internal investigation,2006-11-15,Enhance network security systems
F-0976,Boeing Data Breach,2006-01-12,Boeing,Network vulnerabilities,Exploited system vulnerabilities,Hackers,Intellectual Property,Not disclosed,Security monitoring, hours,Enhanced network defenses,25000000,Medium,None,High,None,Internal report,2006-12-15,Strengthen intellectual property protection
F-0977,University of California Data Breach,2006-01-01,University of California,Network vulnerabilities,Exploited security flaws in network,Hackers,Student Data,1.4 million student records,Internal security monitoring, hours,Improved network security and monitoring,"1,400,000",Medium,None,Moderate,None,Internal investigation,2006-01-15,Strengthen network security
F-0978,Georgia Department of Revenue Data Breach,2006-01-02,Georgia Department of Revenue,Lost Backup Tape,Backup tape mishandling,Unknown,Taxpayer Data,3.9 million taxpayer records,Manual discovery, week,Data storage and backup improvements,"3,900,000",Medium,None,High,None,Internal reports,2006-02-15,Implement better backup and storage protocols
F-0979,AT&T Data Breach,2006-01-03,AT&T,Network vulnerabilities,Exploited flaws in network security,Hackers,Customer Data,"19,000 records",Internal security monitoring,Hours,Improved security monitoring,"19,000",Medium,None,Moderate,None,Internal reports,2006-03-15,Strengthen internal network security
F-0980,ING Data Breach,2006-01-04,ING Group,Network vulnerabilities,Exploited network vulnerabilities,Hackers,Customer Data,Not disclosed,Security system alert,Hours,Enhanced network security measures,"3,900,000",Medium,None,High,None,Internal investigation,2006-04-15,Improve network security infrastructure
F-0981,Veterans Affairs Data Breach,2006-01-05,U.S. Department of Veterans Affairs,Stolen Laptop,Physical theft of unencrypted device,Unknown,Personal Data,26.5 million veterans' personal data,Manual discovery,week,Implemented encryption for sensitive data,"26,500,000",Medium,None,High,HIPAA violations,Internal investigation,2006-05-15,Implement encryption and better device security
F-0982,Ohio University Data Breach,2006-01-06,Ohio University,Network vulnerabilities,Exploited security flaws in network,Hackers,Student Data,"137,000 student records",Security alert,hours,Enhanced network security protocols,"137,000",Medium,None,Moderate,None,Internal investigation,2006-06-15,Improve network security monitoring
F-0983,Fidelity National Information Services Data Breach,2006-01-07,Fidelity National Information Services,Insider Threat,Employee data theft,Employee,Customer Data,2.3 million customer records,Internal audit,day,Improved employee monitoring and access control,"2,300,000",Medium,None,Moderate,None,Internal investigation,2006-07-15,Tighten internal controls and employee monitoring
F-0984,New York Presbyterian Hospital Data Breach,2006-01-08,New York Presbyterian Hospital,Insider Threat,Employee mishandling of patient data,Employee,Patient Data,"6,800 patient records",Internal investigation,week,Employee data handling protocols,"6,800",High,None,Moderate,HIPAA violations,Internal report,2006-08-15,Enforce stricter data access policies
F-0985,Countrywide Data Breach,2006-01-09,Countrywide,Network vulnerabilities,Exploited weaknesses in the network,Hackers,Customer Data,2 million customer records,Security system alert,day,Improved network security,"2,000,000",High,None,High,None,Internal report,2006-09-15,Enhance overall network defenses
F-0986,University of Texas Data Breach,2006-01-10,University of Texas,Network vulnerabilities,Exploited flaws in the university's network,Hackers,Student Data,"197,000 student records",Security monitoring,hours,Improved network defenses and encryption,"197,000",Medium,None,Moderate,None,Internal investigation,2006-10-15,Enhance data protection measures
F-0987,Sun Microsystems Data Breach,2006-01-11,Sun Microsystems,Network vulnerabilities,Exploited weaknesses in network security,Hackers,Intellectual Property,$25 million,Intrusion detection systems,hours,Upgraded network security protocols,"6,800",Medium,None,Moderate,None,Internal investigation,2006-11-30,Enhance network intrusion detection systems
F-0988,Chevron Data Breach,2006-01-12,Chevron,Network vulnerabilities,Exploited network vulnerabilities,Hackers,Intellectual Property,$25 million,Security monitoring systems,hour,Strengthened security protocols,"2,000,000",High,None,Moderate,None,Internal investigation,2006-12-15,Improve internal network security
F-0989,Delta Airlines Data Breach,2006-01-01,Delta Airlines,Network vulnerabilities,Exploited vulnerabilities in the airline's network,Hackers,Customer Data,$15 million,Security breach alert,day,Enhanced customer data protection measures,"2,000,000",Minimal,None,High,None,Internal report,2006-01-30,Increase cybersecurity awareness and protection
F-0990,Amazon Data Breach,2006-01-02,Amazon,Network vulnerabilities,Exploited vulnerabilities in the network infrastructure,Hackers,Customer Data,$25 million,Internal security monitoring,hour,Enhanced network monitoring and data protection,"2,000,000",Minimal,None,Moderate,None,Internal report,2006-02-15,Improve network security and response times
F-0991,Wells Fargo Data Breach,2006-01-03,Wells Fargo,Network vulnerabilities,Exploited network vulnerabilities,Hackers,Customer Data,$25 million,Automated security systems,day,Improved security infrastructure and data encryption,"25,000,000",Minimal,None,High,None,Internal investigation,2006-03-15,Tighten security measures and enhance data protection
F-0992,Wachovia Data Breach,2006-01-04,Wachovia,Network vulnerabilities,Exploited security flaws in network infrastructure,Hackers,Customer Data,$5 million,Security breach detection, hours,Reinforced network defenses and customer protection,"25,000,000",High,None,Moderate,None,Internal investigation,2006-04-15,Strengthen security measures and internal monitoring
F-0993,AIG Data Breach,2006-01-05,AIG,Network vulnerabilities,Exploited network vulnerabilities,Hackers,Customer Data,$10 million,Security monitoring systems,hour,Enhanced network security measures,"25,000,000",Medium,None,Moderate,None,Internal investigation,2006-05-15,Strengthen internal network defense
F-0994,Capital One Data Breach,2006-01-06,Capital One,Network vulnerabilities,Exploited weaknesses in network security,Hackers,Customer Data,$2 million,Internal monitoring systems,Hours,Improved network monitoring and encryption,"5,000,000",Medium,None,Moderate,None,Internal investigation,2006-06-10,Increase security vigilance and encryption
F-0995,SunTrust Bank Data Breach,2006-01-07,SunTrust Bank,Network vulnerabilities,Exploited weaknesses in bank's network infrastructure,Hackers,Customer Data,$20 million,Security breach detection,Hours,Upgraded internal security protocols,"2,000,000",High,None,High,None,Internal investigation,2006-07-20,Strengthen customer data protection policies
F-0996,MasterCard Data Breach,2006-01-08,MasterCard,Network vulnerabilities,Exploited security flaws in network infrastructure,Hackers,Credit Card Information,40 million records,Network monitoring systems,Hours,Enhanced encryption and transaction monitoring,"20,000,000",Medium,None,Severe,None,Internal report,2006-08-25,Implement better security measures for payment systems
F-0997,Intel Data Breach,2006-01-09,Intel,Network vulnerabilities,Exploited weaknesses in network security,Hackers,Intellectual Property,$25 million,Network monitoring,Hours,Enhanced firewall and encryption,"40,000,000",High,None,High,None,Internal investigation,2006-09-10,Improve network security measures
F-0998,Apple Data Breach,2006-01-10,Apple,Network vulnerabilities,Exploited network security weaknesses,Hackers,Intellectual Property,$5 million,Internal network monitoring,Hours,Reinforced encryption and network security,"25,000,000",High,None,Moderate,None,Internal report,2006-10-15,Upgrade internal data protection systems
F-0999,Microsoft Data Breach,2006-01-11,Microsoft,Network vulnerabilities,Exploited security flaws in network infrastructure,Hackers,Intellectual Property,$5 million,Network surveillance,Hours,Strengthened internal security protocols,"5,000,000",High,None,Moderate,None,Internal investigation,2006-11-20,Invest in advanced intrusion detection systems
F-1000,Google Data Breach,2006-01-12,Google,Network vulnerabilities,Exploited weaknesses in network security,Hackers,User Data,$25 million,Internal security systems,Hours,Upgraded security infrastructure,"5,000,000",Low,None,High,None,Internal security team,2006-12-05,Strengthen user data protection protocols
F-1001,Yahoo Data Breach,2006-01-01,Yahoo,Network vulnerabilities,Exploited network flaws,Hackers,User Data,$20 million,Security monitoring systems,Hours,Enhanced encryption and security monitoring,"25,000,000",Low,None,High,None,Internal investigation,2006-01-20,Increase focus on data encryption
F-1002,Dell Data Breach,2006-01-02,Dell,Network vulnerabilities,Exploited vulnerabilities in internal network,Hackers,Customer Data,$25 million,Security breach alerts,Hours,Upgraded internal security and encryption,"20,000,000",Low,None,Moderate,None,Internal security team,2006-02-10,Improve network security defense layers
F-1003,Hewlett-Packard Data Breach,2006-01-03,Hewlett-Packard,Network vulnerabilities,Exploited weaknesses in network security,Hackers,Intellectual Property,$25 million,Network monitoring,Hours,Strengthened encryption and firewalls,"25,000,000",Medium,None,Moderate,None,Internal investigation,2006-03-15,Upgrade network security measures
F-1004,Oracle Data Breach,2006-01-04,Oracle,Network vulnerabilities,Exploited network vulnerabilities,Hackers,Customer Data,$28 million,Security monitoring,Hours,Enhanced security protocols and encryption,"25,000,000",High,None,High,None,Internal investigation,2006-04-20,Strengthen monitoring and encryption
F-1005,IBM Data Breach,2006-01-05,IBM,Network vulnerabilities,Exploited internal network weaknesses,Hackers,Intellectual Property,$3 million,Internal network monitoring,Hours,Reinforced internal security and encryption,"28,000,000",High,None,Low,None,Internal report,2006-05-12,Invest in better internal network protection
F-1006,Adobe Data Breach,2006-01-06,Adobe,Network vulnerabilities,Exploited weaknesses in network infrastructure,Hackers,Intellectual Property,$25 million,Network intrusion detection system,Hours,Improved network security and encryption,"3,000,000",High,None,Moderate,None,Internal investigation,2006-06-15,Review and update security protocols
F-1007,Symantec Data Breach,2006-01-07,Symantec,Network vulnerabilities,Exploited weaknesses in network infrastructure,Hackers,Intellectual Property,$2.5 million,Security monitoring,Hours,Enhanced security monitoring and encryption,"25,000,000",Low,None,Low,None,Internal investigation,2006-07-20,Focus on improving detection and response times
F-1008,Cisco Network Breach,2006-01-08,Cisco,Network vulnerabilities,Exploited weaknesses in network security,Hackers,Intellectual Property,$2 million,Network monitoring,Hours,Improved network security and firewalls,"2,500,000",High,None,Moderate,None,Internal investigation,2006-08-15,Enhance encryption and security monitoring
F-1009,AT&T Data Breach,2006-01-09,AT&T,Network vulnerabilities,Exploited weaknesses in network security,Hackers,Customer Data,"19,000 records",Network intrusion detection,Hours,Enhanced security protocols and monitoring,"2,000,000",Medium,None,Low,None,Internal report,2006-09-10,Strengthen detection and improve incident response
F-1010,Verizon Data Breach,2006-01-10,Verizon,Network vulnerabilities,Exploited weaknesses in network security,Hackers,Customer Data,$25 million,Network intrusion detection systems,Hours,Improved security protocols and firewalls,"19,000",Low,None,Moderate,None,Internal investigation,2006-10-15,Enhance network security and incident response plans
 , , , , ,,,,,,,,,,,,,,,
 , , , , ,,,,,,,,,,,,,,,
 , , , , ,,,,,,,,,,,,,,,
 , , , , ,,,,,,,,,,,,,,,
 , , , , ,,,,,,,,,,,,,,,
 , , , , ,,,,,,,,,,,,,,,
 , , , , ,,,,,,,,,,,,,,,
 , , , , ,,,,,,,,,,,,,,,
 , , , , ,,,,,,,,,,,,,,,
 , , , , ,,,,,,,,,,,,,,,
 , , , , ,,,,,,,,,,,,,,,
 , , , , ,,,,,,,,,,,,,,,
 , , , , ,,,,,,,,,,,,,,,
 , , , , ,,,,,,,,,,,,,,,
 , , , , ,,,,,,,,,,,,,,,
 , , , , ,,,,,,,,,,,,,,,
 , , , , ,,,,,,,,,,,,,,,
 , , , , ,,,,,,,,,,,,,,,
 , , , , ,,,,,,,,,,,,,,,
 , , , , ,,,,,,,,,,,,,,,
 , , , , ,,,,,,,,,,,,,,,
 , , , , ,,,,,,,,,,,,,,,
 , , , , ,,,,,,,,,,,,,,,
 , , , , ,,,,,,,,,,,,,,,
 , , , , ,,,,,,,,,,,,,,,
 , , , , ,,,,,,,,,,,,,,,
 , , , , ,,,,,,,,,,,,,,,
 , , , , ,,,,,,,,,,,,,,,
 , , , , ,,,,,,,,,,,,,,,
 , , , , ,,,,,,,,,,,,,,,
 , , , , ,,,,,,,,,,,,,,,
 , , , , ,,,,,,,,,,,,,,,
 , , , , ,,,,,,,,,,,,,,,
 , , , , ,,,,,,,,,,,,,,,
 , , , , ,,,,,,,,,,,,,,,
 , , , , ,,,,,,,,,,,,,,,
 , , , , ,,,,,,,,,,,,,,,
 , , , , ,,,,,,,,,,,,,,,
 , , , , ,,,,,,,,,,,,,,,
 , , , , ,,,,,,,,,,,,,,,
 , , , , ,,,,,,,,,,,,,,,
 , , , , ,,,,,,,,,,,,,,,
 , , , , ,,,,,,,,,,,,,,,
 , , , , ,,,,,,,,,,,,,,,
 , , , , ,,,,,,,,,,,,,,,
 , , , , ,,,,,,,,,,,,,,,
 , , , , ,,,,,,,,,,,,,,,
 , , , , ,,,,,,,,,,,,,,,
 , , , , ,,,,,,,,,,,,,,,
 , , , , ,,,,,,,,,,,,,,,
 , , , , ,,,,,,,,,,,,,,,
 , , , , ,,,,,,,,,,,,,,,
 , , , , ,,,,,,,,,,,,,,,
 , , , , ,,,,,,,,,,,,,,,
 , , , , ,,,,,,,,,,,,,,,
 , , , , ,,,,,,,,,,,,,,,
 , , , , ,,,,,,,,,,,,,,,
 , , , , ,,,,,,,,,,,,,,,
 , , , , ,,,,,,,,,,,,,,,
 , , , , ,,,,,,,,,,,,,,,
 , , , , ,,,,,,,,,,,,,,,
 , , , , ,,,,,,,,,,,,,,,
 , , , , ,,,,,,,,,,,,,,,
 , , , , ,,,,,,,,,,,,,,,
 , , , , ,,,,,,,,,,,,,,,
 , , , , ,,,,,,,,,,,,,,,
 , , , , ,,,,,,,,,,,,,,,
 , , , , ,,,,,,,,,,,,,,,
 , , , , ,,,,,,,,,,,,,,,
 , , , , ,,,,,,,,,,,,,,,
 , , , , ,,,,,,,,,,,,,,,
 , , , , ,,,,,,,,,,,,,,,
 , , , , ,,,,,,,,,,,,,,,
 , , , , ,,,,,,,,,,,,,,,
 , , , , ,,,,,,,,,,,,,,,
 , , , , ,,,,,,,,,,,,,,,
 , , , , ,,,,,,,,,,,,,,,
 , , , , ,,,,,,,,,,,,,,,
 , , , , ,,,,,,,,,,,,,,,
 , , , , ,,,,,,,,,,,,,,,
 , , , , ,,,,,,,,,,,,,,,
 , , , , ,,,,,,,,,,,,,,,
 , , , , ,,,,,,,,,,,,,,,
 , , , , ,,,,,,,,,,,,,,,
 , , , , ,,,,,,,,,,,,,,,
 , , , , ,,,,,,,,,,,,,,,
 , , , , ,,,,,,,,,,,,,,,
 , , , , ,,,,,,,,,,,,,,,
 , , , ,,,,,,,,,,,,,,,,
 , , , ,,,,,,,,,,,,,,,,
 , , , ,,,,,,,,,,,,,,,,
 , , , ,,,,,,,,,,,,,,,,
 , , , ,,,,,,,,,,,,,,,,
 , , , ,,,,,,,,,,,,,,,,
 , , , ,,,,,,,,,,,,,,,,
 , , , ,,,,,,,,,,,,,,,,
 , , , ,,,,,,,,,,,,,,,,
 , , , ,,,,,,,,,,,,,,,,
 , , , ,,,,,,,,,,,,,,,,
 , , , ,,,,,,,,,,,,,,,,
 , , , ,,,,,,,,,,,,,,,,
 , , , ,,,,,,,,,,,,,,,,
 , , , ,,,,,,,,,,,,,,,,
 , , , ,,,,,,,,,,,,,,,,
,,,,,,,,,,,,,,,,,,,
,,,,,,,,,,,,,,,,,,,
,,,,,,,,,,,,,,,,,,,
,,,,,,,,,,,,,,,,,,,
,,,,,,,,,,,,,,,,,,,
,,,,,,,,,,,,,,,,,,,
,,,,,,,,,,,,,,,,,,,
,,,,,,,,,,,,,,,,,,,
,,,,,,,,,,,,,,,,,,,
,,,,,,,,,,,,,,,,,,,
,,,,,,,,,,,,,,,,,,,
,,,,,,,,,,,,,,,,,,,
,,,,,,,,,,,,,,,,,,,
,,,,,,,,,,,,,,,,,,,
,,,,,,,,,,,,,,,,,,,
,,,,,,,,,,,,,,,,,,,
,,,,,,,,,,,,,,,,,,,
,,,,,,,,,,,,,,,,,,,
,,,,,,,,,,,,,,,,,,,
,,,,,,,,,,,,,,,,,,,
,,,,,,,,,,,,,,,,,,,
,,,,,,,,,,,,,,,,,,,
,,,,,,,,,,,,,,,,,,,
,,,,,,,,,,,,,,,,,,,
,,,,,,,,,,,,,,,,,,,
,,,,,,,,,,,,,,,,,,,
,,,,,,,,,,,,,,,,,,,
,,,,,,,,,,,,,,,,,,,
,,,,,,,,,,,,,,,,,,,
,,,,,,,,,,,,,,,,,,,
,,,,,,,,,,,,,,,,,,,
,,,,,,,,,,,,,,,,,,,
,,,,,,,,,,,,,,,,,,,
,,,,,,,,,,,,,,,,,,,
,,,,,,,,,,,,,,,,,,,
,,,,,,,,,,,,,,,,,,,
,,,,,,,,,,,,,,,,,,,
,,,,,,,,,,,,,,,,,,,
,,,,,,,,,,,,,,,,,,,
,,,,,,,,,,,,,,,,,,,
,,,,,,,,,,,,,,,,,,,
,,,,,,,,,,,,,,,,,,,
,,,,,,,,,,,,,,,,,,,
,,,,,,,,,,,,,,,,,,,
,,,,,,,,,,,,,,,,,,,
,,,,,,,,,,,,,,,,,,,
,,,,,,,,,,,,,,,,,,,
,,,,,,,,,,,,,,,,,,,
,,,,,,,,,,,,,,,,,,,
,,,,,,,,,,,,,,,,,,,
,,,,,,,,,,,,,,,,,,,
,,,,,,,,,,,,,,,,,,,
,,,,,,,,,,,,,,,,,,,
,,,,,,,,,,,,,,,,,,,
,,,,,,,,,,,,,,,,,,,
,,,,,,,,,,,,,,,,,,,
,,,,,,,,,,,,,,,,,,,
,,,,,,,,,,,,,,,,,,,
,,,,,,,,,,,,,,,,,,,
,,,,,,,,,,,,,,,,,,,
,,,,,,,,,,,,,,,,,,,
,,,,,,,,,,,,,,,,,,,
,,,,,,,,,,,,,,,,,,,
,,,,,,,,,,,,,,,,,,,
,,,,,,,,,,,,,,,,,,,
,,,,,,,,,,,,,,,,,,,
,,,,,,,,,,,,,,,,,,,
,,,,,,,,,,,,,,,,,,,
,,,,,,,,,,,,,,,,,,,
,,,,,,,,,,,,,,,,,,,
,,,,,,,,,,,,,,,,,,,
,,,,,,,,,,,,,,,,,,,
,,,,,,,,,,,,,,,,,,,
,,,,,,,,,,,,,,,,,,,
,,,,,,,,,,,,,,,,,,,
,,,,,,,,,,,,,,,,,,,
,,,,,,,,,,,,,,,,,,,
,,,,,,,,,,,,,,,,,,,
,,,,,,,,,,,,,,,,,,,
,,,,,,,,,,,,,,,,,,,
,,,,,,,,,,,,,,,,,,,
,,,,,,,,,,,,,,,,,,,
,,,,,,,,,,,,,,,,,,,
,,,,,,,,,,,,,,,,,,,
,,,,,,,,,,,,,,,,,,,
,,,,,,,,,,,,,,,,,,,
,,,,,,,,,,,,,,,,,,,
,,,,,,,,,,,,,,,,,,,
,,,,,,,,,,,,,,,,,,,
,,,,,,,,,,,,,,,,,,,
,,,,,,,,,,,,,,,,,,,
,,,,,,,,,,,,,,,,,,,
,,,,,,,,,,,,,,,,,,,
,,,,,,,,,,,,,,,,,,,
,,,,,,,,,,,,,,,,,,,
,,,,,,,,,,,,,,,,,,,
,,,,,,,,,,,,,,,,,,,
,,,,,,,,,,,,,,,,,,,
,,,,,,,,,,,,,,,,,,,
,,,,,,,,,,,,,,,,,,,
,,,,,,,,,,,,,,,,,,,
,,,,,,,,,,,,,,,,,,,
,,,,,,,,,,,,,,,,,,,
,,,,,,,,,,,,,,,,,,,
,,,,,,,,,,,,,,,,,,,
,,,,,,,,,,,,,,,,,,,
,,,,,,,,,,,,,,,,,,,
,,,,,,,,,,,,,,,,,,,
,,,,,,,,,,,,,,,,,,,
,,,,,,,,,,,,,,,,,,,
,,,,,,,,,,,,,,,,,,,
,,,,,,,,,,,,,,,,,,,
,,,,,,,,,,,,,,,,,,,
,,,,,,,,,,,,,,,,,,,
,,,,,,,,,,,,,,,,,,,
,,,,,,,,,,,,,,,,,,,
,,,,,,,,,,,,,,,,,,,
,,,,,,,,,,,,,,,,,,,
,,,,,,,,,,,,,,,,,,,
,,,,,,,,,,,,,,,,,,,
,,,,,,,,,,,,,,,,,,,
,,,,,,,,,,,,,,,,,,,
,,,,,,,,,,,,,,,,,,,
,,,,,,,,,,,,,,,,,,,
,,,,,,,,,,,,,,,,,,,
,,,,,,,,,,,,,,,,,,,
,,,,,,,,,,,,,,,,,,,
,,,,,,,,,,,,,,,,,,,
,,,,,,,,,,,,,,,,,,,
,,,,,,,,,,,,,,,,,,,
,,,,,,,,,,,,,,,,,,,
,,,,,,,,,,,,,,,,,,,
,,,,,,,,,,,,,,,,,,,
,,,,,,,,,,,,,,,,,,,
,,,,,,,,,,,,,,,,,,,
,,,,,,,,,,,,,,,,,,,
,,,,,,,,,,,,,,,,,,,
,,,,,,,,,,,,,,,,,,,
,,,,,,,,,,,,,,,,,,,
,,,,,,,,,,,,,,,,,,,
,,,,,,,,,,,,,,,,,,,
,,,,,,,,,,,,,,,,,,,
,,,,,,,,,,,,,,,,,,,
,,,,,,,,,,,,,,,,,,,
,,,,,,,,,,,,,,,,,,,
,,,,,,,,,,,,,,,,,,,
,,,,,,,,,,,,,,,,,,,
,,,,,,,,,,,,,,,,,,,
,,,,,,,,,,,,,,,,,,,
,,,,,,,,,,,,,,,,,,,
,,,,,,,,,,,,,,,,,,,
,,,,,,,,,,,,,,,,,,,
,,,,,,,,,,,,,,,,,,,
,,,,,,,,,,,,,,,,,,,
,,,,,,,,,,,,,,,,,,,
,,,,,,,,,,,,,,,,,,,
,,,,,,,,,,,,,,,,,,,
,,,,,,,,,,,,,,,,,,,
,,,,,,,,,,,,,,,,,,,
,,,,,,,,,,,,,,,,,,,
,,,,,,,,,,,,,,,,,,,
,,,,,,,,,,,,,,,,,,,
,,,,,,,,,,,,,,,,,,,
,,,,,,,,,,,,,,,,,,,
,,,,,,,,,,,,,,,,,,,
,,,,,,,,,,,,,,,,,,,
,,,,,,,,,,,,,,,,,,,
,,,,,,,,,,,,,,,,,,,
,,,,,,,,,,,,,,,,,,,
,,,,,,,,,,,,,,,,,,,
,,,,,,,,,,,,,,,,,,,
,,,,,,,,,,,,,,,,,,,
,,,,,,,,,,,,,,,,,,,
,,,,,,,,,,,,,,,,,,,
,,,,,,,,,,,,,,,,,,,
,,,,,,,,,,,,,,,,,,,
,,,,,,,,,,,,,,,,,,,
,,,,,,,,,,,,,,,,,,,
,,,,,,,,,,,,,,,,,,,
,,,,,,,,,,,,,,,,,,,
,,,,,,,,,,,,,,,,,,,
,,,,,,,,,,,,,,,,,,,
,,,,,,,,,,,,,,,,,,,
,,,,,,,,,,,,,,,,,,,
,,,,,,,,,,,,,,,,,,,
,,,,,,,,,,,,,,,,,,,
,,,,,,,,,,,,,,,,,,,
,,,,,,,,,,,,,,,,,,,
,,,,,,,,,,,,,,,,,,,
,,,,,,,,,,,,,,,,,,,
,,,,,,,,,,,,,,,,,,,
,,,,,,,,,,,,,,,,,,,
,,,,,,,,,,,,,,,,,,,
,,,,,,,,,,,,,,,,,,,
,,,,,,,,,,,,,,,,,,,
,,,,,,,,,,,,,,,,,,,
,,,,,,,,,,,,,,,,,,,
,,,,,,,,,,,,,,,,,,,
,,,,,,,,,,,,,,,,,,,
,,,,,,,,,,,,,,,,,,,
,,,,,,,,,,,,,,,,,,,
,,,,,,,,,,,,,,,,,,,
,,,,,,,,,,,,,,,,,,,
,,,,,,,,,,,,,,,,,,,
,,,,,,,,,,,,,,,,,,,
,,,,,,,,,,,,,,,,,,,
,,,,,,,,,,,,,,,,,,,
,,,,,,,,,,,,,,,,,,,
,,,,,,,,,,,,,,,,,,,
,,,,,,,,,,,,,,,,,,,
,,,,,,,,,,,,,,,,,,,
,,,,,,,,,,,,,,,,,,,
,,,,,,,,,,,,,,,,,,,
,,,,,,,,,,,,,,,,,,,
,,,,,,,,,,,,,,,,,,,
,,,,,,,,,,,,,,,,,,,
,,,,,,,,,,,,,,,,,,,
,,,,,,,,,,,,,,,,,,,
,,,,,,,,,,,,,,,,,,,
,,,,,,,,,,,,,,,,,,,
,,,,,,,,,,,,,,,,,,,
,,,,,,,,,,,,,,,,,,,
,,,,,,,,,,,,,,,,,,,
,,,,,,,,,,,,,,,,,,,
,,,,,,,,,,,,,,,,,,,
,,,,,,,,,,,,,,,,,,,
,,,,,,,,,,,,,,,,,,,
,,,,,,,,,,,,,,,,,,,
,,,,,,,,,,,,,,,,,,,
,,,,,,,,,,,,,,,,,,,
,,,,,,,,,,,,,,,,,,,
,,,,,,,,,,,,,,,,,,,
,,,,,,,,,,,,,,,,,,,
,,,,,,,,,,,,,,,,,,,
,,,,,,,,,,,,,,,,,,,
,,,,,,,,,,,,,,,,,,,
,,,,,,,,,,,,,,,,,,,
,,,,,,,,,,,,,,,,,,,
,,,,,,,,,,,,,,,,,,,
,,,,,,,,,,,,,,,,,,,
,,,,,,,,,,,,,,,,,,,
,,,,,,,,,,,,,,,,,,,
,,,,,,,,,,,,,,,,,,,
,,,,,,,,,,,,,,,,,,,
,,,,,,,,,,,,,,,,,,,
,,,,,,,,,,,,,,,,,,,
,,,,,,,,,,,,,,,,,,,
,,,,,,,,,,,,,,,,,,,
,,,,,,,,,,,,,,,,,,,
,,,,,,,,,,,,,,,,,,,
,,,,,,,,,,,,,,,,,,,
,,,,,,,,,,,,,,,,,,,
,,,,,,,,,,,,,,,,,,,
,,,,,,,,,,,,,,,,,,,
,,,,,,,,,,,,,,,,,,,
,,,,,,,,,,,,,,,,,,,
,,,,,,,,,,,,,,,,,,,
,,,,,,,,,,,,,,,,,,,
,,,,,,,,,,,,,,,,,,,
,,,,,,,,,,,,,,,,,,,
,,,,,,,,,,,,,,,,,,,
,,,,,,,,,,,,,,,,,,,
,,,,,,,,,,,,,,,,,,,
,,,,,,,,,,,,,,,,,,,
,,,,,,,,,,,,,,,,,,,
,,,,,,,,,,,,,,,,,,,
,,,,,,,,,,,,,,,,,,,
,,,,,,,,,,,,,,,,,,,
,,,,,,,,,,,,,,,,,,,
,,,,,,,,,,,,,,,,,,,
,,,,,,,,,,,,,,,,,,,
,,,,,,,,,,,,,,,,,,,
,,,,,,,,,,,,,,,,,,,
,,,,,,,,,,,,,,,,,,,
,,,,,,,,,,,,,,,,,,,
,,,,,,,,,,,,,,,,,,,
,,,,,,,,,,,,,,,,,,,
,,,,,,,,,,,,,,,,,,,
,,,,,,,,,,,,,,,,,,,
,,,,,,,,,,,,,,,,,,,
,,,,,,,,,,,,,,,,,,,
,,,,,,,,,,,,,,,,,,,
,,,,,,,,,,,,,,,,,,,
,,,,,,,,,,,,,,,,,,,
,,,,,,,,,,,,,,,,,,,
,,,,,,,,,,,,,,,,,,,
,,,,,,,,,,,,,,,,,,,
,,,,,,,,,,,,,,,,,,,
,,,,,,,,,,,,,,,,,,,
,,,,,,,,,,,,,,,,,,,
,,,,,,,,,,,,,,,,,,,
,,,,,,,,,,,,,,,,,,,
,,,,,,,,,,,,,,,,,,,
,,,,,,,,,,,,,,,,,,,
,,,,,,,,,,,,,,,,,,,
,,,,,,,,,,,,,,,,,,,
,,,,,,,,,,,,,,,,,,,
,,,,,,,,,,,,,,,,,,,
,,,,,,,,,,,,,,,,,,,
,,,,,,,,,,,,,,,,,,,
,,,,,,,,,,,,,,,,,,,
,,,,,,,,,,,,,,,,,,,
,,,,,,,,,,,,,,,,,,,
,,,,,,,,,,,,,,,,,,,
,,,,,,,,,,,,,,,,,,,
,,,,,,,,,,,,,,,,,,,
,,,,,,,,,,,,,,,,,,,
,,,,,,,,,,,,,,,,,,,
,,,,,,,,,,,,,,,,,,,
,,,,,,,,,,,,,,,,,,,
,,,,,,,,,,,,,,,,,,,
,,,,,,,,,,,,,,,,,,,
,,,,,,,,,,,,,,,,,,,
,,,,,,,,,,,,,,,,,,,
,,,,,,,,,,,,,,,,,,,
,,,,,,,,,,,,,,,,,,,
,,,,,,,,,,,,,,,,,,,
,,,,,,,,,,,,,,,,,,,
,,,,,,,,,,,,,,,,,,,
,,,,,,,,,,,,,,,,,,,
,,,,,,,,,,,,,,,,,,,
,,,,,,,,,,,,,,,,,,,
,,,,,,,,,,,,,,,,,,,
,,,,,,,,,,,,,,,,,,,
,,,,,,,,,,,,,,,,,,,
,,,,,,,,,,,,,,,,,,,
,,,,,,,,,,,,,,,,,,,
,,,,,,,,,,,,,,,,,,,
,,,,,,,,,,,,,,,,,,,
,,,,,,,,,,,,,,,,,,,
,,,,,,,,,,,,,,,,,,,
,,,,,,,,,,,,,,,,,,,
,,,,,,,,,,,,,,,,,,,
,,,,,,,,,,,,,,,,,,,
,,,,,,,,,,,,,,,,,,,
,,,,,,,,,,,,,,,,,,,
,,,,,,,,,,,,,,,,,,,
,,,,,,,,,,,,,,,,,,,
,,,,,,,,,,,,,,,,,,,
,,,,,,,,,,,,,,,,,,,
,,,,,,,,,,,,,,,,,,,
,,,,,,,,,,,,,,,,,,,
,,,,,,,,,,,,,,,,,,,
,,,,,,,,,,,,,,,,,,,
,,,,,,,,,,,,,,,,,,,
,,,,,,,,,,,,,,,,,,,
,,,,,,,,,,,,,,,,,,,
,,,,,,,,,,,,,,,,,,,
,,,,,,,,,,,,,,,,,,,
,,,,,,,,,,,,,,,,,,,
,,,,,,,,,,,,,,,,,,,
,,,,,,,,,,,,,,,,,,,
,,,,,,,,,,,,,,,,,,,
,,,,,,,,,,,,,,,,,,,
,,,,,,,,,,,,,,,,,,,
,,,,,,,,,,,,,,,,,,,
,,,,,,,,,,,,,,,,,,,
,,,,,,,,,,,,,,,,,,,
,,,,,,,,,,,,,,,,,,,
,,,,,,,,,,,,,,,,,,,
,,,,,,,,,,,,,,,,,,,
,,,,,,,,,,,,,,,,,,,
,,,,,,,,,,,,,,,,,,,
,,,,,,,,,,,,,,,,,,,
,,,,,,,,,,,,,,,,,,,
,,,,,,,,,,,,,,,,,,,
,,,,,,,,,,,,,,,,,,,
,,,,,,,,,,,,,,,,,,,
,,,,,,,,,,,,,,,,,,,
,,,,,,,,,,,,,,,,,,,
,,,,,,,,,,,,,,,,,,,
,,,,,,,,,,,,,,,,,,,
,,,,,,,,,,,,,,,,,,,
,,,,,,,,,,,,,,,,,,,
,,,,,,,,,,,,,,,,,,,
,,,,,,,,,,,,,,,,,,,
,,,,,,,,,,,,,,,,,,,
,,,,,,,,,,,,,,,,,,,
,,,,,,,,,,,,,,,,,,,
,,,,,,,,,,,,,,,,,,,
,,,,,,,,,,,,,,,,,,,
,,,,,,,,,,,,,,,,,,,
,,,,,,,,,,,,,,,,,,,
,,,,,,,,,,,,,,,,,,,
,,,,,,,,,,,,,,,,,,,
,,,,,,,,,,,,,,,,,,,
,,,,,,,,,,,,,,,,,,,
,,,,,,,,,,,,,,,,,,,
,,,,,,,,,,,,,,,,,,,
,,,,,,,,,,,,,,,,,,,
,,,,,,,,,,,,,,,,,,,
,,,,,,,,,,,,,,,,,,,
,,,,,,,,,,,,,,,,,,,
,,,,,,,,,,,,,,,,,,,
,,,,,,,,,,,,,,,,,,,
,,,,,,,,,,,,,,,,,,,
,,,,,,,,,,,,,,,,,,,
,,,,,,,,,,,,,,,,,,,
,,,,,,,,,,,,,,,,,,,
,,,,,,,,,,,,,,,,,,,
,,,,,,,,,,,,,,,,,,,
,,,,,,,,,,,,,,,,,,,
,,,,,,,,,,,,,,,,,,,
,,,,,,,,,,,,,,,,,,,
,,,,,,,,,,,,,,,,,,,
,,,,,,,,,,,,,,,,,,,
,,,,,,,,,,,,,,,,,,,
,,,,,,,,,,,,,,,,,,,
,,,,,,,,,,,,,,,,,,,
,,,,,,,,,,,,,,,,,,,
,,,,,,,,,,,,,,,,,,,
,,,,,,,,,,,,,,,,,,,
,,,,,,,,,,,,,,,,,,,
,,,,,,,,,,,,,,,,,,,
,,,,,,,,,,,,,,,,,,,
,,,,,,,,,,,,,,,,,,,
,,,,,,,,,,,,,,,,,,,
,,,,,,,,,,,,,,,,,,,
,,,,,,,,,,,,,,,,,,,
,,,,,,,,,,,,,,,,,,,
,,,,,,,,,,,,,,,,,,,
,,,,,,,,,,,,,,,,,,,
,,,,,,,,,,,,,,,,,,,
,,,,,,,,,,,,,,,,,,,
,,,,,,,,,,,,,,,,,,,
,,,,,,,,,,,,,,,,,,,
,,,,,,,,,,,,,,,,,,,
,,,,,,,,,,,,,,,,,,,
,,,,,,,,,,,,,,,,,,,
,,,,,,,,,,,,,,,,,,,
,,,,,,,,,,,,,,,,,,,
,,,,,,,,,,,,,,,,,,,
,,,,,,,,,,,,,,,,,,,
,,,,,,,,,,,,,,,,,,,
,,,,,,,,,,,,,,,,,,,
,,,,,,,,,,,,,,,,,,,
,,,,,,,,,,,,,,,,,,,
,,,,,,,,,,,,,,,,,,,
,,,,,,,,,,,,,,,,,,,
,,,,,,,,,,,,,,,,,,,
,,,,,,,,,,,,,,,,,,,
,,,,,,,,,,,,,,,,,,,
,,,,,,,,,,,,,,,,,,,
,,,,,,,,,,,,,,,,,,,
,,,,,,,,,,,,,,,,,,,
,,,,,,,,,,,,,,,,,,,
,,,,,,,,,,,,,,,,,,,
,,,,,,,,,,,,,,,,,,,
,,,,,,,,,,,,,,,,,,,
,,,,,,,,,,,,,,,,,,,
,,,,,,,,,,,,,,,,,,,
,,,,,,,,,,,,,,,,,,,
,,,,,,,,,,,,,,,,,,,
,,,,,,,,,,,,,,,,,,,
,,,,,,,,,,,,,,,,,,,
,,,,,,,,,,,,,,,,,,,
,,,,,,,,,,,,,,,,,,,
,,,,,,,,,,,,,,,,,,,
,,,,,,,,,,,,,,,,,,,
,,,,,,,,,,,,,,,,,,,
,,,,,,,,,,,,,,,,,,,
,,,,,,,,,,,,,,,,,,,
,,,,,,,,,,,,,,,,,,,
,,,,,,,,,,,,,,,,,,,
,,,,,,,,,,,,,,,,,,,
,,,,,,,,,,,,,,,,,,,
,,,,,,,,,,,,,,,,,,,
,,,,,,,,,,,,,,,,,,,
,,,,,,,,,,,,,,,,,,,
,,,,,,,,,,,,,,,,,,,
,,,,,,,,,,,,,,,,,,,
,,,,,,,,,,,,,,,,,,,
,,,,,,,,,,,,,,,,,,,
,,,,,,,,,,,,,,,,,,,
,,,,,,,,,,,,,,,,,,,
,,,,,,,,,,,,,,,,,,,
,,,,,,,,,,,,,,,,,,,
,,,,,,,,,,,,,,,,,,,
,,,,,,,,,,,,,,,,,,,
,,,,,,,,,,,,,,,,,,,
,,,,,,,,,,,,,,,,,,,
,,,,,,,,,,,,,,,,,,,
,,,,,,,,,,,,,,,,,,,
,,,,,,,,,,,,,,,,,,,
,,,,,,,,,,,,,,,,,,,
,,,,,,,,,,,,,,,,,,,
,,,,,,,,,,,,,,,,,,,
,,,,,,,,,,,,,,,,,,,
,,,,,,,,,,,,,,,,,,,
,,,,,,,,,,,,,,,,,,,
,,,,,,,,,,,,,,,,,,,
,,,,,,,,,,,,,,,,,,,
,,,,,,,,,,,,,,,,,,,
,,,,,,,,,,,,,,,,,,,
,,,,,,,,,,,,,,,,,,,
,,,,,,,,,,,,,,,,,,,
,,,,,,,,,,,,,,,,,,,
,,,,,,,,,,,,,,,,,,,
,,,,,,,,,,,,,,,,,,,
,,,,,,,,,,,,,,,,,,,
,,,,,,,,,,,,,,,,,,,
,,,,,,,,,,,,,,,,,,,
,,,,,,,,,,,,,,,,,,,
,,,,,,,,,,,,,,,,,,,
,,,,,,,,,,,,,,,,,,,
,,,,,,,,,,,,,,,,,,,
,,,,,,,,,,,,,,,,,,,
,,,,,,,,,,,,,,,,,,,
,,,,,,,,,,,,,,,,,,,
,,,,,,,,,,,,,,,,,,,
,,,,,,,,,,,,,,,,,,,
,,,,,,,,,,,,,,,,,,,
,,,,,,,,,,,,,,,,,,,
,,,,,,,,,,,,,,,,,,,
,,,,,,,,,,,,,,,,,,,
,,,,,,,,,,,,,,,,,,,
,,,,,,,,,,,,,,,,,,,
,,,,,,,,,,,,,,,,,,,
,,,,,,,,,,,,,,,,,,,
,,,,,,,,,,,,,,,,,,,
,,,,,,,,,,,,,,,,,,,
,,,,,,,,,,,,,,,,,,,
,,,,,,,,,,,,,,,,,,,
,,,,,,,,,,,,,,,,,,,
,,,,,,,,,,,,,,,,,,,
,,,,,,,,,,,,,,,,,,,
,,,,,,,,,,,,,,,,,,,
,,,,,,,,,,,,,,,,,,,
,,,,,,,,,,,,,,,,,,,
,,,,,,,,,,,,,,,,,,,
,,,,,,,,,,,,,,,,,,,
,,,,,,,,,,,,,,,,,,,
,,,,,,,,,,,,,,,,,,,
,,,,,,,,,,,,,,,,,,,
,,,,,,,,,,,,,,,,,,,
,,,,,,,,,,,,,,,,,,,
,,,,,,,,,,,,,,,,,,,
,,,,,,,,,,,,,,,,,,,
,,,,,,,,,,,,,,,,,,,
,,,,,,,,,,,,,,,,,,,
,,,,,,,,,,,,,,,,,,,
,,,,,,,,,,,,,,,,,,,
,,,,,,,,,,,,,,,,,,,
,,,,,,,,,,,,,,,,,,,
,,,,,,,,,,,,,,,,,,,
,,,,,,,,,,,,,,,,,,,
,,,,,,,,,,,,,,,,,,,
,,,,,,,,,,,,,,,,,,,
,,,,,,,,,,,,,,,,,,,
,,,,,,,,,,,,,,,,,,,
,,,,,,,,,,,,,,,,,,,
,,,,,,,,,,,,,,,,,,,
,,,,,,,,,,,,,,,,,,,
,,,,,,,,,,,,,,,,,,,
,,,,,,,,,,,,,,,,,,,
,,,,,,,,,,,,,,,,,,,
,,,,,,,,,,,,,,,,,,,
,,,,,,,,,,,,,,,,,,,
,,,,,,,,,,,,,,,,,,,
,,,,,,,,,,,,,,,,,,,
,,,,,,,,,,,,,,,,,,,
,,,,,,,,,,,,,,,,,,,
,,,,,,,,,,,,,,,,,,,
,,,,,,,,,,,,,,,,,,,
,,,,,,,,,,,,,,,,,,,
,,,,,,,,,,,,,,,,,,,
,,,,,,,,,,,,,,,,,,,
,,,,,,,,,,,,,,,,,,,
,,,,,,,,,,,,,,,,,,,
,,,,,,,,,,,,,,,,,,,
,,,,,,,,,,,,,,,,,,,
,,,,,,,,,,,,,,,,,,,
,,,,,,,,,,,,,,,,,,,
,,,,,,,,,,,,,,,,,,,
,,,,,,,,,,,,,,,,,,,
,,,,,,,,,,,,,,,,,,,
,,,,,,,,,,,,,,,,,,,
,,,,,,,,,,,,,,,,,,,
,,,,,,,,,,,,,,,,,,,
,,,,,,,,,,,,,,,,,,,
,,,,,,,,,,,,,,,,,,,
,,,,,,,,,,,,,,,,,,,
,,,,,,,,,,,,,,,,,,,
,,,,,,,,,,,,,,,,,,,
,,,,,,,,,,,,,,,,,,,
,,,,,,,,,,,,,,,,,,,
,,,,,,,,,,,,,,,,,,,
,,,,,,,,,,,,,,,,,,,
,,,,,,,,,,,,,,,,,,,
,,,,,,,,,,,,,,,,,,,
,,,,,,,,,,,,,,,,,,,
,,,,,,,,,,,,,,,,,,,
,,,,,,,,,,,,,,,,,,,
,,,,,,,,,,,,,,,,,,,
,,,,,,,,,,,,,,,,,,,
,,,,,,,,,,,,,,,,,,,
,,,,,,,,,,,,,,,,,,,
,,,,,,,,,,,,,,,,,,,
,,,,,,,,,,,,,,,,,,,
,,,,,,,,,,,,,,,,,,,
,,,,,,,,,,,,,,,,,,,
,,,,,,,,,,,,,,,,,,,
,,,,,,,,,,,,,,,,,,,
,,,,,,,,,,,,,,,,,,,
,,,,,,,,,,,,,,,,,,,
,,,,,,,,,,,,,,,,,,,
,,,,,,,,,,,,,,,,,,,
,,,,,,,,,,,,,,,,,,,
,,,,,,,,,,,,,,,,,,,
,,,,,,,,,,,,,,,,,,,
,,,,,,,,,,,,,,,,,,,
,,,,,,,,,,,,,,,,,,,
,,,,,,,,,,,,,,,,,,,
,,,,,,,,,,,,,,,,,,,
,,,,,,,,,,,,,,,,,,,
,,,,,,,,,,,,,,,,,,,
,,,,,,,,,,,,,,,,,,,
,,,,,,,,,,,,,,,,,,,
,,,,,,,,,,,,,,,,,,,
,,,,,,,,,,,,,,,,,,,
,,,,,,,,,,,,,,,,,,,
,,,,,,,,,,,,,,,,,,,
,,,,,,,,,,,,,,,,,,,
,,,,,,,,,,,,,,,,,,,
,,,,,,,,,,,,,,,,,,,
,,,,,,,,,,,,,,,,,,,
,,,,,,,,,,,,,,,,,,,
,,,,,,,,,,,,,,,,,,,
,,,,,,,,,,,,,,,,,,,
,,,,,,,,,,,,,,,,,,,
,,,,,,,,,,,,,,,,,,,
,,,,,,,,,,,,,,,,,,,
,,,,,,,,,,,,,,,,,,,
,,,,,,,,,,,,,,,,,,,
,,,,,,,,,,,,,,,,,,,
,,,,,,,,,,,,,,,,,,,
,,,,,,,,,,,,,,,,,,,
,,,,,,,,,,,,,,,,,,,
,,,,,,,,,,,,,,,,,,,
,,,,,,,,,,,,,,,,,,,
,,,,,,,,,,,,,,,,,,,
,,,,,,,,,,,,,,,,,,,
,,,,,,,,,,,,,,,,,,,
,,,,,,,,,,,,,,,,,,,
,,,,,,,,,,,,,,,,,,,
,,,,,,,,,,,,,,,,,,,
,,,,,,,,,,,,,,,,,,,
,,,,,,,,,,,,,,,,,,,
,,,,,,,,,,,,,,,,,,,
,,,,,,,,,,,,,,,,,,,
,,,,,,,,,,,,,,,,,,,
,,,,,,,,,,,,,,,,,,,
,,,,,,,,,,,,,,,,,,,
,,,,,,,,,,,,,,,,,,,
,,,,,,,,,,,,,,,,,,,
,,,,,,,,,,,,,,,,,,,
,,,,,,,,,,,,,,,,,,,
,,,,,,,,,,,,,,,,,,,
,,,,,,,,,,,,,,,,,,,
,,,,,,,,,,,,,,,,,,,
,,,,,,,,,,,,,,,,,,,
,,,,,,,,,,,,,,,,,,,
,,,,,,,,,,,,,,,,,,,
,,,,,,,,,,,,,,,,,,,
,,,,,,,,,,,,,,,,,,,
,,,,,,,,,,,,,,,,,,,
,,,,,,,,,,,,,,,,,,,
,,,,,,,,,,,,,,,,,,,
,,,,,,,,,,,,,,,,,,,
,,,,,,,,,,,,,,,,,,,
,,,,,,,,,,,,,,,,,,,
,,,,,,,,,,,,,,,,,,,
,,,,,,,,,,,,,,,,,,,
,,,,,,,,,,,,,,,,,,,
,,,,,,,,,,,,,,,,,,,
,,,,,,,,,,,,,,,,,,,
,,,,,,,,,,,,,,,,,,,
,,,,,,,,,,,,,,,,,,,
,,,,,,,,,,,,,,,,,,,
,,,,,,,,,,,,,,,,,,,
,,,,,,,,,,,,,,,,,,,
,,,,,,,,,,,,,,,,,,,
,,,,,,,,,,,,,,,,,,,
,,,,,,,,,,,,,,,,,,,
,,,,,,,,,,,,,,,,,,,
,,,,,,,,,,,,,,,,,,,
,,,,,,,,,,,,,,,,,,,
,,,,,,,,,,,,,,,,,,,
,,,,,,,,,,,,,,,,,,,
,,,,,,,,,,,,,,,,,,,
,,,,,,,,,,,,,,,,,,,
,,,,,,,,,,,,,,,,,,,
,,,,,,,,,,,,,,,,,,,
,,,,,,,,,,,,,,,,,,,
,,,,,,,,,,,,,,,,,,,
,,,,,,,,,,,,,,,,,,,
,,,,,,,,,,,,,,,,,,,
,,,,,,,,,,,,,,,,,,,
,,,,,,,,,,,,,,,,,,,
,,,,,,,,,,,,,,,,,,,
,,,,,,,,,,,,,,,,,,,
,,,,,,,,,,,,,,,,,,,
,,,,,,,,,,,,,,,,,,,
,,,,,,,,,,,,,,,,,,,
,,,,,,,,,,,,,,,,,,,
,,,,,,,,,,,,,,,,,,,
,,,,,,,,,,,,,,,,,,,
,,,,,,,,,,,,,,,,,,,
,,,,,,,,,,,,,,,,,,,
,,,,,,,,,,,,,,,,,,,
,,,,,,,,,,,,,,,,,,,
,,,,,,,,,,,,,,,,,,,
,,,,,,,,,,,,,,,,,,,
,,,,,,,,,,,,,,,,,,,
,,,,,,,,,,,,,,,,,,,
,,,,,,,,,,,,,,,,,,,
,,,,,,,,,,,,,,,,,,,
,,,,,,,,,,,,,,,,,,,
,,,,,,,,,,,,,,,,,,,
,,,,,,,,,,,,,,,,,,,
,,,,,,,,,,,,,,,,,,,
,,,,,,,,,,,,,,,,,,,
,,,,,,,,,,,,,,,,,,,
,,,,,,,,,,,,,,,,,,,
,,,,,,,,,,,,,,,,,,,
,,,,,,,,,,,,,,,,,,,
,,,,,,,,,,,,,,,,,,,
,,,,,,,,,,,,,,,,,,,
,,,,,,,,,,,,,,,,,,,
,,,,,,,,,,,,,,,,,,,
,,,,,,,,,,,,,,,,,,,
,,,,,,,,,,,,,,,,,,,
,,,,,,,,,,,,,,,,,,,
,,,,,,,,,,,,,,,,,,,
,,,,,,,,,,,,,,,,,,,
,,,,,,,,,,,,,,,,,,,
,,,,,,,,,,,,,,,,,,,
,,,,,,,,,,,,,,,,,,,
,,,,,,,,,,,,,,,,,,,
,,,,,,,,,,,,,,,,,,,
,,,,,,,,,,,,,,,,,,,
,,,,,,,,,,,,,,,,,,,
,,,,,,,,,,,,,,,,,,,
,,,,,,,,,,,,,,,,,,,
,,,,,,,,,,,,,,,,,,,
,,,,,,,,,,,,,,,,,,,
,,,,,,,,,,,,,,,,,,,
,,,,,,,,,,,,,,,,,,,
,,,,,,,,,,,,,,,,,,,
,,,,,,,,,,,,,,,,,,,
,,,,,,,,,,,,,,,,,,,
,,,,,,,,,,,,,,,,,,,
,,,,,,,,,,,,,,,,,,,
,,,,,,,,,,,,,,,,,,,
,,,,,,,,,,,,,,,,,,,
,,,,,,,,,,,,,,,,,,,
,,,,,,,,,,,,,,,,,,,
,,,,,,,,,,,,,,,,,,,
,,,,,,,,,,,,,,,,,,,
,,,,,,,,,,,,,,,,,,,
,,,,,,,,,,,,,,,,,,,
,,,,,,,,,,,,,,,,,,,
,,,,,,,,,,,,,,,,,,,
,,,,,,,,,,,,,,,,,,,
,,,,,,,,,,,,,,,,,,,
,,,,,,,,,,,,,,,,,,,
,,,,,,,,,,,,,,,,,,,
,,,,,,,,,,,,,,,,,,,
,,,,,,,,,,,,,,,,,,,
,,,,,,,,,,,,,,,,,,,
,,,,,,,,,,,,,,,,,,,
,,,,,,,,,,,,,,,,,,,
,,,,,,,,,,,,,,,,,,,
,,,,,,,,,,,,,,,,,,,
,,,,,,,,,,,,,,,,,,,
,,,,,,,,,,,,,,,,,,,
,,,,,,,,,,,,,,,,,,,
,,,,,,,,,,,,,,,,,,,
,,,,,,,,,,,,,,,,,,,
,,,,,,,,,,,,,,,,,,,
,,,,,,,,,,,,,,,,,,,
,,,,,,,,,,,,,,,,,,,
,,,,,,,,,,,,,,,,,,,
,,,,,,,,,,,,,,,,,,,
,,,,,,,,,,,,,,,,,,,
,,,,,,,,,,,,,,,,,,,
,,,,,,,,,,,,,,,,,,,
,,,,,,,,,,,,,,,,,,,